store,category,mid_category,product_id,name,price,discount,url
Spar,sadje in zelenjava,sveza zelenjava,438826,"ŠPINAČA SPAR, 500G; Sveža, očiščena, oprana špinača.","1,99 €",,https://www.spar.si/online/spinaca-spar-500g/p/438826
Spar,sadje in zelenjava,sveza zelenjava,492054,"ŠAMPINJONI SPAR, 500G","2,49 €",,https://www.spar.si/online/sampinjoni-spar-500g/p/492054
Spar,sadje in zelenjava,sveza zelenjava,503052,"KROMPIR ZA PEČENJE SPAR, 2,5KG","3,49 €",,https://www.spar.si/online/krompir-za-pecenje-spar-25kg/p/503052
Spar,sadje in zelenjava,sveza zelenjava,521567,"ČEBULA SPAR, 1,5KG","1,59 €",,https://www.spar.si/online/cebula-spar-15kg/p/521567
Spar,sadje in zelenjava,sveza zelenjava,481706,"KISLO ZELJE ZA SARMO, SPAR, 1KG; Naravno kisano.","2,98 €",,https://www.spar.si/online/kislo-zelje-za-sarmo-spar-1kg/p/481706
Spar,sadje in zelenjava,sveza zelenjava,521567,"ČEBULA SPAR, 1,5KG","1,59 €",,https://www.spar.si/online/cebula-spar-15kg/p/521567
Spar,sadje in zelenjava,sveza zelenjava,541242,"ČESEN SPAR, 200G","2,49 €",,https://www.spar.si/online/cesen-spar-200g/p/541242
Spar,sadje in zelenjava,sveza zelenjava,525528,"RDEČA ČEBULA, SPAR, 1 KG","1,49 €",,https://www.spar.si/online/rdeca-cebula-spar-1-kg/p/525528
Spar,sadje in zelenjava,sveza zelenjava,484994,"BIO ČESEN SPAR NATUR*PUR, 250G","3,49 €",,https://www.spar.si/online/bio-cesen-spar-naturpur-250g/p/484994
Spar,sadje in zelenjava,sveza zelenjava,483852,"BIO POR SPAR NATUR*PUR, 300G, PAKIRANO","3,19 €",,https://www.spar.si/online/bio-por-spar-naturpur-300g-pakirano/p/483852
Spar,sadje in zelenjava,sveza zelenjava,503052,"KROMPIR ZA PEČENJE SPAR, 2,5KG","3,49 €",,https://www.spar.si/online/krompir-za-pecenje-spar-25kg/p/503052
Spar,sadje in zelenjava,sveza zelenjava,434006,"KROMPIR SPAR, 3,5KG","2,99 €","REDNA CENA 4,29 €",https://www.spar.si/online/krompir-spar-35kg/p/434006
Spar,sadje in zelenjava,sveza zelenjava,503033,"KROMPIR ZA KUHANJE, SPAR, 2,5KG","3,49 €",,https://www.spar.si/online/krompir-za-kuhanje-spar-25kg/p/503033
Spar,sadje in zelenjava,sveza zelenjava,641053,"KROMPIR BELI, S-BUDGET, 5KG; Izbran in opran. Ni za saditev!","2,99 €",,https://www.spar.si/online/krompir-beli-s-budget-5kg/p/641053
Spar,sadje in zelenjava,sveza zelenjava,438752,"KROMPIR SLADKI, 1KG","1,99 €",,https://www.spar.si/online/krompir-sladki-1kg/p/438752
Spar,sadje in zelenjava,sveza zelenjava,438826,"ŠPINAČA SPAR, 500G; Sveža, očiščena, oprana špinača.","1,99 €",,https://www.spar.si/online/spinaca-spar-500g/p/438826
Spar,sadje in zelenjava,sveza zelenjava,438811,"RUKOLA SPAR, 100G; Sveža, očiščena, oprana.","1,19 €",,https://www.spar.si/online/rukola-spar-100g/p/438811
Spar,sadje in zelenjava,sveza zelenjava,438816,"SOLATA BERIVKA SPAR, 100G; Sveža, očiščena, oprana.","1,19 €",,https://www.spar.si/online/solata-berivka-spar-100g/p/438816
Spar,sadje in zelenjava,sveza zelenjava,438808,"MOTOVILEC SPAR, 100G; Svež, očiščen in opran.","1,19 €",,https://www.spar.si/online/motovilec-spar-100g/p/438808
Spar,sadje in zelenjava,sveza zelenjava,438819,"MEŠANA SOLATA SPAR, 150G; Sveža, očiščena, oprana.","0,99 €","REDNA CENA 1,29 €",https://www.spar.si/online/mesana-solata-spar-150g/p/438819
Spar,sadje in zelenjava,sveza zelenjava,512096,"KORENJE SPAR, 1KG; Očiščeno, neoprano, pripravljeno za kuhinjsko rabo.","1,49 €",,https://www.spar.si/online/korenje-spar-1kg/p/512096
Spar,sadje in zelenjava,sveza zelenjava,483849,"BIO ZELENA GOMOLJ, SPAR NATUR*PUR, 500G","2,29 €",,https://www.spar.si/online/bio-zelena-gomolj-spar-naturpur-500g/p/483849
Spar,sadje in zelenjava,sveza zelenjava,483850,"BIO PETERŠILJ KORENINA SPAR NATUR*PUR, 300G","2,59 €",,https://www.spar.si/online/bio-petersilj-korenina-spar-naturpur-300g/p/483850
Spar,sadje in zelenjava,sveza zelenjava,483848,"BIO ZELENA LIST SPAR NATUR*PUR, 350G","2,39 €",,https://www.spar.si/online/bio-zelena-list-spar-naturpur-350g/p/483848
Spar,sadje in zelenjava,sveza zelenjava,483822,"BIO KORENJE SPAR NATUR*PUR, 500G","1,59 €",,https://www.spar.si/online/bio-korenje-spar-naturpur-500g/p/483822
Spar,sadje in zelenjava,sveza zelenjava,492054,"ŠAMPINJONI SPAR, 500G","2,49 €",,https://www.spar.si/online/sampinjoni-spar-500g/p/492054
Spar,sadje in zelenjava,sveza zelenjava,492056,"ŠAMPINJONI SPAR, 250G; Sveži, očiščeni, pripravljeni za kuhinjsko uporabo.","1,59 €",,https://www.spar.si/online/sampinjoni-spar-250g/p/492056
Spar,sadje in zelenjava,sveza zelenjava,486528,"MEŠANICA SUHIH GOB Z JURČKI DESPAR, 80G; Povprečna hranilna vrednost na 100g:; Energijska vrednost :1336KJ/317kacl; Maščobe: 2,9g; od tega nasičene maščobe: 1; Ogljikovi hidrati: 43g; od tega...","3,49 €",,https://www.spar.si/online/mesanica-suhih-gob-z-jurcki-despar-80g/p/486528
Spar,sadje in zelenjava,sveza zelenjava,586799,"ŠAMPINJONI RJAVI, S-BUDGET, 500G","1,99 €",,https://www.spar.si/online/sampinjoni-rjavi-s-budget-500g/p/586799
Spar,sadje in zelenjava,sveza zelenjava,379317,"ŠAMPINJONI BELI, S BUDGET, 500G","1,79 €",,https://www.spar.si/online/sampinjoni-beli-s-budget-500g/p/379317
Spar,sadje in zelenjava,sveza zelenjava,553039,"BIO KUMARA DOLGA, SPAR NATUR*PUR, 1/1","1,99 €",,https://www.spar.si/online/bio-kumara-dolga-spar-naturpur-11/p/553039
Spar,sadje in zelenjava,sveza zelenjava,485121,"BIO BUČKE SPAR NATUR*PUR, 500G","2,49 €",,https://www.spar.si/online/bio-bucke-spar-naturpur-500g/p/485121
Spar,sadje in zelenjava,sveza zelenjava,11652,"KUMARE, 1KG","0,90 €","REDNA CENA 1,30 €",https://www.spar.si/online/kumare-1kg/p/11652
Spar,sadje in zelenjava,sveza zelenjava,48200,"BUČKE, 1KG","0,74 €","REDNA CENA 1,00 €",https://www.spar.si/online/bucke-1kg/p/48200
Spar,sadje in zelenjava,sveza zelenjava,296188,"JEDILNA BUČA HOKAIDO, 1KG","3,74 €",,https://www.spar.si/online/jedilna-buca-hokaido-1kg/p/296188
Spar,sadje in zelenjava,sveza zelenjava,481706,"KISLO ZELJE ZA SARMO, SPAR, 1KG; Naravno kisano.","2,98 €",,https://www.spar.si/online/kislo-zelje-za-sarmo-spar-1kg/p/481706
Spar,sadje in zelenjava,sveza zelenjava,547983,"KISLO ZELJE SPAR, 660G","1,79 €",,https://www.spar.si/online/kislo-zelje-spar-660g/p/547983
Spar,sadje in zelenjava,sveza zelenjava,543001,"KISLO ZELJE, SPAR, 500G","1,49 €",,https://www.spar.si/online/kislo-zelje-spar-500g/p/543001
Spar,sadje in zelenjava,sveza zelenjava,339633,"KISLO ZELJE, SPAR, 1KG","1,89 €",,https://www.spar.si/online/kislo-zelje-spar-1kg/p/339633
Spar,sadje in zelenjava,sveza zelenjava,483849,"BIO ZELENA GOMOLJ, SPAR NATUR*PUR, 500G","2,29 €",,https://www.spar.si/online/bio-zelena-gomolj-spar-naturpur-500g/p/483849
Spar,sadje in zelenjava,sveza zelenjava,508832,"PARADIŽNIK PAPELETTO, SPAR, 400G","2,49 €","REDNA CENA 3,49 €",https://www.spar.si/online/paradiznik-papeletto-spar-400g/p/508832
Spar,sadje in zelenjava,sveza zelenjava,484993,"BIO PARADIŽNIK DATERINO, SPAR NATUR*PUR, 250G","1,99 €",,https://www.spar.si/online/bio-paradiznik-daterino-spar-naturpur-250g/p/484993
Spar,sadje in zelenjava,sveza zelenjava,483820,"BIO PARADIŽNIK SPAR NATUR*PUR, 500G","3,19 €",,https://www.spar.si/online/bio-paradiznik-spar-naturpur-500g/p/483820
Spar,sadje in zelenjava,sveza zelenjava,483823,"BIO ČEŠNJEV PARADIŽNIK SPAR NATUR*PUR, 250G","1,99 €",,https://www.spar.si/online/bio-cesnjev-paradiznik-spar-naturpur-250g/p/483823
Spar,sadje in zelenjava,sveza zelenjava,483004,"BIO PAPRIKA SPAR NATUR*PUR, 400G","3,49 €",,https://www.spar.si/online/bio-paprika-spar-naturpur-400g/p/483004
Spar,sadje in zelenjava,sveza zelenjava,483897,"BIO STROČJI FIŽOL SPAR NATUR*PUR, 400G, PAKIRANO","3,99 €",,https://www.spar.si/online/bio-strocji-fizol-spar-naturpur-400g-pakirano/p/483897
Spar,sadje in zelenjava,sveza zelenjava,434887,"STROČJI FIŽOL, 500G","2,99 €",,https://www.spar.si/online/strocji-fizol-500g/p/434887
Spar,sadje in zelenjava,sveza zelenjava,645982,"JUŠNA ZELENJAVA SPAR, 500G","1,69 €",,https://www.spar.si/online/jusna-zelenjava-spar-500g/p/645982
Spar,sadje in zelenjava,sveza zelenjava,483804,"BIO INGVER SPAR NATUR*PUR, 300G","2,99 €",,https://www.spar.si/online/bio-ingver-spar-naturpur-300g/p/483804
Spar,sadje in zelenjava,sveza zelenjava,483817,"BIO JUŠNA ZELENJAVA SPAR NATUR*PUR, 500G","2,99 €",,https://www.spar.si/online/bio-jusna-zelenjava-spar-naturpur-500g/p/483817
Spar,sadje in zelenjava,sveza zelenjava,512193,"JUŠNA ZELENJAVA S-BUDGET, 400G; Očiščena, neoprana, pripravljena za kuhinjsko rabo.","1,29 €",,https://www.spar.si/online/jusna-zelenjava-s-budget-400g/p/512193
Spar,sadje in zelenjava,sveza zelenjava,291650,"ARTIČOKA, 1KG","0,70 €",,https://www.spar.si/online/articoka-1kg/p/291650
Spar,sadje in zelenjava,sveze sadje,558016,"JABOLKA GALA, 2KG, SPAR, PAKIRANO","2,99 €",,https://www.spar.si/online/jabolka-gala-2kg-spar-pakirano/p/558016
Spar,sadje in zelenjava,sveze sadje,653237,"MANGO V KOŠČKIH, SPAR, 500G; BREZ DODANIH SLADKORJEV. VSEBUJE NARAVNO PRISOTNE SLADKORJE.","3,79 €",,https://www.spar.si/online/mango-v-kosckih-spar-500g/p/653237
Spar,sadje in zelenjava,sveze sadje,568097,"BIO BANANE, SPAR NATUR*PUR, 1KG, (NEPAKIRANO)","1,00 €",,https://www.spar.si/online/bio-banane-spar-naturpur-1kg-nepakirano/p/568097
Spar,sadje in zelenjava,sveze sadje,484992,"BIO AVOKADO SPAR NATUR*PUR, 300G","3,99 €",,https://www.spar.si/online/bio-avokado-spar-naturpur-300g/p/484992
Spar,sadje in zelenjava,sveze sadje,660316,"BIO BOROVNICE, SPAR NATUR*PUR, 125G","2,49 €",,https://www.spar.si/online/bio-borovnice-spar-naturpur-125g/p/660316
Spar,sadje in zelenjava,sveze sadje,558016,"JABOLKA GALA, 2KG, SPAR, PAKIRANO","2,99 €",,https://www.spar.si/online/jabolka-gala-2kg-spar-pakirano/p/558016
Spar,sadje in zelenjava,sveze sadje,653237,"MANGO V KOŠČKIH, SPAR, 500G; BREZ DODANIH SLADKORJEV. VSEBUJE NARAVNO PRISOTNE SLADKORJE.","3,79 €",,https://www.spar.si/online/mango-v-kosckih-spar-500g/p/653237
Spar,sadje in zelenjava,sveze sadje,484735,"BIO RDEČA JABOLKA SPAR NATUR*PUR, 600G","1,99 €",,https://www.spar.si/online/bio-rdeca-jabolka-spar-naturpur-600g/p/484735
Spar,sadje in zelenjava,sveze sadje,483799,"BIO HRUŠKE SPAR NATUR*PUR, 500G","2,49 €",,https://www.spar.si/online/bio-hruske-spar-naturpur-500g/p/483799
Spar,sadje in zelenjava,sveze sadje,356990,"JABOLKA ZELENA, S-BUDGET, 2KG","1,99 €",,https://www.spar.si/online/jabolka-zelena-s-budget-2kg/p/356990
Spar,sadje in zelenjava,sveze sadje,568097,"BIO BANANE, SPAR NATUR*PUR, 1KG, (NEPAKIRANO)","1,00 €",,https://www.spar.si/online/bio-banane-spar-naturpur-1kg-nepakirano/p/568097
Spar,sadje in zelenjava,sveze sadje,11638,"BANANE, 1KG; Banane so bogat vir vitaminov in mineralov. Ker vsebujejo veliko kalija in so še posebej priporočljive za tiste, ki jih pesti pomanjkanje energije, visok krvni ...","0,70 €",,https://www.spar.si/online/banane-1kg/p/11638
Spar,sadje in zelenjava,sveze sadje,482801,"BIO POMARANČE SPAR NATUR*PUR, 1KG","2,69 €",,https://www.spar.si/online/bio-pomarance-spar-naturpur-1kg/p/482801
Spar,sadje in zelenjava,sveze sadje,482802,"BIO LIMONE SPAR NATUR*PUR, 500G","1,49 €",,https://www.spar.si/online/bio-limone-spar-naturpur-500g/p/482802
Spar,sadje in zelenjava,sveze sadje,443890,"LIMONE, S-BUDGET, 500G, PAKIRANO","0,99 €",,https://www.spar.si/online/limone-s-budget-500g-pakirano/p/443890
Spar,sadje in zelenjava,sveze sadje,484246,"POMARANČE NATALIA, 1KG","1,04 €","REDNA CENA 1,39 €",https://www.spar.si/online/pomarance-natalia-1kg/p/484246
Spar,sadje in zelenjava,sveze sadje,215164,"LIMETA, 1KG","1,05 €",,https://www.spar.si/online/limeta-1kg/p/215164
Spar,sadje in zelenjava,sveze sadje,436055,"GROZDJE RDEČE NAMIZNO, BREZ PEŠK, 500G","2,49 €",,https://www.spar.si/online/grozdje-rdece-namizno-brez-pesk-500g/p/436055
Spar,sadje in zelenjava,sveze sadje,304714,"GROZDJE BELO NAMIZNO, BREZ PEŠK, 500G","2,99 €",,https://www.spar.si/online/grozdje-belo-namizno-brez-pesk-500g/p/304714
Spar,sadje in zelenjava,sveze sadje,523177,"BIO MANGO SPAR NATUR*PUR, 400G","3,99 €",,https://www.spar.si/online/bio-mango-spar-naturpur-400g/p/523177
Spar,sadje in zelenjava,sveze sadje,339362,"PASIJONKA, 200G, PAKIRANO","3,49 €",,https://www.spar.si/online/pasijonka-200g-pakirano/p/339362
Spar,sadje in zelenjava,sveze sadje,339422,"RDEČA PITAJA, 300G, PAKIRANO","4,99 €",,https://www.spar.si/online/rdeca-pitaja-300g-pakirano/p/339422
Spar,sadje in zelenjava,sveze sadje,51482,"MANGO, 1KG","1,99 €",,https://www.spar.si/online/mango-1kg/p/51482
Spar,sadje in zelenjava,sveze sadje,51483,"PAPAJA, 1KG","2,10 €",,https://www.spar.si/online/papaja-1kg/p/51483
Spar,sadje in zelenjava,sveze sadje,484992,"BIO AVOKADO SPAR NATUR*PUR, 300G","3,99 €",,https://www.spar.si/online/bio-avokado-spar-naturpur-300g/p/484992
Spar,sadje in zelenjava,sveze sadje,660316,"BIO BOROVNICE, SPAR NATUR*PUR, 125G","2,49 €",,https://www.spar.si/online/bio-borovnice-spar-naturpur-125g/p/660316
Spar,sadje in zelenjava,sveze sadje,483821,"BIO KIVI SPAR NATUR*PUR, 500G","2,79 €",,https://www.spar.si/online/bio-kivi-spar-naturpur-500g/p/483821
Spar,sadje in zelenjava,sveze sadje,643857,"JAGODE, SPAR PREMIUM, 400G, PAKIRANO","3,99 €",,https://www.spar.si/online/jagode-spar-premium-400g-pakirano/p/643857
Spar,sadje in zelenjava,sveze sadje,317843,"REZAN ANANAS, SPAR TO GO, 1KG; Pri sadnih solatah SPAR TO GO lahko izbirate med raznovrstnim že narezanim sadjem v različnih kombinacijah.","2,85 €",,https://www.spar.si/online/rezan-ananas-spar-to-go-1kg/p/317843
Spar,sadje in zelenjava,suho sadje in orescki,200489,"LEŠNIKI JEDRCA, SPAR, 200G; Lešniki jedrca.","2,99 €",,https://www.spar.si/online/lesniki-jedrca-spar-200g/p/200489
Spar,sadje in zelenjava,suho sadje in orescki,553078,"KANDIRANE ČEŠNJE SPAR, 100G; Kandirane češnje.","1,49 €",,https://www.spar.si/online/kandirane-cesnje-spar-100g/p/553078
Spar,sadje in zelenjava,suho sadje in orescki,340799,"MLETI OREHI, SPAR, 200G","1,79 €","REDNA CENA 1,99 €",https://www.spar.si/online/mleti-orehi-spar-200g/p/340799
Spar,sadje in zelenjava,suho sadje in orescki,274032,"NASTRGANI MANDLJI SPAR, 200G; Povprečna hranilna vrednost na 100g:; Energijska vrednost 619kJ/2557kcal; Maščobe 53g; od tega nasičene maščobe 4,5g; Ogljikovi hidrati 5,7g; od tega ...","2,39 €",,https://www.spar.si/online/nastrgani-mandlji-spar-200g/p/274032
Spar,sadje in zelenjava,suho sadje in orescki,200479,"KOKOS MOKA, SPAR, 200G","1,39 €",,https://www.spar.si/online/kokos-moka-spar-200g/p/200479
Spar,sadje in zelenjava,suho sadje in orescki,553078,"KANDIRANE ČEŠNJE SPAR, 100G; Kandirane češnje.","1,49 €",,https://www.spar.si/online/kandirane-cesnje-spar-100g/p/553078
Spar,sadje in zelenjava,suho sadje in orescki,200479,"KOKOS MOKA, SPAR, 200G","1,39 €",,https://www.spar.si/online/kokos-moka-spar-200g/p/200479
Spar,sadje in zelenjava,suho sadje in orescki,200222,"SUHE ROZINE, SPAR, 200G","0,95 €",,https://www.spar.si/online/suhe-rozine-spar-200g/p/200222
Spar,sadje in zelenjava,suho sadje in orescki,305976,"ZLATE ROZINE, SPAR, 200G; Zlate rozine.","1,49 €",,https://www.spar.si/online/zlate-rozine-spar-200g/p/305976
Spar,sadje in zelenjava,suho sadje in orescki,648072,"SUHE SLIVE BREZ KOŠČIC, BREZ KONZERVANSOV, SPAR, 200 G","2,09 €",,https://www.spar.si/online/suhe-slive-brez-koscic-brez-konzervansov-spar-200-g/p/648072
Spar,sadje in zelenjava,suho sadje in orescki,341583,"ŠTUDENTSKA HRANA, ÜLTJE, 200G","3,56 €","REDNA CENA 4,19 €",https://www.spar.si/online/studentska-hrana-ltje-200g/p/341583
Spar,sadje in zelenjava,suho sadje in orescki,368827,"ARAŠIDI PRAŽENI IN NESOLJENI, ÜLTJE, 200G","2,28 €","REDNA CENA 2,69 €",https://www.spar.si/online/arasidi-prazeni-in-nesoljeni-ltje-200g/p/368827
Spar,sadje in zelenjava,suho sadje in orescki,353947,"PISTACIJA SOLJENA, ÜLTJE, 150G","4,99 €",,https://www.spar.si/online/pistacija-soljena-ltje-150g/p/353947
Spar,sadje in zelenjava,suho sadje in orescki,200489,"LEŠNIKI JEDRCA, SPAR, 200G; Lešniki jedrca.","2,99 €",,https://www.spar.si/online/lesniki-jedrca-spar-200g/p/200489
Spar,sadje in zelenjava,suho sadje in orescki,340799,"MLETI OREHI, SPAR, 200G","1,79 €","REDNA CENA 1,99 €",https://www.spar.si/online/mleti-orehi-spar-200g/p/340799
Spar,sadje in zelenjava,strocnice in semena,658400,"BIO ČIČERIKA, SPAR NATUR*PUR, 500G; Čičerika je idealna za pripravo humusa, enolončnic ali kot hrustljava sestavina solat.","2,49 €",,https://www.spar.si/online/bio-cicerika-spar-naturpur-500g/p/658400
Spar,sadje in zelenjava,strocnice in semena,658401,"BIO FIŽOL MUNGO, SPAR NATUR*PUR, 500G","2,49 €",,https://www.spar.si/online/bio-fizol-mungo-spar-naturpur-500g/p/658401
Spar,sadje in zelenjava,strocnice in semena,446076,"BIO SEZAMOVO SEME SPAR NATUR*PUR, 250G; Neoluščeno. Iz ekološke pridelave.","1,39 €",,https://www.spar.si/online/bio-sezamovo-seme-spar-naturpur-250g/p/446076
Spar,sadje in zelenjava,strocnice in semena,311753,"BIO BUČNA SEMENA SPAR NATUR*PUR, 200G","2,99 €",,https://www.spar.si/online/bio-bucna-semena-spar-naturpur-200g/p/311753
Spar,sadje in zelenjava,strocnice in semena,658399,"BIO BELUGA LEČA, SPAR NATUR*PUR, 500G","2,99 €",,https://www.spar.si/online/bio-beluga-leca-spar-naturpur-500g/p/658399
Spar,sadje in zelenjava,strocnice in semena,658400,"BIO ČIČERIKA, SPAR NATUR*PUR, 500G; Čičerika je idealna za pripravo humusa, enolončnic ali kot hrustljava sestavina solat.","2,49 €",,https://www.spar.si/online/bio-cicerika-spar-naturpur-500g/p/658400
Spar,sadje in zelenjava,strocnice in semena,658401,"BIO FIŽOL MUNGO, SPAR NATUR*PUR, 500G","2,49 €",,https://www.spar.si/online/bio-fizol-mungo-spar-naturpur-500g/p/658401
Spar,sadje in zelenjava,strocnice in semena,658399,"BIO BELUGA LEČA, SPAR NATUR*PUR, 500G","2,99 €",,https://www.spar.si/online/bio-beluga-leca-spar-naturpur-500g/p/658399
Spar,sadje in zelenjava,strocnice in semena,153596,"POSUŠENA ČIČERIKA, DESPAR, 500G; Povprečna hranilna vrednost na 100g:; - Energijska vrednost: 1479 kJ/ 351 kcal; - Maščobe: 5,5g; - Od tega nasičene maščobe: 0,8g; - Ogljikovi hidrati: ...","1,69 €",,https://www.spar.si/online/posusena-cicerika-despar-500g/p/153596
Spar,sadje in zelenjava,strocnice in semena,147364,"FIŽOL CANNELLINI DESPAR, 500G; Povprečna hranilna vrednost na 100g:; - Energijska vrednost: 1336 kJ/ 317 kcal; - Maščobe: 1,7g; - Od tega nasičene maščobe: 0,4g; - Ogljikovi hidrati: ...","1,99 €",,https://www.spar.si/online/fizol-cannellini-despar-500g/p/147364
Spar,sadje in zelenjava,strocnice in semena,446076,"BIO SEZAMOVO SEME SPAR NATUR*PUR, 250G; Neoluščeno. Iz ekološke pridelave.","1,39 €",,https://www.spar.si/online/bio-sezamovo-seme-spar-naturpur-250g/p/446076
Spar,sadje in zelenjava,strocnice in semena,311753,"BIO BUČNA SEMENA SPAR NATUR*PUR, 200G","2,99 €",,https://www.spar.si/online/bio-bucna-semena-spar-naturpur-200g/p/311753
Spar,sadje in zelenjava,strocnice in semena,565643,"BIO LANENA SEMENA DROBLJENA, SPAR NATUR*PUR, 350G","2,39 €",,https://www.spar.si/online/bio-lanena-semena-drobljena-spar-naturpur-350g/p/565643
Spar,sadje in zelenjava,strocnice in semena,339922,"BIO BUČNA SEMENA PRAŽENA IN SOLJENA, SPAR NATUR*PUR, 200G","2,99 €",,https://www.spar.si/online/bio-bucna-semena-prazena-in-soljena-spar-naturpur-200g/p/339922
Spar,sadje in zelenjava,strocnice in semena,594587,"BIO MEŠANICA SEMEN, SPAR NATUR*PUR, 350G; BIO mešanica semen iz kontrolirane ekološke pridelave (SI-EKO-003, Kmetijstvo izven EU).","2,99 €",,https://www.spar.si/online/bio-mesanica-semen-spar-naturpur-350g/p/594587
Spar,sadje in zelenjava,sveza zelisca in zacimbe,483850,"BIO PETERŠILJ KORENINA SPAR NATUR*PUR, 300G","2,59 €",,https://www.spar.si/online/bio-petersilj-korenina-spar-naturpur-300g/p/483850
Spar,sadje in zelenjava,sveza zelisca in zacimbe,598432,"MAJARON V LONČKU XL, 1/1","3,49 €",,https://www.spar.si/online/majaron-v-loncku-xl-11/p/598432
Spar,sadje in zelenjava,sveza zelisca in zacimbe,485159,"ROŽMARIN V POSODICI, 30G","1,29 €",,https://www.spar.si/online/rozmarin-v-posodici-30g/p/485159
Spar,sadje in zelenjava,sveza zelisca in zacimbe,485162,"ŽAJBELJ V POSODICI, 30G","1,29 €",,https://www.spar.si/online/zajbelj-v-posodici-30g/p/485162
Spar,sadje in zelenjava,sveza zelisca in zacimbe,533043,"PETERŠILJ, 100G","1,59 €",,https://www.spar.si/online/petersilj-100g/p/533043
Spar,sadje in zelenjava,sveza zelisca in zacimbe,598432,"MAJARON V LONČKU XL, 1/1","3,49 €",,https://www.spar.si/online/majaron-v-loncku-xl-11/p/598432
Spar,sadje in zelenjava,sveza zelisca in zacimbe,485159,"ROŽMARIN V POSODICI, 30G","1,29 €",,https://www.spar.si/online/rozmarin-v-posodici-30g/p/485159
Spar,sadje in zelenjava,sveza zelisca in zacimbe,485162,"ŽAJBELJ V POSODICI, 30G","1,29 €",,https://www.spar.si/online/zajbelj-v-posodici-30g/p/485162
Spar,sadje in zelenjava,sveza zelisca in zacimbe,503331,"PETERŠILJ ŽIVA, 1/1, SLOVENIJA; List svileno gladek ali nežno narezljan, vedno primeren, naj bo za praznik ali vsakdan. Pod zelenim površjem skriva intenziven okus, izjemno aromo in naravno sv...","1,59 €",,https://www.spar.si/online/petersilj-ziva-11-slovenija/p/503331
Spar,sadje in zelenjava,sveza zelisca in zacimbe,485165,"MEŠANA ZELIŠČA V POSODICI, 30G","1,29 €",,https://www.spar.si/online/mesana-zelisca-v-posodici-30g/p/485165
Spar,sadje in zelenjava,sveza zelisca in zacimbe,483850,"BIO PETERŠILJ KORENINA SPAR NATUR*PUR, 300G","2,59 €",,https://www.spar.si/online/bio-petersilj-korenina-spar-naturpur-300g/p/483850
Spar,sadje in zelenjava,sveza zelisca in zacimbe,533043,"PETERŠILJ, 100G","1,59 €",,https://www.spar.si/online/petersilj-100g/p/533043
Spar,sadje in zelenjava,sveza zelisca in zacimbe,122024,"KALČKI ALFA, 100G; Te majhne rastlinice, ki uspevajo skozi celo leto, so bogat vir vitaminov in mineralov v človeški prehrani. Kalčki so pridelani naravno brez kemikalij in aditiv...","2,49 €",,https://www.spar.si/online/kalcki-alfa-100g/p/122024
Spar,sadje in zelenjava,sveza zelisca in zacimbe,327288,"KALČKI REDKVICA, 50G; Te majhne rastlinice, ki uspevajo skozi celo leto, so bogat vir vitaminov in mineralov v človeški prehrani. Kalčki so pridelani naravno brez kemikalij in aditiv...","2,29 €",,https://www.spar.si/online/kalcki-redkvica-50g/p/327288
Spar,sadje in zelenjava,sveza zelisca in zacimbe,28179,"REGRAT, 100G, PAKIRANO","1,49 €",,https://www.spar.si/online/regrat-100g-pakirano/p/28179
Spar,sadje in zelenjava,sveze pripravljeni napitki in solate,309570,"BIO SOK RDEČE PESE, SPAR NATUR*PUR, 0,75L; 100% Bio sok iz rdeče pese, direktno stisnjen, fermentiran, iz ekološke pridelave; Poreklo rdeče pese: Avstrija; ; Bio sok je fermentiran z mlečnokislinsk...","2,01 €",,https://www.spar.si/online/bio-sok-rdece-pese-spar-naturpur-075l/p/309570
Spar,sadje in zelenjava,sveze pripravljeni napitki in solate,309569,"BIO KORENČKOV SOK SPAR NATUR*PUR, 0,75L; Bio korenjev sok, direktno stisnjen, iz ekološke pridelave; ; Poreklo korenja: Avstrija; ; Za SPAR Natur*pur bio korenjev sok se uporablja samo avstrijs...","2,15 €",,https://www.spar.si/online/bio-korenckov-sok-spar-naturpur-075l/p/309569
Spar,sadje in zelenjava,sveze pripravljeni napitki in solate,224306,"MAVRIČNA SOLATA, SPAR TO GO; Sveže pripravljene zelenjavne solate SPAR TO GO že na oko privabijo z raznolikostjo sestavin in pisanimi barvami. So res priročna izbira za malico ali kosilo. M...","2,10 €",,https://www.spar.si/online/mavricna-solata-spar-to-go/p/224306
Spar,sadje in zelenjava,sveze pripravljeni napitki in solate,449013,"SOLATA S PIŠČANČJIMI FINGERSI, SPAR TO GO, 1KG; Sveže pripravljene zelenjavne solate SPAR TO GO že na oko privabijo z raznolikostjo sestavin in pisanimi barvami. So res priročna izbira za malico ali kosilo. <...","3,00 €",,https://www.spar.si/online/solata-s-piscancjimi-fingersi-spar-to-go-1kg/p/449013
Spar,sadje in zelenjava,sveze pripravljeni napitki in solate,541861,"TESTENINE S ŠUNKO, SPAR TO GO, 1KG; Sveže pripravljeno v trgovini;","2,09 €",,https://www.spar.si/online/testenine-s-sunko-spar-to-go-1kg/p/541861
Spar,sadje in zelenjava,sveze pripravljeni napitki in solate,309570,"BIO SOK RDEČE PESE, SPAR NATUR*PUR, 0,75L; 100% Bio sok iz rdeče pese, direktno stisnjen, fermentiran, iz ekološke pridelave; Poreklo rdeče pese: Avstrija; ; Bio sok je fermentiran z mlečnokislinsk...","2,01 €",,https://www.spar.si/online/bio-sok-rdece-pese-spar-naturpur-075l/p/309570
Spar,sadje in zelenjava,sveze pripravljeni napitki in solate,309569,"BIO KORENČKOV SOK SPAR NATUR*PUR, 0,75L; Bio korenjev sok, direktno stisnjen, iz ekološke pridelave; ; Poreklo korenja: Avstrija; ; Za SPAR Natur*pur bio korenjev sok se uporablja samo avstrijs...","2,15 €",,https://www.spar.si/online/bio-korenckov-sok-spar-naturpur-075l/p/309569
Spar,sadje in zelenjava,sveze pripravljeni napitki in solate,224306,"MAVRIČNA SOLATA, SPAR TO GO; Sveže pripravljene zelenjavne solate SPAR TO GO že na oko privabijo z raznolikostjo sestavin in pisanimi barvami. So res priročna izbira za malico ali kosilo. M...","2,10 €",,https://www.spar.si/online/mavricna-solata-spar-to-go/p/224306
Spar,sadje in zelenjava,sveze pripravljeni napitki in solate,449013,"SOLATA S PIŠČANČJIMI FINGERSI, SPAR TO GO, 1KG; Sveže pripravljene zelenjavne solate SPAR TO GO že na oko privabijo z raznolikostjo sestavin in pisanimi barvami. So res priročna izbira za malico ali kosilo. <...","3,00 €",,https://www.spar.si/online/solata-s-piscancjimi-fingersi-spar-to-go-1kg/p/449013
Spar,sadje in zelenjava,sveze pripravljeni napitki in solate,541861,"TESTENINE S ŠUNKO, SPAR TO GO, 1KG; Sveže pripravljeno v trgovini;","2,09 €",,https://www.spar.si/online/testenine-s-sunko-spar-to-go-1kg/p/541861
Spar,hlajeni in mlecni izdelki,mleko in mlecni napitki,622545,"OVČJE MLEKO, SPAR, 0,5L","1,83 €",,https://www.spar.si/online/ovcje-mleko-spar-05l/p/622545
Spar,hlajeni in mlecni izdelki,mleko in mlecni napitki,270242,"TRAJNO MLEKO 1,5%, SPAR, 1L; Ob nakupu 12 kos, izdelke prejmete v vezu.","14,28 €",,https://www.spar.si/online/trajno-mleko-15-spar-1l/p/270242
Spar,hlajeni in mlecni izdelki,mleko in mlecni napitki,568451,"JOGURTOV NAPITEK NA TURŠKI NAČIN AYRAN, SPAR, 250G","0,46 €",,https://www.spar.si/online/jogurtov-napitek-na-turski-nacin-ayran-spar-250g/p/568451
Spar,hlajeni in mlecni izdelki,mleko in mlecni napitki,493760,"KONDENZIRANO MLEKO, SPAR, 500G","1,89 €",,https://www.spar.si/online/kondenzirano-mleko-spar-500g/p/493760
Spar,hlajeni in mlecni izdelki,mleko in mlecni napitki,541843,"SVEŽE MLEKO 3,5% M.M., SPAR, 1L; Sveže mleko z daljšim rokom trajanja.","1,35 €",,https://www.spar.si/online/sveze-mleko-35-mm-spar-1l/p/541843
Spar,hlajeni in mlecni izdelki,mleko in mlecni napitki,270242,"TRAJNO MLEKO 1,5%, SPAR, 1L; Ob nakupu 12 kos, izdelke prejmete v vezu.","14,28 €",,https://www.spar.si/online/trajno-mleko-15-spar-1l/p/270242
Spar,hlajeni in mlecni izdelki,mleko in mlecni napitki,493760,"KONDENZIRANO MLEKO, SPAR, 500G","1,89 €",,https://www.spar.si/online/kondenzirano-mleko-spar-500g/p/493760
Spar,hlajeni in mlecni izdelki,mleko in mlecni napitki,270241,"TRAJNO MLEKO 3,5% M.M., SPAR, 1L; Ob nakupu 12 kos, izdelke prejmete v vezu.","15,48 €",,https://www.spar.si/online/trajno-mleko-35-mm-spar-1l/p/270241
Spar,hlajeni in mlecni izdelki,mleko in mlecni napitki,348637,"TRAJNO MLEKO 0,5%, S-BUDGET, 1L; Trajno mleko z 0,5% mlečne maščobe, homogenizirano. Segreto na ultra visoki temperaturi (UVT).; ; ; Ob nakupu 12 kos, izdelke prejmete v vezu.","10,08 €",,https://www.spar.si/online/trajno-mleko-05-s-budget-1l/p/348637
Spar,hlajeni in mlecni izdelki,mleko in mlecni napitki,552081,"TRAJNO MLEKO BREZ LAKTOZE 3,5% M.M., SPAR FREE FROM, 1L; Vsebnost laktoze: pod 0,1g/100 ml.","1,39 €",,https://www.spar.si/online/trajno-mleko-brez-laktoze-35-mm-spar-free-from-1l/p/552081
Spar,hlajeni in mlecni izdelki,mleko in mlecni napitki,622545,"OVČJE MLEKO, SPAR, 0,5L","1,83 €",,https://www.spar.si/online/ovcje-mleko-spar-05l/p/622545
Spar,hlajeni in mlecni izdelki,mleko in mlecni napitki,541843,"SVEŽE MLEKO 3,5% M.M., SPAR, 1L; Sveže mleko z daljšim rokom trajanja.","1,35 €",,https://www.spar.si/online/sveze-mleko-35-mm-spar-1l/p/541843
Spar,hlajeni in mlecni izdelki,mleko in mlecni napitki,488358,"SVEŽE KOZJE MLEKO, 2,8%, SPAR, 0,75L","2,04 €",,https://www.spar.si/online/sveze-kozje-mleko-28-spar-075l/p/488358
Spar,hlajeni in mlecni izdelki,mleko in mlecni napitki,541812,"SVEŽE MLEKO 1,5% M.M., SPAR, 1L; Sveže mleko z daljšim rokom trajanja.","1,35 €",,https://www.spar.si/online/sveze-mleko-15-mm-spar-1l/p/541812
Spar,hlajeni in mlecni izdelki,mleko in mlecni napitki,487015,"BIO SVEŽE MLEKO, 3,5%, SPAR NATUR*PUR, 1L; Visoka vsebnost beljakovin.; Vir kalcija.","1,49 €",,https://www.spar.si/online/bio-sveze-mleko-35-spar-naturpur-1l/p/487015
Spar,hlajeni in mlecni izdelki,mleko in mlecni napitki,392118,"KISLO MLEKO, ČVRSTO, 3,2% M.M., ZELENE DOLINE, 180G","0,74 €",,https://www.spar.si/online/kislo-mleko-cvrsto-32-mm-zelene-doline-180g/p/392118
Spar,hlajeni in mlecni izdelki,mleko in mlecni napitki,147699,"KISLO MLEKO 1,1% M.M., PLANIKA, 500G","1,62 €",,https://www.spar.si/online/kislo-mleko-11-mm-planika-500g/p/147699
Spar,hlajeni in mlecni izdelki,mleko in mlecni napitki,443630,"BOHINJSKO KISLO MLEKO, BOHINJSKA SIRARNA, 180G","0,68 €",,https://www.spar.si/online/bohinjsko-kislo-mleko-bohinjska-sirarna-180g/p/443630
Spar,hlajeni in mlecni izdelki,mleko in mlecni napitki,552457,"BOHINJSKO KISLO MLEKO, BOHINJSKA SIRARNA, 500G","1,75 €",,https://www.spar.si/online/bohinjsko-kislo-mleko-bohinjska-sirarna-500g/p/552457
Spar,hlajeni in mlecni izdelki,mleko in mlecni napitki,587528,"BIO KISLO MLEKO 3,2% M.M. BREZ GSO, MLEKARNA KREPKO, 200G; Značilnost: Bio kislo mleko je izdelano iz slovenskega ekološkega, pasteriziranega in nehomogeniziranega mleka.; Posebnost: Izdelek je edinstven, saj se za iz...","0,94 €",,https://www.spar.si/online/bio-kislo-mleko-32-mm-brez-gso-mlekarna-krepko-200g/p/587528
Spar,hlajeni in mlecni izdelki,mleko in mlecni napitki,568451,"JOGURTOV NAPITEK NA TURŠKI NAČIN AYRAN, SPAR, 250G","0,46 €",,https://www.spar.si/online/jogurtov-napitek-na-turski-nacin-ayran-spar-250g/p/568451
Spar,hlajeni in mlecni izdelki,mleko in mlecni napitki,543857,"KEFIR SPAR, 500ML; Uživamo ga kot samostojen napitek ali pa ga mešamo s sadnimi sokovi.","1,16 €",,https://www.spar.si/online/kefir-spar-500ml/p/543857
Spar,hlajeni in mlecni izdelki,mleko in mlecni napitki,331733,"BIO PINJENEC, SPAR NATUR*PUR, 500ML; Brez dodanih sladkorjev, vsebuje naravno prisotne sladkorje.; Visoka vsebnost beljakovin.; Nizka vsebnost maščob.","0,92 €",,https://www.spar.si/online/bio-pinjenec-spar-naturpur-500ml/p/331733
Spar,hlajeni in mlecni izdelki,mleko in mlecni napitki,616906,"BIO KAVA LATTE MACCHIATO BREZ DODANEGA SLADKORJA, SPAR NATUR*PUR, 235ML; Brez dodanih sladkorjev. Vsebuje naravno prisotne sladkorje.","1,06 €",,https://www.spar.si/online/bio-kava-latte-macchiato-brez-dodanega-sladkorja-spar-naturpur-235ml/p/616906
Spar,hlajeni in mlecni izdelki,mleko in mlecni napitki,605558,"BIO MLEKO Z OKUSOM VANILIJE, SPAR NATUR*PUR, 235ML","1,19 €",,https://www.spar.si/online/bio-mleko-z-okusom-vanilije-spar-naturpur-235ml/p/605558
Spar,hlajeni in mlecni izdelki,mleko in mlecni napitki,636223,"BIO OVSENI DESERT VANILJA, THE BRIDGE, 2X130G","2,59 €",,https://www.spar.si/online/bio-ovseni-desert-vanilja-the-bridge-2x130g/p/636223
Spar,hlajeni in mlecni izdelki,mleko in mlecni napitki,636224,"BIO OVSENI DESERT S ČOKOLADO, THE BRIDGE, 2X130G","2,59 €",,https://www.spar.si/online/bio-ovseni-desert-s-cokolado-the-bridge-2x130g/p/636224
Spar,hlajeni in mlecni izdelki,mleko in mlecni napitki,567042,"SOJIN DESERT VANILIJA, ALPRO, 4X125G","3,19 €",,https://www.spar.si/online/sojin-desert-vanilija-alpro-4x125g/p/567042
Spar,hlajeni in mlecni izdelki,mleko in mlecni napitki,567044,"SOJIN DESERT ČOKOLADA, ALPRO, 4X125G","3,19 €",,https://www.spar.si/online/sojin-desert-cokolada-alpro-4x125g/p/567044
Spar,hlajeni in mlecni izdelki,mleko in mlecni napitki,619856,"BIO RIŽEV DESERT VANILJA, THE BRIDGE, 2X130G","2,59 €",,https://www.spar.si/online/bio-rizev-desert-vanilja-the-bridge-2x130g/p/619856
Spar,hlajeni in mlecni izdelki,mleko in mlecni napitki,277310,"KAVA CAPPUCCINO CAFEMIO, RAUCH, 250ML","2,17 €",,https://www.spar.si/online/kava-cappuccino-cafemio-rauch-250ml/p/277310
Spar,hlajeni in mlecni izdelki,mleko in mlecni napitki,592605,"KAVA ESPRESSO MACCHIATO CAFEMIO, RAUCH, 250ML; Kavni napitek z mlekom (2,5% mlečne maščobe) RAUCH CAFEMIO ESPRESSO MACCHIATO 0,25L Ledena kava.","2,17 €",,https://www.spar.si/online/kava-espresso-macchiato-cafemio-rauch-250ml/p/592605
Spar,hlajeni in mlecni izdelki,mleko in mlecni napitki,277307,"KAVNI NAPITEK Z MLEKOM MACCHIATO CAFEMIO, RAUCH, 250ML","2,17 €",,https://www.spar.si/online/kavni-napitek-z-mlekom-macchiato-cafemio-rauch-250ml/p/277307
Spar,hlajeni in mlecni izdelki,mleko in mlecni napitki,551402,"KAVA LATTE MACCHIATO VANILLA CAFEMIO, RAUCH, 250ML; Kavni napitek z mlekom (3,5% mlečne maščobe).","2,17 €",,https://www.spar.si/online/kava-latte-macchiato-vanilla-cafemio-rauch-250ml/p/551402
Spar,hlajeni in mlecni izdelki,smetana skuta maslo namazi,259842,"NEPASIRANA POLMASTNA SKUTA, SPAR, 500G","2,83 €",,https://www.spar.si/online/nepasirana-polmastna-skuta-spar-500g/p/259842
Spar,hlajeni in mlecni izdelki,smetana skuta maslo namazi,602095,"SLADKA SMETANA 36% M.M., SPAR, 250ML","1,86 €",,https://www.spar.si/online/sladka-smetana-36-mm-spar-250ml/p/602095
Spar,hlajeni in mlecni izdelki,smetana skuta maslo namazi,541806,"KISLA SMETANA 20% M.M., SPAR, 400G","1,19 €",,https://www.spar.si/online/kisla-smetana-20-mm-spar-400g/p/541806
Spar,hlajeni in mlecni izdelki,smetana skuta maslo namazi,259841,"NEPASIRANA PUSTA SKUTA, SPAR, 500G; Iz pasteriziranega mleka. Vsebuje najmanj 18 % suhe snovi, do 5 % mlečne maščobe v suhi snovi.","2,49 €",,https://www.spar.si/online/nepasirana-pusta-skuta-spar-500g/p/259841
Spar,hlajeni in mlecni izdelki,smetana skuta maslo namazi,625361,"SKUTA IZ PASTERIZIRANEGA MLEKA 20% M.M., SPAR, 250G","1,09 €",,https://www.spar.si/online/skuta-iz-pasteriziranega-mleka-20-mm-spar-250g/p/625361
Spar,hlajeni in mlecni izdelki,smetana skuta maslo namazi,259842,"NEPASIRANA POLMASTNA SKUTA, SPAR, 500G","2,83 €",,https://www.spar.si/online/nepasirana-polmastna-skuta-spar-500g/p/259842
Spar,hlajeni in mlecni izdelki,smetana skuta maslo namazi,259841,"NEPASIRANA PUSTA SKUTA, SPAR, 500G; Iz pasteriziranega mleka. Vsebuje najmanj 18 % suhe snovi, do 5 % mlečne maščobe v suhi snovi.","2,49 €",,https://www.spar.si/online/nepasirana-pusta-skuta-spar-500g/p/259841
Spar,hlajeni in mlecni izdelki,smetana skuta maslo namazi,625361,"SKUTA IZ PASTERIZIRANEGA MLEKA 20% M.M., SPAR, 250G","1,09 €",,https://www.spar.si/online/skuta-iz-pasteriziranega-mleka-20-mm-spar-250g/p/625361
Spar,hlajeni in mlecni izdelki,smetana skuta maslo namazi,625365,"SKUTA IZ POSNETEGA PASTERIZIRANEGA MLEKA, PASIRANA, SPAR, 250G","1,13 €",,https://www.spar.si/online/skuta-iz-posnetega-pasteriziranega-mleka-pasirana-spar-250g/p/625365
Spar,hlajeni in mlecni izdelki,smetana skuta maslo namazi,331718,"BIO NEPASIRANA SKUTA 20%, SPAR NATUR*PUR, 250G","1,49 €",,https://www.spar.si/online/bio-nepasirana-skuta-20-spar-naturpur-250g/p/331718
Spar,hlajeni in mlecni izdelki,smetana skuta maslo namazi,541806,"KISLA SMETANA 20% M.M., SPAR, 400G","1,19 €",,https://www.spar.si/online/kisla-smetana-20-mm-spar-400g/p/541806
Spar,hlajeni in mlecni izdelki,smetana skuta maslo namazi,533639,"KISLA SMETANA, SPAR, 180G","0,79 €",,https://www.spar.si/online/kisla-smetana-spar-180g/p/533639
Spar,hlajeni in mlecni izdelki,smetana skuta maslo namazi,502947,"BIO KISLA SMETANA 15%, SPAR NATUR*PUR, 250G; /","0,94 €",,https://www.spar.si/online/bio-kisla-smetana-15-spar-naturpur-250g/p/502947
Spar,hlajeni in mlecni izdelki,smetana skuta maslo namazi,625073,"KISLA SMETANA 15% M.M., S-BUDGET, 250G","0,70 €",,https://www.spar.si/online/kisla-smetana-15-mm-s-budget-250g/p/625073
Spar,hlajeni in mlecni izdelki,smetana skuta maslo namazi,378176,"KISLA SMETANA BREZ LAKTOZE 15% SPAR FREE FROM, 250G; *Laktose/Laktoza <0,01g/100g","0,76 €",,https://www.spar.si/online/kisla-smetana-brez-laktoze-15-spar-free-from-250g/p/378176
Spar,hlajeni in mlecni izdelki,smetana skuta maslo namazi,602095,"SLADKA SMETANA 36% M.M., SPAR, 250ML","1,86 €",,https://www.spar.si/online/sladka-smetana-36-mm-spar-250ml/p/602095
Spar,hlajeni in mlecni izdelki,smetana skuta maslo namazi,391355,"SMETANA ZA STEPANJE, TRAJNA, SPAR, 500ML; Toplotno obdelano z UVT.","3,19 €","REDNA CENA 3,84 €",https://www.spar.si/online/smetana-za-stepanje-trajna-spar-500ml/p/391355
Spar,hlajeni in mlecni izdelki,smetana skuta maslo namazi,379416,"SLADKA SMETANA, 35% M.M., SPAR, 250ML","2,09 €",,https://www.spar.si/online/sladka-smetana-35-mm-spar-250ml/p/379416
Spar,hlajeni in mlecni izdelki,smetana skuta maslo namazi,576476,"BIO SLADKA SMETANA, SPAR NATUR*PUR, 250ML; /","1,99 €",,https://www.spar.si/online/bio-sladka-smetana-spar-naturpur-250ml/p/576476
Spar,hlajeni in mlecni izdelki,smetana skuta maslo namazi,602087,"SLADKA SMETANA 36% M.M., S-BUDGET, 500ML","2,37 €",,https://www.spar.si/online/sladka-smetana-36-mm-s-budget-500ml/p/602087
Spar,hlajeni in mlecni izdelki,smetana skuta maslo namazi,460546,"SMETANA ZA KAVO 10% M.M., SPAR, 20X10G","0,95 €",,https://www.spar.si/online/smetana-za-kavo-10-mm-spar-20x10g/p/460546
Spar,hlajeni in mlecni izdelki,smetana skuta maslo namazi,425086,"SMETANA ZA KUHANJE SPAR, 500G; Smetana za kuhanje.","1,99 €",,https://www.spar.si/online/smetana-za-kuhanje-spar-500g/p/425086
Spar,hlajeni in mlecni izdelki,smetana skuta maslo namazi,331514,"SMETANA ZA KAVO 10%, SPAR, 500ML; /","1,45 €",,https://www.spar.si/online/smetana-za-kavo-10-spar-500ml/p/331514
Spar,hlajeni in mlecni izdelki,smetana skuta maslo namazi,648683,"STEPENA SMETANA 30% M.M., S-BUDGET, 250ML","1,79 €",,https://www.spar.si/online/stepena-smetana-30-mm-s-budget-250ml/p/648683
Spar,hlajeni in mlecni izdelki,smetana skuta maslo namazi,592437,"BIO MLEKO 3,5 % M. M. BREZ LAKTOZE, SPAR FREE FROM, 1L; SPAR free from Bio polnomastno mleko iz ekološke pridelave (AT-BIO-301 Kmetijstvo Avstrija) brez laktoze. Laktoza <0,1g/100ml. Pasterizirano mleko s 3,5% mlečne...","1,57 €",,https://www.spar.si/online/bio-mleko-35-m-m-brez-laktoze-spar-free-from-1l/p/592437
Spar,hlajeni in mlecni izdelki,smetana skuta maslo namazi,498268,"NAMAZ Z MASLOM IN REPIČNIM OLJEM, SPAR, 250 G; /","2,99 €",,https://www.spar.si/online/namaz-z-maslom-in-repicnim-oljem-spar-250-g/p/498268
Spar,hlajeni in mlecni izdelki,smetana skuta maslo namazi,650837,"ČAJNO MASLO, SPAR, 250G; ; - brez genskega inženiringa; - mazljiv; - izjemna kakovost iz sveže smetane; - za kruhke ali sendviče; - primeren za peko in cvrtje; - 82 % delež ...","2,89 €",,https://www.spar.si/online/cajno-maslo-spar-250g/p/650837
Spar,hlajeni in mlecni izdelki,smetana skuta maslo namazi,269107,"SUROVO MASLO, SPAR, 250G; Surovo maslo I. vrste. Vsebuje 82 % mlečne maščobe.","2,79 €",,https://www.spar.si/online/surovo-maslo-spar-250g/p/269107
Spar,hlajeni in mlecni izdelki,smetana skuta maslo namazi,461963,"KOKOSOVA MAŠČOBA, SPAR, 200G; Delno hidrogenirana rafinirana kokosova maščoba. Za praženje, pečenje, cvrtje.","1,85 €",,https://www.spar.si/online/kokosova-mascoba-spar-200g/p/461963
Spar,hlajeni in mlecni izdelki,smetana skuta maslo namazi,444929,"MASLO BREZ LAKTOZE SPAR FREE FROM, 250G; - Vsebuje najmanj 82 % mlečne maščobe; - *Vsebnost laktoze manj kot 0,1 g/100 g","2,69 €",,https://www.spar.si/online/maslo-brez-laktoze-spar-free-from-250g/p/444929
Spar,hlajeni in mlecni izdelki,smetana skuta maslo namazi,601688,"BIO SVEŽI ZRNATI SIR COTTAGE CHEESE, SPAR NATUR*PUR, 200G; Brez dodanih sladkorjev, vsebuje naravno prisotne sladkorje.; Visoka vsebnost beljakovin.","1,39 €",,https://www.spar.si/online/bio-svezi-zrnati-sir-cottage-cheese-spar-naturpur-200g/p/601688
Spar,hlajeni in mlecni izdelki,smetana skuta maslo namazi,542285,"NAMAZ LIPTAVER SPAR PREMIUM, 125G; SPAR PREMIUM namaz z jajcem je izdelan po originalni recepturi priznane avstrijske kuharske mojstrice Johanne Maier.; Namaz je narejen na osnovi svežega sira ...","2,08 €",,https://www.spar.si/online/namaz-liptaver-spar-premium-125g/p/542285
Spar,hlajeni in mlecni izdelki,smetana skuta maslo namazi,554652,"SIRNI NAMAZ PAPRIKA IN ČILI, S-BUDGET, 150G; /","1,19 €",,https://www.spar.si/online/sirni-namaz-paprika-in-cili-s-budget-150g/p/554652
Spar,hlajeni in mlecni izdelki,smetana skuta maslo namazi,548511,"SVEŽI SIR NATUR COTTAGE CHEESE, S-BUDGET, 250G; /","0,94 €",,https://www.spar.si/online/svezi-sir-natur-cottage-cheese-s-budget-250g/p/548511
Spar,hlajeni in mlecni izdelki,smetana skuta maslo namazi,609226,"PRIPRAVEK IZ SVEŽEGA SIRA Z ZELIŠČI, S-BUDGET, 200G","1,29 €",,https://www.spar.si/online/pripravek-iz-svezega-sira-z-zelisci-s-budget-200g/p/609226
Spar,hlajeni in mlecni izdelki,jajca,572257,"JAJCA DEBELA, HLEVSKA REJA, SPAR, 10/1","3,38 €",,https://www.spar.si/online/jajca-debela-hlevska-reja-spar-101/p/572257
Spar,hlajeni in mlecni izdelki,jajca,534442,"JAJCA HLEVSKE REJE BREZ GSO, L, SPAR, 10/1","3,11 €",,https://www.spar.si/online/jajca-hlevske-reje-brez-gso-l-spar-101/p/534442
Spar,hlajeni in mlecni izdelki,jajca,532385,"JAJCA HLEVSKE REJE, M, SPAR, 10/1","2,99 €",,https://www.spar.si/online/jajca-hlevske-reje-m-spar-101/p/532385
Spar,hlajeni in mlecni izdelki,jajca,534447,"JAJCA PROSTE REJE, M, SPAR, 10/1","3,69 €",,https://www.spar.si/online/jajca-proste-reje-m-spar-101/p/534447
Spar,hlajeni in mlecni izdelki,jajca,588275,"JAJCA ZA PEKO IZ HLEVSKE REJE, M, SPAR, 10/1","3,18 €",,https://www.spar.si/online/jajca-za-peko-iz-hlevske-reje-m-spar-101/p/588275
Spar,hlajeni in mlecni izdelki,jajca,572257,"JAJCA DEBELA, HLEVSKA REJA, SPAR, 10/1","3,38 €",,https://www.spar.si/online/jajca-debela-hlevska-reja-spar-101/p/572257
Spar,hlajeni in mlecni izdelki,jajca,534442,"JAJCA HLEVSKE REJE BREZ GSO, L, SPAR, 10/1","3,11 €",,https://www.spar.si/online/jajca-hlevske-reje-brez-gso-l-spar-101/p/534442
Spar,hlajeni in mlecni izdelki,jajca,532385,"JAJCA HLEVSKE REJE, M, SPAR, 10/1","2,99 €",,https://www.spar.si/online/jajca-hlevske-reje-m-spar-101/p/532385
Spar,hlajeni in mlecni izdelki,jajca,534447,"JAJCA PROSTE REJE, M, SPAR, 10/1","3,69 €",,https://www.spar.si/online/jajca-proste-reje-m-spar-101/p/534447
Spar,hlajeni in mlecni izdelki,jajca,588275,"JAJCA ZA PEKO IZ HLEVSKE REJE, M, SPAR, 10/1","3,18 €",,https://www.spar.si/online/jajca-za-peko-iz-hlevske-reje-m-spar-101/p/588275
Spar,hlajeni in mlecni izdelki,jogurti deserti in pudingi,292934,"PUDING VANILIJA S SMETANO SPAR, 200G; /","0,37 €",,https://www.spar.si/online/puding-vanilija-s-smetano-spar-200g/p/292934
Spar,hlajeni in mlecni izdelki,jogurti deserti in pudingi,294095,"NAVADNI JOGURT 1,5% M.M. LCA, SPAR, 150G","0,48 €",,https://www.spar.si/online/navadni-jogurt-15-mm-lca-spar-150g/p/294095
Spar,hlajeni in mlecni izdelki,jogurti deserti in pudingi,499589,"MLEČNI DESERT INGO SPAR, 4X60G; /","0,99 €",,https://www.spar.si/online/mlecni-desert-ingo-spar-4x60g/p/499589
Spar,hlajeni in mlecni izdelki,jogurti deserti in pudingi,251615,"JOGURT BOROVNICA SPAR, 500G","1,13 €",,https://www.spar.si/online/jogurt-borovnica-spar-500g/p/251615
Spar,hlajeni in mlecni izdelki,jogurti deserti in pudingi,503920,"OVČJI JOGURT IZ PASTERIZIRANEGA OVČJEGA MLEKA, SPAR, 180G","0,89 €",,https://www.spar.si/online/ovcji-jogurt-iz-pasteriziranega-ovcjega-mleka-spar-180g/p/503920
Spar,hlajeni in mlecni izdelki,jogurti deserti in pudingi,294095,"NAVADNI JOGURT 1,5% M.M. LCA, SPAR, 150G","0,48 €",,https://www.spar.si/online/navadni-jogurt-15-mm-lca-spar-150g/p/294095
Spar,hlajeni in mlecni izdelki,jogurti deserti in pudingi,503920,"OVČJI JOGURT IZ PASTERIZIRANEGA OVČJEGA MLEKA, SPAR, 180G","0,89 €",,https://www.spar.si/online/ovcji-jogurt-iz-pasteriziranega-ovcjega-mleka-spar-180g/p/503920
Spar,hlajeni in mlecni izdelki,jogurti deserti in pudingi,368764,"NAVADNI JOGURT 1,3% M.M., SPAR, 180G","0,44 €",,https://www.spar.si/online/navadni-jogurt-13-mm-spar-180g/p/368764
Spar,hlajeni in mlecni izdelki,jogurti deserti in pudingi,638803,"TEKOČI JOGURT 3,2% M.M., SPAR, 500G","0,92 €",,https://www.spar.si/online/tekoci-jogurt-32-mm-spar-500g/p/638803
Spar,hlajeni in mlecni izdelki,jogurti deserti in pudingi,638812,"TEKOČI JOGURT 3,2% M.M., SPAR, 1L","1,09 €",,https://www.spar.si/online/tekoci-jogurt-32-mm-spar-1l/p/638812
Spar,hlajeni in mlecni izdelki,jogurti deserti in pudingi,499589,"MLEČNI DESERT INGO SPAR, 4X60G; /","0,99 €",,https://www.spar.si/online/mlecni-desert-ingo-spar-4x60g/p/499589
Spar,hlajeni in mlecni izdelki,jogurti deserti in pudingi,251615,"JOGURT BOROVNICA SPAR, 500G","1,13 €",,https://www.spar.si/online/jogurt-borovnica-spar-500g/p/251615
Spar,hlajeni in mlecni izdelki,jogurti deserti in pudingi,251613,"JOGURT JAGODA SPAR, 500G","0,92 €",,https://www.spar.si/online/jogurt-jagoda-spar-500g/p/251613
Spar,hlajeni in mlecni izdelki,jogurti deserti in pudingi,648031,"JOGURT JAGODA, SPAR, 500G","1,39 €",,https://www.spar.si/online/jogurt-jagoda-spar-500g/p/648031
Spar,hlajeni in mlecni izdelki,jogurti deserti in pudingi,648040,"JOGURT ANANAS IN KOKOS, SPAR, 500G","1,39 €",,https://www.spar.si/online/jogurt-ananas-in-kokos-spar-500g/p/648040
Spar,hlajeni in mlecni izdelki,jogurti deserti in pudingi,562783,"ČOKOLADNI MOUSSE SPAR, 4X60G; /","1,42 €",,https://www.spar.si/online/cokoladni-mousse-spar-4x60g/p/562783
Spar,hlajeni in mlecni izdelki,jogurti deserti in pudingi,560071,"BIO SKUTIN PRIPRAVEK S SADJEM FRUBI DOO, SPAR, 6X50G; /","1,64 €",,https://www.spar.si/online/bio-skutin-pripravek-s-sadjem-frubi-doo-spar-6x50g/p/560071
Spar,hlajeni in mlecni izdelki,jogurti deserti in pudingi,633366,"MLEČNI RIŽ, S-BUDGET, 200G","0,69 €",,https://www.spar.si/online/mlecni-riz-s-budget-200g/p/633366
Spar,hlajeni in mlecni izdelki,jogurti deserti in pudingi,659037,"SKUTINA KREMA Z JOGURTOM IN JAGODAMI, S-BUDGET, 180G","0,79 €",,https://www.spar.si/online/skutina-krema-z-jogurtom-in-jagodami-s-budget-180g/p/659037
Spar,hlajeni in mlecni izdelki,jogurti deserti in pudingi,633369,"MLEČNI RIŽ S ČOKOLADNIM PRIPRAVKOM, S-BUDGET, 200G","0,69 €",,https://www.spar.si/online/mlecni-riz-s-cokoladnim-pripravkom-s-budget-200g/p/633369
Spar,hlajeni in mlecni izdelki,jogurti deserti in pudingi,292934,"PUDING VANILIJA S SMETANO SPAR, 200G; /","0,37 €",,https://www.spar.si/online/puding-vanilija-s-smetano-spar-200g/p/292934
Spar,hlajeni in mlecni izdelki,jogurti deserti in pudingi,292914,"PUDING ČOKOLADA S SMETANO SPAR, 200G; /","0,37 €",,https://www.spar.si/online/puding-cokolada-s-smetano-spar-200g/p/292914
Spar,hlajeni in mlecni izdelki,jogurti deserti in pudingi,604610,"PUDING HIGH PROTEIN ČOKOLADA IN SMETANA, EHRMANN, 200G; Stepeno z dušikom.","1,39 €",,https://www.spar.si/online/puding-high-protein-cokolada-in-smetana-ehrmann-200g/p/604610
Spar,hlajeni in mlecni izdelki,jogurti deserti in pudingi,510548,"PUDING ČOKOLADA IN LEŠNIK NOCCIO WEIDEGLÜCK, 800G","2,29 €",,https://www.spar.si/online/puding-cokolada-in-lesnik-noccio-weideglck-800g/p/510548
Spar,hlajeni in mlecni izdelki,jogurti deserti in pudingi,614682,"PUDING ČOKOLADA PROTEIN, ZOTT, 200G","1,23 €",,https://www.spar.si/online/puding-cokolada-protein-zott-200g/p/614682
Spar,hlajeni in mlecni izdelki,jogurti deserti in pudingi,448631,"POLNJENA MLEČNA ČOKOLADA S KREMO IN KARAMELO, S-BUDGET, 400G","2,45 €",,https://www.spar.si/online/polnjena-mlecna-cokolada-s-kremo-in-karamelo-s-budget-400g/p/448631
Spar,hlajeni in mlecni izdelki,jogurti deserti in pudingi,448632,"POLNJENA MLEČNA ČOKOLADA S KOKOSOVIM PRIPRAVKOM, S-BUDGET, 400G","2,45 €",,https://www.spar.si/online/polnjena-mlecna-cokolada-s-kokosovim-pripravkom-s-budget-400g/p/448632
Spar,hlajeni in mlecni izdelki,jogurti deserti in pudingi,448633,"POLNJENA MLEČNA ČOKOLADA S SLADKORNO KREMO, S-BUDGET, 400G","2,45 €",,https://www.spar.si/online/polnjena-mlecna-cokolada-s-sladkorno-kremo-s-budget-400g/p/448633
Spar,hlajeni in mlecni izdelki,jogurti deserti in pudingi,448630,"POLNJENA MLEČNA ČOKOLADA Z ARAŠIDI, KARAMELO IN KREMO, S-BUDGET, 400G","2,68 €",,https://www.spar.si/online/polnjena-mlecna-cokolada-z-arasidi-karamelo-in-kremo-s-budget-400g/p/448630
Spar,hlajeni in mlecni izdelki,jogurti deserti in pudingi,537795,"BISKVIT KAKAV IN MLEKO DELICE, KINDER, 39G; Kinder Delice je s svojim okusnim oblivom iz kakava, dvema mehkima biskvitoma in kremnim mlečnim polnjenjem prigrizek, ki postane najbolj pričakovan trenutek dn...","0,79 €",,https://www.spar.si/online/biskvit-kakav-in-mleko-delice-kinder-39g/p/537795
Spar,hlajeni in mlecni izdelki,siri,660471,"SIR GAUDA, SPAR, 250G","2,99 €",,https://www.spar.si/online/sir-gauda-spar-250g/p/660471
Spar,hlajeni in mlecni izdelki,siri,534512,"FRANCOSKI SIR BRIE, SPAR, 180G; /","1,56 €","REDNA CENA 1,75 €",https://www.spar.si/online/francoski-sir-brie-spar-180g/p/534512
Spar,hlajeni in mlecni izdelki,siri,550423,"SIR TILSITER, SPAR, 1KG, (REZANO)","0,49 €",,https://www.spar.si/online/sir-tilsiter-spar-1kg-rezano/p/550423
Spar,hlajeni in mlecni izdelki,siri,522393,"PRIPRAVEK IZ TOPLJENEGA SIRA FONDUE CLASSIC SPAR, 400G; /","3,59 €","REDNA CENA 4,79 €",https://www.spar.si/online/pripravek-iz-topljenega-sira-fondue-classic-spar-400g/p/522393
Spar,hlajeni in mlecni izdelki,siri,533640,"SIR GAUDA, SPAR, 1KG, (REZANO)","0,49 €",,https://www.spar.si/online/sir-gauda-spar-1kg-rezano/p/533640
Spar,hlajeni in mlecni izdelki,siri,534512,"FRANCOSKI SIR BRIE, SPAR, 180G; /","1,56 €","REDNA CENA 1,75 €",https://www.spar.si/online/francoski-sir-brie-spar-180g/p/534512
Spar,hlajeni in mlecni izdelki,siri,618466,"MEHKI SIR IZ PASTERIZIRANEGA KOZJEGA MLEKA, SPAR, 180G; SPAR mehki sir iz pasteriziranega kozjega mleka, najmanj 45 % maščobe v suhi snovi. Kozji sir je brez konzervansov in umetnih barvil.","2,94 €",,https://www.spar.si/online/mehki-sir-iz-pasteriziranega-kozjega-mleka-spar-180g/p/618466
Spar,hlajeni in mlecni izdelki,siri,613475,"SIR HALLOUMI ZA ŽAR IN PEKO KLASIK, SPAR, 250G","3,73 €",,https://www.spar.si/online/sir-halloumi-za-zar-in-peko-klasik-spar-250g/p/613475
Spar,hlajeni in mlecni izdelki,siri,549141,"BIO SVEŽI SIR NATUR, SPAR NATUR*PUR, 200G","1,69 €",,https://www.spar.si/online/bio-svezi-sir-natur-spar-naturpur-200g/p/549141
Spar,hlajeni in mlecni izdelki,siri,599882,"BIO SIR CAMEMBERT, SPAR NATUR*PUR, 250G; Camembert je mehak francoski sir, prekrit z belo plemenito plesnijo.","3,99 €",,https://www.spar.si/online/bio-sir-camembert-spar-naturpur-250g/p/599882
Spar,hlajeni in mlecni izdelki,siri,660471,"SIR GAUDA, SPAR, 250G","2,99 €",,https://www.spar.si/online/sir-gauda-spar-250g/p/660471
Spar,hlajeni in mlecni izdelki,siri,550423,"SIR TILSITER, SPAR, 1KG, (REZANO)","0,49 €",,https://www.spar.si/online/sir-tilsiter-spar-1kg-rezano/p/550423
Spar,hlajeni in mlecni izdelki,siri,533640,"SIR GAUDA, SPAR, 1KG, (REZANO)","0,49 €",,https://www.spar.si/online/sir-gauda-spar-1kg-rezano/p/533640
Spar,hlajeni in mlecni izdelki,siri,587768,"SIR MOZZARELLA V REZINAH, SPAR, 250G","3,29 €",,https://www.spar.si/online/sir-mozzarella-v-rezinah-spar-250g/p/587768
Spar,hlajeni in mlecni izdelki,siri,604022,"SIR MASDAMER, V REZINAH, SPAR, 250G","3,29 €",,https://www.spar.si/online/sir-masdamer-v-rezinah-spar-250g/p/604022
Spar,hlajeni in mlecni izdelki,siri,593844,"BIO PARMEZAN PARMIGIANO REGGIANO, SPAR NATUR*PUR, 150G; /","5,29 €",,https://www.spar.si/online/bio-parmezan-parmigiano-reggiano-spar-naturpur-150g/p/593844
Spar,hlajeni in mlecni izdelki,siri,507554,"SIR PECORINO ROMANO ZOP, NARIBAN, DESPAR, 100G","2,99 €",,https://www.spar.si/online/sir-pecorino-romano-zop-nariban-despar-100g/p/507554
Spar,hlajeni in mlecni izdelki,siri,471338,"PARMEZAN PARMIGGIANO REGGIANO DESPAR, 100G; /","1,83 €",,https://www.spar.si/online/parmezan-parmiggiano-reggiano-despar-100g/p/471338
Spar,hlajeni in mlecni izdelki,siri,619800,"RIBANI TRDI SIR PARMEZAN, PARMIGIANO REGGIANO ZOP, DESPAR PREMIUM, 60G","2,09 €",,https://www.spar.si/online/ribani-trdi-sir-parmezan-parmigiano-reggiano-zop-despar-premium-60g/p/619800
Spar,hlajeni in mlecni izdelki,siri,597544,"TRDI SIR PARMIGIANO REGGIANO, SPAR PREMIUM, 200G; /","7,29 €",,https://www.spar.si/online/trdi-sir-parmigiano-reggiano-spar-premium-200g/p/597544
Spar,hlajeni in mlecni izdelki,siri,522393,"PRIPRAVEK IZ TOPLJENEGA SIRA FONDUE CLASSIC SPAR, 400G; /","3,59 €","REDNA CENA 4,79 €",https://www.spar.si/online/pripravek-iz-topljenega-sira-fondue-classic-spar-400g/p/522393
Spar,hlajeni in mlecni izdelki,siri,536489,"SIR CHEDDAR SPAR, 200G; /","2,39 €",,https://www.spar.si/online/sir-cheddar-spar-200g/p/536489
Spar,hlajeni in mlecni izdelki,siri,383818,"TOPLJENI SIR ZA MAZANJE S SMETANO SPAR, 8/1, 250G","2,64 €",,https://www.spar.si/online/topljeni-sir-za-mazanje-s-smetano-spar-81-250g/p/383818
Spar,hlajeni in mlecni izdelki,siri,548938,"BIO GAUDA REZINE SPAR NATUR*PUR, 175G; /","1,93 €","REDNA CENA 2,15 €",https://www.spar.si/online/bio-gauda-rezine-spar-naturpur-175g/p/548938
Spar,hlajeni in mlecni izdelki,siri,589524,"BIO SIR TILSITER IZ SENENEGA MLEKA, SPAR NATUR*PUR, 175G; /","2,01 €","REDNA CENA 2,23 €",https://www.spar.si/online/bio-sir-tilsiter-iz-senenega-mleka-spar-naturpur-175g/p/589524
Spar,hlajeni in mlecni izdelki,siri,587906,"SIR CAMEMBERT S-BUDGET, 250G; Vsebnost laktoze <0,1g/100g.","2,09 €",,https://www.spar.si/online/sir-camembert-s-budget-250g/p/587906
Spar,hlajeni in mlecni izdelki,siri,34093,"SIR BRIE, PRESIDENT, 200G; Brie je mehki sir z belo plemenito plesnijo. Ime je dobil v 8. stoletju v pokrajini Brie. Je blede barve, v sredini kremast, mehak in aromatičen. Za posebno gur...","3,58 €",,https://www.spar.si/online/sir-brie-president-200g/p/34093
Spar,hlajeni in mlecni izdelki,siri,45229,"SIR DORBLU, 1KG, (V KOSU)","0,80 €",,https://www.spar.si/online/sir-dorblu-1kg-v-kosu/p/45229
Spar,hlajeni in mlecni izdelki,siri,533275,"GORGONZOLA DESPAR PREMIUM, 200G; Vsebuje minimalno 48 % mlečne maščobe v suhi snovi.","2,99 €",,https://www.spar.si/online/gorgonzola-despar-premium-200g/p/533275
Spar,hlajeni in mlecni izdelki,siri,45230,"SIR DORBLU, 100G","1,59 €","REDNA CENA 1,88 €",https://www.spar.si/online/sir-dorblu-100g/p/45230
Spar,hlajeni in mlecni izdelki,siri,425079,"SIR MASCARPONE DESPAR, 500G; /","5,75 €",,https://www.spar.si/online/sir-mascarpone-despar-500g/p/425079
Spar,hlajeni in mlecni izdelki,siri,451619,"SIR MASCARPONE S-BUDGET, 500G; /","3,15 €",,https://www.spar.si/online/sir-mascarpone-s-budget-500g/p/451619
Spar,hlajeni in mlecni izdelki,siri,533443,"MASCARPONE BREZ LAKTOZE, SPAR FREE FROM, 250G; Vsebnost laktoze: <0,1g/100g.","1,99 €",,https://www.spar.si/online/mascarpone-brez-laktoze-spar-free-from-250g/p/533443
Spar,hlajeni in mlecni izdelki,siri,544070,"KREM MASKARPONE, ZELENE DOLINE GURMAN, 250G","3,03 €",,https://www.spar.si/online/krem-maskarpone-zelene-doline-gurman-250g/p/544070
Spar,hlajeni in mlecni izdelki,siri,609354,"SIR MASCARPONE 35% M.M., ZANETTI, 250G","3,25 €",,https://www.spar.si/online/sir-mascarpone-35-mm-zanetti-250g/p/609354
Spar,hlajeni in mlecni izdelki,testo in pripravljene jedi,295988,"KROMPIRJEVI NJOKI, SPAR, 500G","1,23 €",,https://www.spar.si/online/krompirjevi-njoki-spar-500g/p/295988
Spar,hlajeni in mlecni izdelki,testo in pripravljene jedi,309038,"SVEŽE VLEČENO TESTO, SPAR, 400G","2,19 €",,https://www.spar.si/online/sveze-vleceno-testo-spar-400g/p/309038
Spar,hlajeni in mlecni izdelki,testo in pripravljene jedi,553411,"KVAŠENO TESTO ZA PIZZO, SPAR, 400G; Spar sveže kvašeno testo za pizzo z oljčni oljem 1,2%, razvaljano na papirju za peko, pripravljeno za pečenje, brez palmovega olja.; ; Brez palmovega olja.<...","1,29 €",,https://www.spar.si/online/kvaseno-testo-za-pizzo-spar-400g/p/553411
Spar,hlajeni in mlecni izdelki,testo in pripravljene jedi,496172,"BIO KVAŠENO TESTO ZA PIZZO, SPAR NATUR*PUR, 400G; Bio kvašeno testo za pizzo, razvaljano, iz ekološke pridelave; 1 pravokotno razvaljan kos.","2,19 €",,https://www.spar.si/online/bio-kvaseno-testo-za-pizzo-spar-naturpur-400g/p/496172
Spar,hlajeni in mlecni izdelki,testo in pripravljene jedi,539447,"LISTNATO TESTO MASLENO, SPAR PREMIUM, 280G","2,29 €",,https://www.spar.si/online/listnato-testo-masleno-spar-premium-280g/p/539447
Spar,hlajeni in mlecni izdelki,testo in pripravljene jedi,309038,"SVEŽE VLEČENO TESTO, SPAR, 400G","2,19 €",,https://www.spar.si/online/sveze-vleceno-testo-spar-400g/p/309038
Spar,hlajeni in mlecni izdelki,testo in pripravljene jedi,539447,"LISTNATO TESTO MASLENO, SPAR PREMIUM, 280G","2,29 €",,https://www.spar.si/online/listnato-testo-masleno-spar-premium-280g/p/539447
Spar,hlajeni in mlecni izdelki,testo in pripravljene jedi,432297,"SVEŽE VLEČENO TESTO V LISTIH, S-BUDGET, 11/1, 500G; V zavitku je 11 listov svežega vlečenega testa. Testo je ovito v papir za peko, ki se lahko uporabi pri peki.","1,35 €",,https://www.spar.si/online/sveze-vleceno-testo-v-listih-s-budget-111-500g/p/432297
Spar,hlajeni in mlecni izdelki,testo in pripravljene jedi,390764,"LISTNATO TESTO, S-BUDGET, 275G","0,75 €",,https://www.spar.si/online/listnato-testo-s-budget-275g/p/390764
Spar,hlajeni in mlecni izdelki,testo in pripravljene jedi,157957,"SVEŽE VLEČENO TESTO, PEČJAK, 500G","2,98 €",,https://www.spar.si/online/sveze-vleceno-testo-pecjak-500g/p/157957
Spar,hlajeni in mlecni izdelki,testo in pripravljene jedi,553411,"KVAŠENO TESTO ZA PIZZO, SPAR, 400G; Spar sveže kvašeno testo za pizzo z oljčni oljem 1,2%, razvaljano na papirju za peko, pripravljeno za pečenje, brez palmovega olja.; ; Brez palmovega olja.<...","1,29 €",,https://www.spar.si/online/kvaseno-testo-za-pizzo-spar-400g/p/553411
Spar,hlajeni in mlecni izdelki,testo in pripravljene jedi,496172,"BIO KVAŠENO TESTO ZA PIZZO, SPAR NATUR*PUR, 400G; Bio kvašeno testo za pizzo, razvaljano, iz ekološke pridelave; 1 pravokotno razvaljan kos.","2,19 €",,https://www.spar.si/online/bio-kvaseno-testo-za-pizzo-spar-naturpur-400g/p/496172
Spar,hlajeni in mlecni izdelki,testo in pripravljene jedi,502703,"SVEŽE PIRINO TESTO ZA PIZZO, TANTE FANNY, 400G","3,69 €",,https://www.spar.si/online/sveze-pirino-testo-za-pizzo-tante-fanny-400g/p/502703
Spar,hlajeni in mlecni izdelki,testo in pripravljene jedi,281255,"SVEŽE KVAŠENO LISTNATO TESTO, TANTE FANNY, 400G","2,69 €",,https://www.spar.si/online/sveze-kvaseno-listnato-testo-tante-fanny-400g/p/281255
Spar,hlajeni in mlecni izdelki,testo in pripravljene jedi,295988,"KROMPIRJEVI NJOKI, SPAR, 500G","1,23 €",,https://www.spar.si/online/krompirjevi-njoki-spar-500g/p/295988
Spar,hlajeni in mlecni izdelki,testo in pripravljene jedi,367052,"KROMPIRJEVI NJOKI S-BUDGET, 1KG","1,39 €",,https://www.spar.si/online/krompirjevi-njoki-s-budget-1kg/p/367052
Spar,hlajeni in mlecni izdelki,testo in pripravljene jedi,554582,"BIO KROMPIRJEVI NJOKI, DESPAR BIO, LOGICO, 400G; Iz svežega krompirja, kuhanega v pari.","1,99 €",,https://www.spar.si/online/bio-krompirjevi-njoki-despar-bio-logico-400g/p/554582
Spar,meso mesni izdelki ribe,sveze meso,571608,"PIŠČANČJE PRSI FILE, SPAR, 500G","4,59 €",,https://www.spar.si/online/piscancje-prsi-file-spar-500g/p/571608
Spar,meso mesni izdelki ribe,sveze meso,545129,"PIŠČANČJI ZREZKI SPAR, 480G","4,29 €",,https://www.spar.si/online/piscancji-zrezki-spar-480g/p/545129
Spar,meso mesni izdelki ribe,sveze meso,555172,"MLADI GOVEJI ZREZKI, SPAR, 1KG","7,00 €",,https://www.spar.si/online/mladi-goveji-zrezki-spar-1kg/p/555172
Spar,meso mesni izdelki ribe,sveze meso,405796,"PIŠČANEC Z DROBOVINO, CELI, SPAR, 1KG","6,58 €",,https://www.spar.si/online/piscanec-z-drobovino-celi-spar-1kg/p/405796
Spar,meso mesni izdelki ribe,sveze meso,571605,"PIŠČANČJE KRAČE IN STEGNA, SPAR, 850G","3,89 €",,https://www.spar.si/online/piscancje-krace-in-stegna-spar-850g/p/571605
Spar,meso mesni izdelki ribe,sveze meso,599895,"PRIPRAVEK MLETEGA MESA, SVINJSKO IN GOVEJE, SPAR, 630G, XXL","5,89 €",,https://www.spar.si/online/pripravek-mletega-mesa-svinjsko-in-goveje-spar-630g-xxl/p/599895
Spar,meso mesni izdelki ribe,sveze meso,551053,"MLETO MEŠANO MESO, SVINJSKO IN GOVEJE, SPAR, 480G","3,09 €",,https://www.spar.si/online/mleto-mesano-meso-svinjsko-in-goveje-spar-480g/p/551053
Spar,meso mesni izdelki ribe,sveze meso,603742,"PLESKAVICE 450 G PREMIUM SPAR; SPAR PREMIUM pleskavice, mesni pripravek iz slovenskega svinjskega in govejega mesa. Pleskavice so izdelane iz visokokakovostnega svežega mesa. Izbranemu sloven...","6,19 €",,https://www.spar.si/online/pleskavice-450-g-premium-spar/p/603742
Spar,meso mesni izdelki ribe,sveze meso,586869,"DEBRECINKE, SPAR BBQ, 300G","2,79 €",,https://www.spar.si/online/debrecinke-spar-bbq-300g/p/586869
Spar,meso mesni izdelki ribe,sveze meso,619023,"BBQ KLOBASA PIKANT IZ DIVJEGA PRAŠIČA UROŠ ŠTEFELIN, SPAR PREMIUM, 280G; Klobasa je rahlo dimljena z naravnim dimom bukovih drv.","4,89 €",,https://www.spar.si/online/bbq-klobasa-pikant-iz-divjega-prasica-uros-stefelin-spar-premium-280g/p/619023
Spar,meso mesni izdelki ribe,sveze meso,555172,"MLADI GOVEJI ZREZKI, SPAR, 1KG","7,00 €",,https://www.spar.si/online/mladi-goveji-zrezki-spar-1kg/p/555172
Spar,meso mesni izdelki ribe,sveze meso,623491,"BIO GOVEJE KOCKE, SPAR NATUR*PUR, 450G; - 100% BIO meso iz ekološke pridelave; - certifikat izbrana kakovost; - zagotovljena prosta paša živali; - naravna, kakovostna krma brez GSO; - večina k...","13,99 €",,https://www.spar.si/online/bio-goveje-kocke-spar-naturpur-450g/p/623491
Spar,meso mesni izdelki ribe,sveze meso,623490,"BIO GOVEJE MLETO MESO, SPAR NATUR*PUR, 400G; Poreklo: Slovenija; - 100% BIO meso iz ekološke pridelave; - certifikat izbrana kakovost; - zagotovljena prosta paša živali; - naravna, kakovostna krma ...","11,99 €",,https://www.spar.si/online/bio-goveje-mleto-meso-spar-naturpur-400g/p/623490
Spar,meso mesni izdelki ribe,sveze meso,514749,"GOVEJI BURGER RED ANGUS, SPAR BBQ, 1KG","4,50 €",,https://www.spar.si/online/goveji-burger-red-angus-spar-bbq-1kg/p/514749
Spar,meso mesni izdelki ribe,sveze meso,602502,"GOVEJI BURGER, SPAR PREMIUM, 300G; SPAR PREMIUM goveji burger je pripravljen iz skrbno zorjenega mesa. Proces zorjenja izboljša okus in ohranja meso nežno in voljno. Burger lahko pripravite po sv...","7,49 €",,https://www.spar.si/online/goveji-burger-spar-premium-300g/p/602502
Spar,meso mesni izdelki ribe,sveze meso,571608,"PIŠČANČJE PRSI FILE, SPAR, 500G","4,59 €",,https://www.spar.si/online/piscancje-prsi-file-spar-500g/p/571608
Spar,meso mesni izdelki ribe,sveze meso,545129,"PIŠČANČJI ZREZKI SPAR, 480G","4,29 €",,https://www.spar.si/online/piscancji-zrezki-spar-480g/p/545129
Spar,meso mesni izdelki ribe,sveze meso,405796,"PIŠČANEC Z DROBOVINO, CELI, SPAR, 1KG","6,58 €",,https://www.spar.si/online/piscanec-z-drobovino-celi-spar-1kg/p/405796
Spar,meso mesni izdelki ribe,sveze meso,571605,"PIŠČANČJE KRAČE IN STEGNA, SPAR, 850G","3,89 €",,https://www.spar.si/online/piscancje-krace-in-stegna-spar-850g/p/571605
Spar,meso mesni izdelki ribe,sveze meso,545130,"PIŠČANČJI MINI FILE, SPAR, 400G","3,49 €",,https://www.spar.si/online/piscancji-mini-file-spar-400g/p/545130
Spar,meso mesni izdelki ribe,sveze meso,660095,"JAGENJČEK MARINIRAN S CHEFOVIMI ZAČIMBAMI GREGOR VRAČKO, SPAR PREMIUM, 1KG; Naš izbrani jagenjček je znan po svoji nežnosti in bogatem okusu. Mariniran je v bogati mešanici dišečih začimb, katere poudarjajo njegovo sočnost in okus. Prip...","53,98 €",,https://www.spar.si/online/jagenjcek-mariniran-s-chefovimi-zacimbami-gregor-vracko-spar-premium-1kg/p/660095
Spar,meso mesni izdelki ribe,sveze meso,636514,"KUNČJE PLEČE S KOSTJO PAKIRANO, KMETIJA ŽGAJNER, 500G","5,99 €",,https://www.spar.si/online/kuncje-plece-s-kostjo-pakirano-kmetija-zgajner-500g/p/636514
Spar,meso mesni izdelki ribe,sveze meso,565374,"TELEČJI ZREZKI IZ STEGNA, KRISMIT, 1KG","7,80 €",,https://www.spar.si/online/telecji-zrezki-iz-stegna-krismit-1kg/p/565374
Spar,meso mesni izdelki ribe,sveze meso,631888,"KUNEC CELI, PAKIRANO, KMETIJA ŽGAJNAR, 1 KG","8,50 €",,https://www.spar.si/online/kunec-celi-pakirano-kmetija-zgajnar-1-kg/p/631888
Spar,meso mesni izdelki ribe,sveze meso,233615,"SRNJE STEGNO, NIMROD, 1KG","16,00 €",,https://www.spar.si/online/srnje-stegno-nimrod-1kg/p/233615
Spar,meso mesni izdelki ribe,mesni izdelki,506912,"TIROLSKA SALAMA SPAR, 400G; Poltrajna klobasa.","2,19 €",,https://www.spar.si/online/tirolska-salama-spar-400g/p/506912
Spar,meso mesni izdelki ribe,mesni izdelki,596622,"KMEČKA KLOBASA, SPAR, CCA.250G; SPAR kmečka klobasa, poltrajna klobasa, rahlo dimljena.","3,00 €",,https://www.spar.si/online/kmecka-klobasa-spar-cca250g/p/596622
Spar,meso mesni izdelki ribe,mesni izdelki,568509,"PREKAJEN VRAT, SPAR, 1KG, (V KOSU)","4,99 €",,https://www.spar.si/online/prekajen-vrat-spar-1kg-v-kosu/p/568509
Spar,meso mesni izdelki ribe,mesni izdelki,369640,"ŠUNKA V OVITKU, SPAR, 1KG","0,55 €",,https://www.spar.si/online/sunka-v-ovitku-spar-1kg/p/369640
Spar,meso mesni izdelki ribe,mesni izdelki,485532,"BLEJSKA KLOBASA, SPAR, 400G","2,55 €",,https://www.spar.si/online/blejska-klobasa-spar-400g/p/485532
Spar,meso mesni izdelki ribe,mesni izdelki,387935,"HRENOVKE SPAR, 1KG; Hrenovka je fino mleta barjena klobasa oblikovana v pare z blago izraženim okusom po dimu, polnjena v naravno ovčje črevo.","1,65 €",,https://www.spar.si/online/hrenovke-spar-1kg/p/387935
Spar,meso mesni izdelki ribe,mesni izdelki,497475,"KRAŠKA PANCETA, SPAR, 1KG; Zaščitena geografska označba.","5,52 €",,https://www.spar.si/online/kraska-panceta-spar-1kg/p/497475
Spar,meso mesni izdelki ribe,mesni izdelki,654415,"ČAJNA KLOBASA, SPAR, 1KG","8,99 €",,https://www.spar.si/online/cajna-klobasa-spar-1kg/p/654415
Spar,meso mesni izdelki ribe,mesni izdelki,629823,"SPAR FRANKFURTER, BARJENA KLOBASA, 1KG","28,58 €",,https://www.spar.si/online/spar-frankfurter-barjena-klobasa-1kg/p/629823
Spar,meso mesni izdelki ribe,mesni izdelki,618015,"TOLMINSKI ŽELODEC, SPAR PREMIUM, 1KG; Slovenska specialiteta; Tolminski želodec je izdelan iz skrbno izbranega kakovostnega grobo mletega svinjskega in govejega mesa ter slanine. Njegova specifičn...","9,60 €","REDNA CENA 12,00 €",https://www.spar.si/online/tolminski-zelodec-spar-premium-1kg/p/618015
Spar,meso mesni izdelki ribe,mesni izdelki,506912,"TIROLSKA SALAMA SPAR, 400G; Poltrajna klobasa.","2,19 €",,https://www.spar.si/online/tirolska-salama-spar-400g/p/506912
Spar,meso mesni izdelki ribe,mesni izdelki,596622,"KMEČKA KLOBASA, SPAR, CCA.250G; SPAR kmečka klobasa, poltrajna klobasa, rahlo dimljena.","3,00 €",,https://www.spar.si/online/kmecka-klobasa-spar-cca250g/p/596622
Spar,meso mesni izdelki ribe,mesni izdelki,568509,"PREKAJEN VRAT, SPAR, 1KG, (V KOSU)","4,99 €",,https://www.spar.si/online/prekajen-vrat-spar-1kg-v-kosu/p/568509
Spar,meso mesni izdelki ribe,mesni izdelki,369640,"ŠUNKA V OVITKU, SPAR, 1KG","0,55 €",,https://www.spar.si/online/sunka-v-ovitku-spar-1kg/p/369640
Spar,meso mesni izdelki ribe,mesni izdelki,485532,"BLEJSKA KLOBASA, SPAR, 400G","2,55 €",,https://www.spar.si/online/blejska-klobasa-spar-400g/p/485532
Spar,meso mesni izdelki ribe,mesni izdelki,246413,"PIŠČANČJE HRENOVKE, SPAR, 210G","1,55 €",,https://www.spar.si/online/piscancje-hrenovke-spar-210g/p/246413
Spar,meso mesni izdelki ribe,mesni izdelki,631067,"KMEČKE HRENOVKE, SPAR, 280G","4,59 €",,https://www.spar.si/online/kmecke-hrenovke-spar-280g/p/631067
Spar,meso mesni izdelki ribe,mesni izdelki,599024,"BARJENA KLOBASA, S-BUDGET, 1KG","3,99 €",,https://www.spar.si/online/barjena-klobasa-s-budget-1kg/p/599024
Spar,meso mesni izdelki ribe,mesni izdelki,365736,"HRENOVKE PARTY HOT-DOG, S-BUDGET, 500G","2,99 €",,https://www.spar.si/online/hrenovke-party-hot-dog-s-budget-500g/p/365736
Spar,meso mesni izdelki ribe,mesni izdelki,627754,"PERUTNINSKE HRENOVKE, S-BUDGET, 250G","0,74 €",,https://www.spar.si/online/perutninske-hrenovke-s-budget-250g/p/627754
Spar,meso mesni izdelki ribe,mesni izdelki,413560,"OCVIRKI, SPAR, 230G","3,32 €",,https://www.spar.si/online/ocvirki-spar-230g/p/413560
Spar,meso mesni izdelki ribe,mesni izdelki,413562,"OCVIRKOVA MAST, SPAR, 450G","3,99 €",,https://www.spar.si/online/ocvirkova-mast-spar-450g/p/413562
Spar,meso mesni izdelki ribe,mesni izdelki,413563,"TRADICIONALNA SVINJSKA MAST, SPAR, 950G","3,79 €",,https://www.spar.si/online/tradicionalna-svinjska-mast-spar-950g/p/413563
Spar,meso mesni izdelki ribe,mesni izdelki,383993,"JETRNA PAŠTETA SPAR, 200G; Jetrna pašteta.","1,54 €",,https://www.spar.si/online/jetrna-pasteta-spar-200g/p/383993
Spar,meso mesni izdelki ribe,mesni izdelki,641074,"TLAČENKA, S-BUDGET, 400G","1,99 €",,https://www.spar.si/online/tlacenka-s-budget-400g/p/641074
Spar,meso mesni izdelki ribe,ribe,635292,"KOZICE V HRUSTLJAVEM PIKANTNEM TESTU HOT - SPICY, SPAR, 240G; Kozice gojene na Tajskem.","5,99 €",,https://www.spar.si/online/kozice-v-hrustljavem-pikantnem-testu-hot-spicy-spar-240g/p/635292
Spar,meso mesni izdelki ribe,ribe,596805,"ATLANTSKI LOSOS DIMLJEN, V REZINAH, SPAR, 100G; Gojeno: Norveška; FAO 027; v kletkah. Omega 3 maščobne kisline: 1,7g/100g. Ta izdelek je zadovoljil zahteve mednarodnega standarda ASC za odgovorno vzrejo rib i...","3,39 €",,https://www.spar.si/online/atlantski-losos-dimljen-v-rezinah-spar-100g/p/596805
Spar,meso mesni izdelki ribe,ribe,570568,"OČIŠČENE KOZICE PREDKUHANE, V SLANICI, SPAR, 180G; Ribolovno območje: ulovljeno v Severozahodnem Atlantiku (FAO 21) s pelagičnimi vlečnimi mrežami za kozice.","2,99 €",,https://www.spar.si/online/ociscene-kozice-predkuhane-v-slanici-spar-180g/p/570568
Spar,meso mesni izdelki ribe,ribe,592816,"BIO ATLANTSKI LOSOS, REZINE, SPAR NATUR*PUR, 100G","3,79 €",,https://www.spar.si/online/bio-atlantski-losos-rezine-spar-naturpur-100g/p/592816
Spar,meso mesni izdelki ribe,ribe,564759,"OMAKA MORSKI SADEŽI DESPAR ERA ORA, 450G; *Priporočeni vnosi za povprečno odraslo osebo (8400 kJ/ 2000 kcal).","4,99 €",,https://www.spar.si/online/omaka-morski-sadezi-despar-era-ora-450g/p/564759
Spar,meso mesni izdelki ribe,ribe,596511,"PACIFIŠKI LOSOS, FILE S KOŽO, 1KG","23,39 €",,https://www.spar.si/online/pacifiski-losos-file-s-kozo-1kg/p/596511
Spar,meso mesni izdelki ribe,ribe,554341,"TUN RUMENOPLAVUTI FILE, 1KG","9,90 €",,https://www.spar.si/online/tun-rumenoplavuti-file-1kg/p/554341
Spar,meso mesni izdelki ribe,ribe,430397,"ATLANTSKI LOSOS FILE, OLUSKAN, 1KG; GOJENO NORVEŠKA","19,99 €",,https://www.spar.si/online/atlantski-losos-file-oluskan-1kg/p/430397
Spar,meso mesni izdelki ribe,ribe,413612,"ATLANTSKI LOSOS KOSI, SVEŽE, 1KG","5,00 €",,https://www.spar.si/online/atlantski-losos-kosi-sveze-1kg/p/413612
Spar,meso mesni izdelki ribe,ribe,635292,"KOZICE V HRUSTLJAVEM PIKANTNEM TESTU HOT - SPICY, SPAR, 240G; Kozice gojene na Tajskem.","5,99 €",,https://www.spar.si/online/kozice-v-hrustljavem-pikantnem-testu-hot-spicy-spar-240g/p/635292
Spar,meso mesni izdelki ribe,ribe,570568,"OČIŠČENE KOZICE PREDKUHANE, V SLANICI, SPAR, 180G; Ribolovno območje: ulovljeno v Severozahodnem Atlantiku (FAO 21) s pelagičnimi vlečnimi mrežami za kozice.","2,99 €",,https://www.spar.si/online/ociscene-kozice-predkuhane-v-slanici-spar-180g/p/570568
Spar,meso mesni izdelki ribe,ribe,564759,"OMAKA MORSKI SADEŽI DESPAR ERA ORA, 450G; *Priporočeni vnosi za povprečno odraslo osebo (8400 kJ/ 2000 kcal).","4,99 €",,https://www.spar.si/online/omaka-morski-sadezi-despar-era-ora-450g/p/564759
Spar,meso mesni izdelki ribe,ribe,455613,"SLANI FILETI INČUNOV, DELAMARIS, 156G","5,39 €",,https://www.spar.si/online/slani-fileti-incunov-delamaris-156g/p/455613
Spar,meso mesni izdelki ribe,ribe,412895,"KOZICE V SLANICI PREMIUS, VIČI, 200G","4,29 €",,https://www.spar.si/online/kozice-v-slanici-premius-vici-200g/p/412895
Spar,meso mesni izdelki ribe,ribe,596805,"ATLANTSKI LOSOS DIMLJEN, V REZINAH, SPAR, 100G; Gojeno: Norveška; FAO 027; v kletkah. Omega 3 maščobne kisline: 1,7g/100g. Ta izdelek je zadovoljil zahteve mednarodnega standarda ASC za odgovorno vzrejo rib i...","3,39 €",,https://www.spar.si/online/atlantski-losos-dimljen-v-rezinah-spar-100g/p/596805
Spar,meso mesni izdelki ribe,ribe,592816,"BIO ATLANTSKI LOSOS, REZINE, SPAR NATUR*PUR, 100G","3,79 €",,https://www.spar.si/online/bio-atlantski-losos-rezine-spar-naturpur-100g/p/592816
Spar,meso mesni izdelki ribe,ribe,589422,"NORVEŠKI DIMLJENI LOSOS V REZINAH, S-BUDGET, 200G; Gojeno:Norveška.; ; Kljub skrbni predelavi so lahko prisotne posamezne kosti ali delčki kosti.","4,78 €",,https://www.spar.si/online/norveski-dimljeni-losos-v-rezinah-s-budget-200g/p/589422
Spar,meso mesni izdelki ribe,ribe,503057,"FILETI SARDONOV (INČUNOV) V SONČNIČNEM OLJU, S-BUDGET, 140G; /","2,79 €",,https://www.spar.si/online/fileti-sardonov-incunov-v-soncnicnem-olju-s-budget-140g/p/503057
Spar,meso mesni izdelki ribe,ribe,634932,"KAVIAR ČRNI, ROYAL GREENLAND, 50G; Ta izdelek spada v našo blagovno ponudbo kakovostnih morskih izdelkov, pripravljenih za enostavno in okusno postrežbo brez dodatne priprave.; ; Pasteriziran...","2,69 €",,https://www.spar.si/online/kaviar-crni-royal-greenland-50g/p/634932
Spar,vse za zajtrk malico ali kosilo,kosmici in msliji,298126,"MÜSLI PLOŠČICA MARELICA SPAR, 30G; /","0,35 €",,https://www.spar.si/online/msli-ploscica-marelica-spar-30g/p/298126
Spar,vse za zajtrk malico ali kosilo,kosmici in msliji,298129,"MÜSLI PLOŠČICA JABOLKO SPAR, 30G; /","0,35 €",,https://www.spar.si/online/msli-ploscica-jabolko-spar-30g/p/298129
Spar,vse za zajtrk malico ali kosilo,kosmici in msliji,505511,"MÜSLI TRI VRSTE ČOKOLADE KNUSPER, SPAR, 500G; /","3,09 €",,https://www.spar.si/online/msli-tri-vrste-cokolade-knusper-spar-500g/p/505511
Spar,vse za zajtrk malico ali kosilo,kosmici in msliji,236866,"KOSMIČI Z MEDOM HONEY POPS SPAR, 500G; Ekstrudirana pšenica z medom, vitamini in železom.","1,89 €",,https://www.spar.si/online/kosmici-z-medom-honey-pops-spar-500g/p/236866
Spar,vse za zajtrk malico ali kosilo,kosmici in msliji,236863,"KOSMIČI ČOKOLADA CHOCO FLAKES SPAR, 500G; Hrustljavi pšenični ekstrudat z okusom čokolade.","2,19 €",,https://www.spar.si/online/kosmici-cokolada-choco-flakes-spar-500g/p/236863
Spar,vse za zajtrk malico ali kosilo,kosmici in msliji,236866,"KOSMIČI Z MEDOM HONEY POPS SPAR, 500G; Ekstrudirana pšenica z medom, vitamini in železom.","1,89 €",,https://www.spar.si/online/kosmici-z-medom-honey-pops-spar-500g/p/236866
Spar,vse za zajtrk malico ali kosilo,kosmici in msliji,236863,"KOSMIČI ČOKOLADA CHOCO FLAKES SPAR, 500G; Hrustljavi pšenični ekstrudat z okusom čokolade.","2,19 €",,https://www.spar.si/online/kosmici-cokolada-choco-flakes-spar-500g/p/236863
Spar,vse za zajtrk malico ali kosilo,kosmici in msliji,390013,"LEŠNIKOVE BLAZINICE NOUGAT BITES SPAR, 500G; Žitne blazinice s kremnim polnilom z okusom nougata (42%)","2,52 €",,https://www.spar.si/online/lesnikove-blazinice-nougat-bites-spar-500g/p/390013
Spar,vse za zajtrk malico ali kosilo,kosmici in msliji,538638,"MUSLI S SUHIM SADJEM IN OREŠČKI SPAR, 500G; /","2,99 €",,https://www.spar.si/online/musli-s-suhim-sadjem-in-orescki-spar-500g/p/538638
Spar,vse za zajtrk malico ali kosilo,kosmici in msliji,227027,"KORUZNI KOSMIČI SPAR, 500G; Koruzni kosmiči.","2,18 €",,https://www.spar.si/online/koruzni-kosmici-spar-500g/p/227027
Spar,vse za zajtrk malico ali kosilo,kosmici in msliji,505511,"MÜSLI TRI VRSTE ČOKOLADE KNUSPER, SPAR, 500G; /","3,09 €",,https://www.spar.si/online/msli-tri-vrste-cokolade-knusper-spar-500g/p/505511
Spar,vse za zajtrk malico ali kosilo,kosmici in msliji,505495,"MÜSLI Z BELO ČOKOLADO IN MALINAMI KNUSPER, SPAR, 400G; /","3,39 €",,https://www.spar.si/online/msli-z-belo-cokolado-in-malinami-knusper-spar-400g/p/505495
Spar,vse za zajtrk malico ali kosilo,kosmici in msliji,505517,"MÜSLI S SADJEM KNUSPER, SPAR, 500G; /","3,09 €",,https://www.spar.si/online/msli-s-sadjem-knusper-spar-500g/p/505517
Spar,vse za zajtrk malico ali kosilo,kosmici in msliji,541015,"BIO MÜSLI KOKOS IN KVINOJA SPAR NATUR*PUR, 375G; /","2,79 €",,https://www.spar.si/online/bio-msli-kokos-in-kvinoja-spar-naturpur-375g/p/541015
Spar,vse za zajtrk malico ali kosilo,kosmici in msliji,519790,"MÜSLI Z JAGODAMI SPAR PREMIUM, 300G; /","3,99 €",,https://www.spar.si/online/msli-z-jagodami-spar-premium-300g/p/519790
Spar,vse za zajtrk malico ali kosilo,kosmici in msliji,298126,"MÜSLI PLOŠČICA MARELICA SPAR, 30G; /","0,35 €",,https://www.spar.si/online/msli-ploscica-marelica-spar-30g/p/298126
Spar,vse za zajtrk malico ali kosilo,kosmici in msliji,298129,"MÜSLI PLOŠČICA JABOLKO SPAR, 30G; /","0,35 €",,https://www.spar.si/online/msli-ploscica-jabolko-spar-30g/p/298129
Spar,vse za zajtrk malico ali kosilo,kosmici in msliji,443301,"MÜSLI PLOŠČICA KOKOS, SPAR, 6/1, 150G; Žitna ploščica s kokosovimi kosmiči oblita z mlečno čokolado.; Kakavovi deli v čokoladi: najmanj 39 %.","1,39 €",,https://www.spar.si/online/msli-ploscica-kokos-spar-61-150g/p/443301
Spar,vse za zajtrk malico ali kosilo,kosmici in msliji,298117,"MÜSLI PLOŠČICA LEŠNIKI SPAR, 30G; /","0,35 €",,https://www.spar.si/online/msli-ploscica-lesniki-spar-30g/p/298117
Spar,vse za zajtrk malico ali kosilo,kosmici in msliji,298130,"MÜSLI PLOŠČICA MALINA SPAR, 30G; /","0,35 €",,https://www.spar.si/online/msli-ploscica-malina-spar-30g/p/298130
Spar,vse za zajtrk malico ali kosilo,namazi,655772,"ARAŠIDOV NAMAZ S KOŠČKI ARAŠIDOV, SPAR, 350G","1,89 €",,https://www.spar.si/online/arasidov-namaz-s-koscki-arasidov-spar-350g/p/655772
Spar,vse za zajtrk malico ali kosilo,namazi,399113,"TOČENI CVETLIČNI MED, SPAR, 900G; Točeni cvetlični med je med preverjene kakovosti. Cvetlični med prepoznamo po dokaj svetli barvi, prijetnemu vonju po sadju in medonosnih travniških cvetlicah. ...","9,79 €",,https://www.spar.si/online/toceni-cvetlicni-med-spar-900g/p/399113
Spar,vse za zajtrk malico ali kosilo,namazi,633687,"TUNINA PAŠTETA, SPAR, 95G; Črtasti tun (Katsuwonus pelamis) ulovljen v Vzhodnem Srednjem Atlantiku (FAO 34), Zahodnem Indijskem oceanu (FAO 51) ali Pacifiku (FAO 71, 81, 87) z zapornimi p...","1,09 €",,https://www.spar.si/online/tunina-pasteta-spar-95g/p/633687
Spar,vse za zajtrk malico ali kosilo,namazi,168249,"NEPEKOČ AJVAR SPAR, 280G","1,49 €",,https://www.spar.si/online/nepekoc-ajvar-spar-280g/p/168249
Spar,vse za zajtrk malico ali kosilo,namazi,215919,"PURANJI NAREZEK, SPAR, 145G","0,96 €",,https://www.spar.si/online/puranji-narezek-spar-145g/p/215919
Spar,vse za zajtrk malico ali kosilo,namazi,619607,"KAKAVOV IN BELI NAMAZ, SPAR, 400G; SPAR kakavov in beli namaz je sestavljen iz polovice kakavove kreme in polovico bele kreme in ponuja idealno; kombinacijo okusov, katero lahko preprosto uživa...","1,59 €",,https://www.spar.si/online/kakavov-in-beli-namaz-spar-400g/p/619607
Spar,vse za zajtrk malico ali kosilo,namazi,631639,"LEŠNIKOV KAKAVOV NAMAZ, SPAR, 400G","2,59 €",,https://www.spar.si/online/lesnikov-kakavov-namaz-spar-400g/p/631639
Spar,vse za zajtrk malico ali kosilo,namazi,413867,"BIO LEŠNIKOV NUGAT NAMAZ, SPAR NATUR*PUR, 400G; Bio lešnikov nugat namaz iz ekološke pridelave.","3,29 €",,https://www.spar.si/online/bio-lesnikov-nugat-namaz-spar-naturpur-400g/p/413867
Spar,vse za zajtrk malico ali kosilo,namazi,553699,"LEŠNIKOV NAMAZ, SPAR PREMIUM, 350G; Namaz z lešniki (30%).","5,19 €",,https://www.spar.si/online/lesnikov-namaz-spar-premium-350g/p/553699
Spar,vse za zajtrk malico ali kosilo,namazi,556208,"DULCE DE LECHE NAMAZ SPAR PREMIUM, 250G","2,99 €",,https://www.spar.si/online/dulce-de-leche-namaz-spar-premium-250g/p/556208
Spar,vse za zajtrk malico ali kosilo,namazi,655772,"ARAŠIDOV NAMAZ S KOŠČKI ARAŠIDOV, SPAR, 350G","1,89 €",,https://www.spar.si/online/arasidov-namaz-s-koscki-arasidov-spar-350g/p/655772
Spar,vse za zajtrk malico ali kosilo,namazi,655773,"ARAŠIDOV NAMAZ, KREMNI, SPAR, 350G","1,89 €",,https://www.spar.si/online/arasidov-namaz-kremni-spar-350g/p/655773
Spar,vse za zajtrk malico ali kosilo,namazi,636367,"NAMAZ IZ PIŠKOTOV, SPAR, 400G","2,99 €",,https://www.spar.si/online/namaz-iz-piskotov-spar-400g/p/636367
Spar,vse za zajtrk malico ali kosilo,namazi,565300,"BIO PASTA IZ PRAŽENIH ARAŠIDOV, SPAR NATUR*PUR, 250G","3,79 €",,https://www.spar.si/online/bio-pasta-iz-prazenih-arasidov-spar-naturpur-250g/p/565300
Spar,vse za zajtrk malico ali kosilo,namazi,659546,"KETO NAMAZ KOKOS, GLUTENO, 200G; Keto namaz kokos 200g, brez glutena, vir beljakovin, brez dodanega sladkorja, keto","7,29 €",,https://www.spar.si/online/keto-namaz-kokos-gluteno-200g/p/659546
Spar,vse za zajtrk malico ali kosilo,namazi,628773,"JAGODNI EKSTRA DŽEM, DESPAR, 340G","1,65 €",,https://www.spar.si/online/jagodni-ekstra-dzem-despar-340g/p/628773
Spar,vse za zajtrk malico ali kosilo,namazi,551872,"DŽEM MARELICA DESPAR, 4X25G; Izdelano iz 45g sadja na 100g.","1,15 €",,https://www.spar.si/online/dzem-marelica-despar-4x25g/p/551872
Spar,vse za zajtrk malico ali kosilo,namazi,629805,"EKSTRA DŽEM IZ GOZDNIH SADEŽEV, DESPAR, 340G; Izdelano iz 55 g sadja na 100 g. Skupni sladkorji 52 g na 100 g.","2,09 €",,https://www.spar.si/online/ekstra-dzem-iz-gozdnih-sadezev-despar-340g/p/629805
Spar,vse za zajtrk malico ali kosilo,namazi,551876,"DŽEM JAGODA DESPAR, 4X25G","1,15 €",,https://www.spar.si/online/dzem-jagoda-despar-4x25g/p/551876
Spar,vse za zajtrk malico ali kosilo,namazi,487876,"EKSTRA DŽEM FIGA, SPAR PREMIUM, 220G; Izdelano iz 82 g sadja na 100 g.","2,59 €",,https://www.spar.si/online/ekstra-dzem-figa-spar-premium-220g/p/487876
Spar,vse za zajtrk malico ali kosilo,namazi,399113,"TOČENI CVETLIČNI MED, SPAR, 900G; Točeni cvetlični med je med preverjene kakovosti. Cvetlični med prepoznamo po dokaj svetli barvi, prijetnemu vonju po sadju in medonosnih travniških cvetlicah. ...","9,79 €",,https://www.spar.si/online/toceni-cvetlicni-med-spar-900g/p/399113
Spar,vse za zajtrk malico ali kosilo,namazi,216601,"GOZDNI MED, SPAR, 900G; Točeni gozdni med je preverjene kakovosti in v sebi združuje najboljše, kar se skriva v gozdu. V gozdnem medu boste zaznali aromo po smoli, orehih, lešnikih, ze...","11,99 €",,https://www.spar.si/online/gozdni-med-spar-900g/p/216601
Spar,vse za zajtrk malico ali kosilo,namazi,653048,"BIO CVETLIČNI MED, SPAR NATUR*PUR, 350G","3,07 €",,https://www.spar.si/online/bio-cvetlicni-med-spar-naturpur-350g/p/653048
Spar,vse za zajtrk malico ali kosilo,namazi,591700,"CVETLIČNI MED, SPAR PREMIUM, 900G","12,59 €",,https://www.spar.si/online/cvetlicni-med-spar-premium-900g/p/591700
Spar,vse za zajtrk malico ali kosilo,namazi,650564,"CVETLIČNI KREMNI MED, S-BUDGET, 0,5KG; Mešanica medu iz EU in medu, ki ni iz EU. Natančnejše poreklo je dodatno odtisnjeno na originalni etiketi. Med zaradi mehanske obdelave pridobi kremno teksturo ...","3,99 €",,https://www.spar.si/online/cvetlicni-kremni-med-s-budget-05kg/p/650564
Spar,vse za zajtrk malico ali kosilo,namazi,427214,"JETRNA PAŠTETA, SPAR, 100G","0,79 €",,https://www.spar.si/online/jetrna-pasteta-spar-100g/p/427214
Spar,vse za zajtrk malico ali kosilo,namazi,556184,"ČAJNA PAŠTETA, S-BUDGET, 50G","0,25 €",,https://www.spar.si/online/cajna-pasteta-s-budget-50g/p/556184
Spar,vse za zajtrk malico ali kosilo,namazi,556139,"PIŠČANČJA PAŠTETA, S-BUDGET, 50G","0,29 €",,https://www.spar.si/online/piscancja-pasteta-s-budget-50g/p/556139
Spar,vse za zajtrk malico ali kosilo,namazi,556138,"JETRNA PAŠTETA, S-BUDGET, 50G","0,29 €",,https://www.spar.si/online/jetrna-pasteta-s-budget-50g/p/556138
Spar,vse za zajtrk malico ali kosilo,namazi,556134,"DOMAČA PAŠTETA, S-BUDGET, 50G","0,29 €",,https://www.spar.si/online/domaca-pasteta-s-budget-50g/p/556134
Spar,vse za zajtrk malico ali kosilo,namazi,633687,"TUNINA PAŠTETA, SPAR, 95G; Črtasti tun (Katsuwonus pelamis) ulovljen v Vzhodnem Srednjem Atlantiku (FAO 34), Zahodnem Indijskem oceanu (FAO 51) ali Pacifiku (FAO 71, 81, 87) z zapornimi p...","1,09 €",,https://www.spar.si/online/tunina-pasteta-spar-95g/p/633687
Spar,vse za zajtrk malico ali kosilo,namazi,534263,"RIBJA PAŠTETA Z JADRANSKIMI KOZICAMI, SPAR PREMIUM, 165G; Riba ulovljena v Tihem oceanu.","3,19 €",,https://www.spar.si/online/ribja-pasteta-z-jadranskimi-kozicami-spar-premium-165g/p/534263
Spar,vse za zajtrk malico ali kosilo,namazi,76883,"TUNIN NAMAZ RIO MARE PATE, 100G","3,09 €",,https://www.spar.si/online/tunin-namaz-rio-mare-pate-100g/p/76883
Spar,vse za zajtrk malico ali kosilo,namazi,373902,"PAŠTETA TUNINA SICILIANA, ARGETA, 95G; Dodane mlečne beljakovine. Brez aditivov. Brez glutena.","1,40 €","REDNA CENA 1,65 €",https://www.spar.si/online/pasteta-tunina-siciliana-argeta-95g/p/373902
Spar,vse za zajtrk malico ali kosilo,namazi,391566,"TUNINA PAŠTETA SUPER TUNA, ARGETA JUNIOR, 95G","1,67 €",,https://www.spar.si/online/tunina-pasteta-super-tuna-argeta-junior-95g/p/391566
Spar,vse za zajtrk malico ali kosilo,namazi,215919,"PURANJI NAREZEK, SPAR, 145G","0,96 €",,https://www.spar.si/online/puranji-narezek-spar-145g/p/215919
Spar,vse za zajtrk malico ali kosilo,namazi,215918,"KMEČKI NAREZEK, SPAR, 145G","0,99 €",,https://www.spar.si/online/kmecki-narezek-spar-145g/p/215918
Spar,vse za zajtrk malico ali kosilo,namazi,215808,"MESNI NAREZEK, SPAR, 145G","1,14 €",,https://www.spar.si/online/mesni-narezek-spar-145g/p/215808
Spar,vse za zajtrk malico ali kosilo,namazi,555741,"NAREZEK MESNI, S-BUDGET, 145G","0,99 €",,https://www.spar.si/online/narezek-mesni-s-budget-145g/p/555741
Spar,vse za zajtrk malico ali kosilo,namazi,395381,"PIŠČANČJI NAREZEK S-BUDGET, 150G","0,96 €",,https://www.spar.si/online/piscancji-narezek-s-budget-150g/p/395381
Spar,vse za zajtrk malico ali kosilo,namazi,168249,"NEPEKOČ AJVAR SPAR, 280G","1,49 €",,https://www.spar.si/online/nepekoc-ajvar-spar-280g/p/168249
Spar,vse za zajtrk malico ali kosilo,namazi,253534,"NAMAZ S PAPRIKO, SPAR, 330G","1,69 €",,https://www.spar.si/online/namaz-s-papriko-spar-330g/p/253534
Spar,vse za zajtrk malico ali kosilo,namazi,594679,"BAKALA NAMAZ IZ POLENOVKE, SPAR, 150G; Ribji namaz iz polenovke, pasteriziran.; ; Povprečna hranilna vrednost na 100g:; Energijska vrednost 2911kJ/707kcal; Maščobe 75g; od tega nasičene maš...","2,99 €",,https://www.spar.si/online/bakala-namaz-iz-polenovke-spar-150g/p/594679
Spar,vse za zajtrk malico ali kosilo,namazi,343921,"POLPEKOČ AJVAR SPAR, 360G","1,53 €",,https://www.spar.si/online/polpekoc-ajvar-spar-360g/p/343921
Spar,vse za zajtrk malico ali kosilo,namazi,288152,"LJUTENICA SPAR, 350G","1,84 €",,https://www.spar.si/online/ljutenica-spar-350g/p/288152
Spar,vse za zajtrk malico ali kosilo,sendvici narezki in solate,303417,"BAGETA S ČESNOM IN MASLOM SPAR, 175G; Štručko postrežemo kot prilogo k solatam, jedem z žara, zrezkom in kremnim juham.","1,19 €",,https://www.spar.si/online/bageta-s-cesnom-in-maslom-spar-175g/p/303417
Spar,vse za zajtrk malico ali kosilo,sendvici narezki in solate,303418,"BAGETA Z ZELIŠČI SPAR, 175G; Štručko postrežemo kot prilogo k solatam, jedem iz žara, zrezkom in kremnim juham.","1,19 €",,https://www.spar.si/online/bageta-z-zelisci-spar-175g/p/303418
Spar,vse za zajtrk malico ali kosilo,sendvici narezki in solate,449013,"SOLATA S PIŠČANČJIMI FINGERSI, SPAR TO GO, 1KG; Sveže pripravljene zelenjavne solate SPAR TO GO že na oko privabijo z raznolikostjo sestavin in pisanimi barvami. So res priročna izbira za malico ali kosilo. <...","3,00 €",,https://www.spar.si/online/solata-s-piscancjimi-fingersi-spar-to-go-1kg/p/449013
Spar,vse za zajtrk malico ali kosilo,sendvici narezki in solate,305807,"FITNES SOLATA, SPAR TO GO, 1KG; Sveže pripravljene zelenjavne solate SPAR TO GO že na oko privabijo z raznolikostjo sestavin in pisanimi barvami. So res priročna izbira za malico ali kosilo. <...","3,00 €",,https://www.spar.si/online/fitnes-solata-spar-to-go-1kg/p/305807
Spar,vse za zajtrk malico ali kosilo,sendvici narezki in solate,317843,"REZAN ANANAS, SPAR TO GO, 1KG; Pri sadnih solatah SPAR TO GO lahko izbirate med raznovrstnim že narezanim sadjem v različnih kombinacijah.","2,85 €",,https://www.spar.si/online/rezan-ananas-spar-to-go-1kg/p/317843
Spar,vse za zajtrk malico ali kosilo,sendvici narezki in solate,303417,"BAGETA S ČESNOM IN MASLOM SPAR, 175G; Štručko postrežemo kot prilogo k solatam, jedem z žara, zrezkom in kremnim juham.","1,19 €",,https://www.spar.si/online/bageta-s-cesnom-in-maslom-spar-175g/p/303417
Spar,vse za zajtrk malico ali kosilo,sendvici narezki in solate,303418,"BAGETA Z ZELIŠČI SPAR, 175G; Štručko postrežemo kot prilogo k solatam, jedem iz žara, zrezkom in kremnim juham.","1,19 €",,https://www.spar.si/online/bageta-z-zelisci-spar-175g/p/303418
Spar,vse za zajtrk malico ali kosilo,sendvici narezki in solate,427558,"SENDVIČ BE-FIT, SPAR TO GO, 1/1; Dnevno za vas pripravljamo sveže sendviče.","2,49 €",,https://www.spar.si/online/sendvic-be-fit-spar-to-go-11/p/427558
Spar,vse za zajtrk malico ali kosilo,sendvici narezki in solate,417480,"SENDVIČ VITAL SPAR TO GO, 1/1; Pecivo Chia, piščančje prsi v ovitku, sir, paprika, kalčki alfa, solata.","2,79 €",,https://www.spar.si/online/sendvic-vital-spar-to-go-11/p/417480
Spar,vse za zajtrk malico ali kosilo,sendvici narezki in solate,421397,"BAGUETTA S SUHO SALAMO, SPAR TO GO; Baguetta, suha salama, sir, majoneza, kisle kumarice, solata.","2,49 €",,https://www.spar.si/online/baguetta-s-suho-salamo-spar-to-go/p/421397
Spar,vse za zajtrk malico ali kosilo,sendvici narezki in solate,301019,"SIRNI NAREZEK SPAR TO GO, 600G, ZA 4 OSEBE; POZOR! Narezek je mogoče naročiti le 36h vnaprej. Maksimalna količina za naročanje je zaradi narave izdelka 3 kos.","12,99 €",,https://www.spar.si/online/sirni-narezek-spar-to-go-600g-za-4-osebe/p/301019
Spar,vse za zajtrk malico ali kosilo,sendvici narezki in solate,301018,"MESNI NAREZEK SPAR TO GO, 1200G, ZA 8 OSEB; POZOR! Narezek je mogoče naročiti le 36h vnaprej. Maksimalna količina za naročanje je zaradi narave izdelka 3 kos.","21,99 €",,https://www.spar.si/online/mesni-narezek-spar-to-go-1200g-za-8-oseb/p/301018
Spar,vse za zajtrk malico ali kosilo,sendvici narezki in solate,444507,"PIŠČANČJI WRAP SPAR TO GO; Piščančja tortilja, sirni namaz, ocvrti piščančji zrezek, solata, paprika.","2,49 €",,https://www.spar.si/online/piscancji-wrap-spar-to-go/p/444507
Spar,vse za zajtrk malico ali kosilo,sendvici narezki in solate,301016,"MESNI NAREZEK SPAR TO GO, 600G, ZA 4 OSEBE; POZOR! Narezek je mogoče naročiti le 36h vnaprej. Maksimalna količina za naročanje je zaradi narave izdelka 3 kos.","12,99 €",,https://www.spar.si/online/mesni-narezek-spar-to-go-600g-za-4-osebe/p/301016
Spar,vse za zajtrk malico ali kosilo,sendvici narezki in solate,301020,"SIRNI NAREZEK SPAR TO GO, 1200G, ZA 8 OSEB; POZOR! Narezek je mogoče naročiti le 36h vnaprej. Maksimalna količina za naročanje je zaradi narave izdelka 3 kos.","21,99 €",,https://www.spar.si/online/sirni-narezek-spar-to-go-1200g-za-8-oseb/p/301020
Spar,vse za zajtrk malico ali kosilo,sendvici narezki in solate,449013,"SOLATA S PIŠČANČJIMI FINGERSI, SPAR TO GO, 1KG; Sveže pripravljene zelenjavne solate SPAR TO GO že na oko privabijo z raznolikostjo sestavin in pisanimi barvami. So res priročna izbira za malico ali kosilo. <...","3,00 €",,https://www.spar.si/online/solata-s-piscancjimi-fingersi-spar-to-go-1kg/p/449013
Spar,vse za zajtrk malico ali kosilo,sendvici narezki in solate,305807,"FITNES SOLATA, SPAR TO GO, 1KG; Sveže pripravljene zelenjavne solate SPAR TO GO že na oko privabijo z raznolikostjo sestavin in pisanimi barvami. So res priročna izbira za malico ali kosilo. <...","3,00 €",,https://www.spar.si/online/fitnes-solata-spar-to-go-1kg/p/305807
Spar,vse za zajtrk malico ali kosilo,sendvici narezki in solate,649454,"NIKINA BOVLA - NIKA KRMEC, SPAR TO GO, 400G; To je polna skodelica okusnih svežih sestavin, ki bodo pregnale lakoto in razveselile vaše brbončice. Nika je v tej recepturi puhastemu rižu dodala hrustljavi p...","4,99 €",,https://www.spar.si/online/nikina-bovla-nika-krmec-spar-to-go-400g/p/649454
Spar,vse za zajtrk malico ali kosilo,sendvici narezki in solate,622363,"ZVITKI IZ BUČK NA ŽARU V OLJU, COOLHOUSE, 280G","6,28 €",,https://www.spar.si/online/zvitki-iz-buck-na-zaru-v-olju-coolhouse-280g/p/622363
Spar,vse za zajtrk malico ali kosilo,sendvici narezki in solate,651231,"NIKINI ARANČINI - NIKA KRMEC, SPAR TO GO, 400G","4,10 €",,https://www.spar.si/online/nikini-arancini-nika-krmec-spar-to-go-400g/p/651231
Spar,vse za zajtrk malico ali kosilo,sendvici narezki in solate,317843,"REZAN ANANAS, SPAR TO GO, 1KG; Pri sadnih solatah SPAR TO GO lahko izbirate med raznovrstnim že narezanim sadjem v različnih kombinacijah.","2,85 €",,https://www.spar.si/online/rezan-ananas-spar-to-go-1kg/p/317843
Spar,vse za zajtrk malico ali kosilo,sendvici narezki in solate,317847,"SADNA KUPA SPAR, TO GO, 1KG; Pri sadnih solatah SPAR TO GO lahko izbirate med raznovrstnim že narezanim sadjem v različnih kombinacijah. Sadna kupa: mešano sezonsko sadje;","1,80 €",,https://www.spar.si/online/sadna-kupa-spar-to-go-1kg/p/317847
Spar,vse za zajtrk malico ali kosilo,sendvici narezki in solate,342481,"SADNA SOLATA PINA COLADA, SPAR TO GO, 1KG; Pri sadnih solatah SPAR TO GO lahko izbirate med raznovrstnim že narezanim sadjem v različnih kombinacijah.; Pina colada: narezan ananas in kokos.","2,40 €",,https://www.spar.si/online/sadna-solata-pina-colada-spar-to-go-1kg/p/342481
Spar,vse za zajtrk malico ali kosilo,sendvici narezki in solate,394291,"REZANO SADJE ANANAS, KIVI IN MELONA, SPAR TO GO, 1KG; Pri sadnih solatah SPAR TO GO lahko izbirate med raznovrstnim že narezanim sadjem v različnih kombinacijah.","2,25 €",,https://www.spar.si/online/rezano-sadje-ananas-kivi-in-melona-spar-to-go-1kg/p/394291
Spar,vse za zajtrk malico ali kosilo,sendvici narezki in solate,317851,"REZANA MELONA, SPAR TO GO, 1KG; Pri sadnih solatah SPAR TO GO lahko izbirate med raznovrstnim že narezanim sadjem v različnih kombinacijah.","2,85 €",,https://www.spar.si/online/rezana-melona-spar-to-go-1kg/p/317851
Spar,vse za zajtrk malico ali kosilo,sendvici narezki in solate,626524,"KROŽNIKI 23CM, SIMPEX CELEBRATION NATURE, 20/1","1,99 €",,https://www.spar.si/online/krozniki-23cm-simpex-celebration-nature-201/p/626524
Spar,vse za zajtrk malico ali kosilo,sendvici narezki in solate,630431,"PAPIRNATI KOZARCI MINNIE JUNIOR, 200ML, 8/1; Papirnati kozarci motiv Minnie Junior, 200ml, 8 kos","2,99 €",,https://www.spar.si/online/papirnati-kozarci-minnie-junior-200ml-81/p/630431
Spar,vse za zajtrk malico ali kosilo,sendvici narezki in solate,614735,"PAPIRNATI KROŽNIKI PAW PATROL, 23CM, 8/1; Papirnati krožniki motiv Paw Patrol, fi23cm, 8 kos","2,00 €",,https://www.spar.si/online/papirnati-krozniki-paw-patrol-23cm-81/p/614735
Spar,vse za zajtrk malico ali kosilo,sendvici narezki in solate,551673,"PAPIRNATI KROŽNIKI 29CM, SIMPEX CELEBRATION NATURE, 12/1; Krožniki so primerni za piknik ali zabavo. Paket vsebuje 12 krožnikov za enkratno uporabo.","2,89 €",,https://www.spar.si/online/papirnati-krozniki-29cm-simpex-celebration-nature-121/p/551673
Spar,vse za zajtrk malico ali kosilo,sendvici narezki in solate,583283,"ŽLICE, PRIBOR IZ BIO PLASTIKE 16,5CM, 10/1; 10 žlic za enkratno uporabo iz bio plastike v dolžini 16,5 cm.","1,09 €","REDNA CENA 1,29 €",https://www.spar.si/online/zlice-pribor-iz-bio-plastike-165cm-101/p/583283
Spar,vse za zajtrk malico ali kosilo,pripravljene jedi,407211,"MESNI RAGU ALLA BOLOGNESE, SPAR, 200G","1,24 €",,https://www.spar.si/online/mesni-ragu-alla-bolognese-spar-200g/p/407211
Spar,vse za zajtrk malico ali kosilo,pripravljene jedi,463632,"JOTA S KISLIM ZELJEM, SPAR, 840G; Gotova jed.","3,19 €",,https://www.spar.si/online/jota-s-kislim-zeljem-spar-840g/p/463632
Spar,vse za zajtrk malico ali kosilo,pripravljene jedi,633374,"CURRY KOKOS MANGO, SPAR, 375G; Vsebuje naravno prisotne sladkorje.","4,99 €",,https://www.spar.si/online/curry-kokos-mango-spar-375g/p/633374
Spar,vse za zajtrk malico ali kosilo,pripravljene jedi,609292,"BIO PARADIŽNIKOVA OMAKA Z GOVEJIM MESOM BOLOGNESE, SPAR NATUR*PUR, 350G; Omaka je brez dodanega sladkorja, vsebuje naravno prisotne sladkorje.","3,29 €",,https://www.spar.si/online/bio-paradiznikova-omaka-z-govejim-mesom-bolognese-spar-naturpur-350g/p/609292
Spar,vse za zajtrk malico ali kosilo,pripravljene jedi,609290,"BIO PARADIŽNIKOVA OMAKA Z BAZILIKO, SPAR NATUR*PUR, 350G; Omaka je brez dodanega sladkorja, vsebuje naravno prisotne sladkorje.","2,49 €",,https://www.spar.si/online/bio-paradiznikova-omaka-z-baziliko-spar-naturpur-350g/p/609290
Spar,vse za zajtrk malico ali kosilo,pripravljene jedi,407211,"MESNI RAGU ALLA BOLOGNESE, SPAR, 200G","1,24 €",,https://www.spar.si/online/mesni-ragu-alla-bolognese-spar-200g/p/407211
Spar,vse za zajtrk malico ali kosilo,pripravljene jedi,463632,"JOTA S KISLIM ZELJEM, SPAR, 840G; Gotova jed.","3,19 €",,https://www.spar.si/online/jota-s-kislim-zeljem-spar-840g/p/463632
Spar,vse za zajtrk malico ali kosilo,pripravljene jedi,609292,"BIO PARADIŽNIKOVA OMAKA Z GOVEJIM MESOM BOLOGNESE, SPAR NATUR*PUR, 350G; Omaka je brez dodanega sladkorja, vsebuje naravno prisotne sladkorje.","3,29 €",,https://www.spar.si/online/bio-paradiznikova-omaka-z-govejim-mesom-bolognese-spar-naturpur-350g/p/609292
Spar,vse za zajtrk malico ali kosilo,pripravljene jedi,609290,"BIO PARADIŽNIKOVA OMAKA Z BAZILIKO, SPAR NATUR*PUR, 350G; Omaka je brez dodanega sladkorja, vsebuje naravno prisotne sladkorje.","2,49 €",,https://www.spar.si/online/bio-paradiznikova-omaka-z-baziliko-spar-naturpur-350g/p/609290
Spar,vse za zajtrk malico ali kosilo,pripravljene jedi,619511,"ZELENJAVNA OMAKA ZA TESTENINE UROŠ FAKUČ, SPAR PREMIUM, 325G; ¨Sveža izbrana zelenjava: mlade bučke, sočni melancani, čvrsta paprika, sveže nabirani listi bazilike in mesnati paradižnikovi pelati so idealna kombinacija za ...","4,54 €",,https://www.spar.si/online/zelenjavna-omaka-za-testenine-uros-fakuc-spar-premium-325g/p/619511
Spar,vse za zajtrk malico ali kosilo,pripravljene jedi,633374,"CURRY KOKOS MANGO, SPAR, 375G; Vsebuje naravno prisotne sladkorje.","4,99 €",,https://www.spar.si/online/curry-kokos-mango-spar-375g/p/633374
Spar,vse za zajtrk malico ali kosilo,pripravljene jedi,652357,"GOVEJI ZREZEK V ČEBULNI OMAKI TO GO, SPAR PREMIUM, 450G","9,99 €",,https://www.spar.si/online/goveji-zrezek-v-cebulni-omaki-to-go-spar-premium-450g/p/652357
Spar,vse za zajtrk malico ali kosilo,pripravljene jedi,610807,"SPAR PREMIUM SKUTNI ŠTRUKLJI S SKUTO, LEŠNIKI IN DOMAČIMI SUHIMI HRUŠKAMI 300G; SPAR PREMIUM SKUTNI ŠTRUKLJI S SKUTO, LEŠNIKI IN DOMAČIMI SUHIMI HRUŠKAMI 300G","3,49 €",,https://www.spar.si/online/spar-premium-skutni-struklji-s-skuto-lesniki-in-domacimi-suhimi-hruskami-300g/p/610807
Spar,vse za zajtrk malico ali kosilo,pripravljene jedi,610800,"DOMAČI SKUTNI ŠTRUKLJI S SUHIMI SLIVAMI UROŠ ŠTEFELIN, SPAR PREMIUM, 300G; Vakuumsko pakirano. Brez aditivov. Brez dodanih arom in barvil. Brez ojačevalcev arome. Vir beljakovin.; ; - Že kuhano. Potrebno le pogreti.; - Slovenska ...","3,19 €",,https://www.spar.si/online/domaci-skutni-struklji-s-suhimi-slivami-uros-stefelin-spar-premium-300g/p/610800
Spar,vse za zajtrk malico ali kosilo,pripravljene jedi,638831,"JEŠPRENOVA JUHA Z ZELENJAVO UROŠ ŠTEFELIN, SPAR PREMIUM, 320G; SPAR PREMIUM JEŠPRENOVA JUHA po receptu Michelinovega chefa Uroša Štefelina; ¨Moja strast je obujanje domačih slovenskih jedi na sodoben način. To še posebno ...","2,99 €",,https://www.spar.si/online/jesprenova-juha-z-zelenjavo-uros-stefelin-spar-premium-320g/p/638831
Spar,vse za zajtrk malico ali kosilo,kava,455397,"INSTANT KAVA 3V1, SPAR, 10/1, 180G; Instant kavni napitek s kavnim belilom in sladkorjem.; ; Povprečna hranilna vrednost/100g:; Energijska vrednost: 1812kJ/430 kcal,; maščobe: 11g,; od...","1,19 €","REDNA CENA 1,49 €",https://www.spar.si/online/instant-kava-3v1-spar-101-180g/p/455397
Spar,vse za zajtrk malico ali kosilo,kava,591922,"BREZKOFEINSKA MLETA PRAŽENA KAVA, SPAR, 250G; Mešanica mlete pražene brezkofeinske kave je z nizko vsebnostjo kofeina (manj kot 0,1%) odlična izbira za popoldansko ali večeno razvajanje. Primerno za turško ...","7,19 €",,https://www.spar.si/online/brezkofeinska-mleta-prazena-kava-spar-250g/p/591922
Spar,vse za zajtrk malico ali kosilo,kava,292990,"CAPPUCCINO ORIGINAL SPAR, 100G","1,03 €",,https://www.spar.si/online/cappuccino-original-spar-100g/p/292990
Spar,vse za zajtrk malico ali kosilo,kava,509483,"DEKOFEINIZIRANA INSTANT KAVA GOLD, SPAR, 100G","3,77 €",,https://www.spar.si/online/dekofeinizirana-instant-kava-gold-spar-100g/p/509483
Spar,vse za zajtrk malico ali kosilo,kava,455404,"INSTANT KAVA 2V1, SPAR, 10/1, 140G; Instant kavni napitek s kavnim belilom. Pakiranje (140 g) vsebuje 10 porcij.; ; Povprečna hranilna vrednost/100g:; Energijska vrednost: 2042kJ/488 kcal, <...","1,29 €",,https://www.spar.si/online/instant-kava-2v1-spar-101-140g/p/455404
Spar,vse za zajtrk malico ali kosilo,kava,591922,"BREZKOFEINSKA MLETA PRAŽENA KAVA, SPAR, 250G; Mešanica mlete pražene brezkofeinske kave je z nizko vsebnostjo kofeina (manj kot 0,1%) odlična izbira za popoldansko ali večeno razvajanje. Primerno za turško ...","7,19 €",,https://www.spar.si/online/brezkofeinska-mleta-prazena-kava-spar-250g/p/591922
Spar,vse za zajtrk malico ali kosilo,kava,546797,"BIO PRAŽENA KAVA V ZRNU, SPAR NATUR*PUR, 500G","10,55 €",,https://www.spar.si/online/bio-prazena-kava-v-zrnu-spar-naturpur-500g/p/546797
Spar,vse za zajtrk malico ali kosilo,kava,342890,"BIO MLETA KAVA SPAR NATUR*PUR, 500G; PRAŽENA V AVSTRIJI: Avstrijska pražarna kave REGIO mojstrsko praži kavo na različne načine ter se prilagaja najrazličnejšim zahtevam poznavalcev kave.; ; S...","9,30 €",,https://www.spar.si/online/bio-mleta-kava-spar-naturpur-500g/p/342890
Spar,vse za zajtrk malico ali kosilo,kava,545115,"BIO PRAŽENA KAVA V ZRNU, SPAR NATUR*PUR, 1KG; Odlična mešanica kave arabica in robusta za kavne avtomate.","19,28 €",,https://www.spar.si/online/bio-prazena-kava-v-zrnu-spar-naturpur-1kg/p/545115
Spar,vse za zajtrk malico ali kosilo,kava,501970,"PRAŽENA KAVA V ZRNU, SPAR PREMIUM, 1KG","22,24 €",,https://www.spar.si/online/prazena-kava-v-zrnu-spar-premium-1kg/p/501970
Spar,vse za zajtrk malico ali kosilo,kava,455397,"INSTANT KAVA 3V1, SPAR, 10/1, 180G; Instant kavni napitek s kavnim belilom in sladkorjem.; ; Povprečna hranilna vrednost/100g:; Energijska vrednost: 1812kJ/430 kcal,; maščobe: 11g,; od...","1,19 €","REDNA CENA 1,49 €",https://www.spar.si/online/instant-kava-3v1-spar-101-180g/p/455397
Spar,vse za zajtrk malico ali kosilo,kava,292990,"CAPPUCCINO ORIGINAL SPAR, 100G","1,03 €",,https://www.spar.si/online/cappuccino-original-spar-100g/p/292990
Spar,vse za zajtrk malico ali kosilo,kava,509483,"DEKOFEINIZIRANA INSTANT KAVA GOLD, SPAR, 100G","3,77 €",,https://www.spar.si/online/dekofeinizirana-instant-kava-gold-spar-100g/p/509483
Spar,vse za zajtrk malico ali kosilo,kava,455404,"INSTANT KAVA 2V1, SPAR, 10/1, 140G; Instant kavni napitek s kavnim belilom. Pakiranje (140 g) vsebuje 10 porcij.; ; Povprečna hranilna vrednost/100g:; Energijska vrednost: 2042kJ/488 kcal, <...","1,29 €",,https://www.spar.si/online/instant-kava-2v1-spar-101-140g/p/455404
Spar,vse za zajtrk malico ali kosilo,kava,516485,"INSTANT ŽITNA KAVA SPARCAFFE, SPAR, 100G; Povprečna hranilna vrednost na 100g:; Energijska vrednost 1549kJ/365kcal; Maščobe 0g; od tega nasičene maščobe 0g; Ogljikovi hidrati 82,0g; od tega sl...","2,15 €",,https://www.spar.si/online/instant-zitna-kava-sparcaffe-spar-100g/p/516485
Spar,vse za zajtrk malico ali kosilo,kava,601244,"KAVA V KAPSULAH EXTRA BAR, DESPAR, 16/1, 112G; Kapsule so primerne za aparate Nescafe Dolce Gusto* za uporabo v gospodinjstvu. Za varno odstranitev kapsule počakajte nekaj sekund po pripravljenem napitku....","2,87 €","REDNA CENA 3,19 €",https://www.spar.si/online/kava-v-kapsulah-extra-bar-despar-161-112g/p/601244
Spar,vse za zajtrk malico ali kosilo,kava,593810,"KAVA V KAPSULAH LUNGO, S-BUDGET, 30/1, 159G; Lungo, pražena mleta kava v kapsulah. Intenzivnost 5/10. Za uporabo v kavnih avtomatih Nespresso System.","4,99 €",,https://www.spar.si/online/kava-v-kapsulah-lungo-s-budget-301-159g/p/593810
Spar,vse za zajtrk malico ali kosilo,kava,636118,"KAVNE KAPSULE LUNGO FORTE, S-BUDGET, 30/1,156G; S-BUDGET kavne kapsule lungo forte je pražena mleta kava v kapsulah.; Kava je pridelana v skladu s certifikatom Rainforest alliance, kar pomeni, da kava priha...","4,99 €",,https://www.spar.si/online/kavne-kapsule-lungo-forte-s-budget-301156g/p/636118
Spar,vse za zajtrk malico ali kosilo,kava,618842,"KAVNE KAPSULE BREZKOFEINSKI ESPRESSO, S-BUDGET, 30/1, 156G; Intenzivnost: 5/10. Velikost skodelice: 40ml. Za uporabo v kavnih aparatih Nespresso(R)*System.; *Znamka je last pravne osebe, ki nima povezave s podjetjem SP...","4,99 €",,https://www.spar.si/online/kavne-kapsule-brezkofeinski-espresso-s-budget-301-156g/p/618842
Spar,vse za zajtrk malico ali kosilo,kava,618296,"KAVNE KAPSULE Z OKUSOM KARAMELE, S-BUDGET, 10/1, 50G; Intenzivnost: 5/10. Velikost skodelice: 40ml. Za uporabo v kavnih avtomatih Nespresso** (**znamka je last pravne osebe, ki nima povezave s podjetjem SPAR AG.","1,75 €",,https://www.spar.si/online/kavne-kapsule-z-okusom-karamele-s-budget-101-50g/p/618296
Spar,vse za zajtrk malico ali kosilo,caj,168254,"ČAJ HIBISKUS, SPAR, 40/1, 80G; Družinsko pakiranje čaja v filter vrečkah je namenjeno predvsem družinski uporabi za pripravo večje količine čaja.","1,55 €",,https://www.spar.si/online/caj-hibiskus-spar-401-80g/p/168254
Spar,vse za zajtrk malico ali kosilo,caj,442454,"ČAJ GOZDNI SADEŽI, SPAR, 20/1, 44G; Aromatiziran sadni čaj.","1,03 €",,https://www.spar.si/online/caj-gozdni-sadezi-spar-201-44g/p/442454
Spar,vse za zajtrk malico ali kosilo,caj,460213,"SADNI ČAJNI MIX, SPAR, 116G","5,29 €",,https://www.spar.si/online/sadni-cajni-mix-spar-116g/p/460213
Spar,vse za zajtrk malico ali kosilo,caj,436962,"ZELENI ČAJ, SPAR, 20/1, 34G","0,85 €",,https://www.spar.si/online/zeleni-caj-spar-201-34g/p/436962
Spar,vse za zajtrk malico ali kosilo,caj,471956,"AROMATIZIRANI SADNI ČAJ BRUSNICA, SPAR, 20/1, 44G","1,19 €",,https://www.spar.si/online/aromatizirani-sadni-caj-brusnica-spar-201-44g/p/471956
Spar,vse za zajtrk malico ali kosilo,caj,168254,"ČAJ HIBISKUS, SPAR, 40/1, 80G; Družinsko pakiranje čaja v filter vrečkah je namenjeno predvsem družinski uporabi za pripravo večje količine čaja.","1,55 €",,https://www.spar.si/online/caj-hibiskus-spar-401-80g/p/168254
Spar,vse za zajtrk malico ali kosilo,caj,168251,"ČAJ KAMILICA, SPAR, 20/1, 20G","0,69 €",,https://www.spar.si/online/caj-kamilica-spar-201-20g/p/168251
Spar,vse za zajtrk malico ali kosilo,caj,168252,"GORSKI ČAJ ZELIŠČNI, SPAR, 20/1, 44G","1,03 €",,https://www.spar.si/online/gorski-caj-zeliscni-spar-201-44g/p/168252
Spar,vse za zajtrk malico ali kosilo,caj,637396,"BIO ZELIŠČNI ČAJ, SPAR NATUR*PUR, 20/1, 40G","3,25 €",,https://www.spar.si/online/bio-zeliscni-caj-spar-naturpur-201-40g/p/637396
Spar,vse za zajtrk malico ali kosilo,caj,604440,"BIO ZELIŠČNI ČAJ, SPAR NATUR*PUR, 25/1, 40G","2,79 €",,https://www.spar.si/online/bio-zeliscni-caj-spar-naturpur-251-40g/p/604440
Spar,vse za zajtrk malico ali kosilo,caj,442454,"ČAJ GOZDNI SADEŽI, SPAR, 20/1, 44G; Aromatiziran sadni čaj.","1,03 €",,https://www.spar.si/online/caj-gozdni-sadezi-spar-201-44g/p/442454
Spar,vse za zajtrk malico ali kosilo,caj,460213,"SADNI ČAJNI MIX, SPAR, 116G","5,29 €",,https://www.spar.si/online/sadni-cajni-mix-spar-116g/p/460213
Spar,vse za zajtrk malico ali kosilo,caj,471956,"AROMATIZIRANI SADNI ČAJ BRUSNICA, SPAR, 20/1, 44G","1,19 €",,https://www.spar.si/online/aromatizirani-sadni-caj-brusnica-spar-201-44g/p/471956
Spar,vse za zajtrk malico ali kosilo,caj,656221,"ČAJ ZIMSKI IZLET, SPAR, 20/1, 60G","0,99 €",,https://www.spar.si/online/caj-zimski-izlet-spar-201-60g/p/656221
Spar,vse za zajtrk malico ali kosilo,caj,481572,"ČAJ ZIMSKA PRAVLJICA, SPAR, 60G","0,99 €",,https://www.spar.si/online/caj-zimska-pravljica-spar-60g/p/481572
Spar,vse za zajtrk malico ali kosilo,caj,436962,"ZELENI ČAJ, SPAR, 20/1, 34G","0,85 €",,https://www.spar.si/online/zeleni-caj-spar-201-34g/p/436962
Spar,vse za zajtrk malico ali kosilo,caj,637408,"BIO ZELENI ČAJ, SPAR NATUR*PUR, 20/1, 40G","3,22 €",,https://www.spar.si/online/bio-zeleni-caj-spar-naturpur-201-40g/p/637408
Spar,vse za zajtrk malico ali kosilo,caj,376844,"ČRNI ČAJ IRISH CREAM, TEEKANNE, 20/1, 33G","2,19 €",,https://www.spar.si/online/crni-caj-irish-cream-teekanne-201-33g/p/376844
Spar,vse za zajtrk malico ali kosilo,caj,522222,"ZELENI ČAJ SUPERIOR GREEN TEA, SIR WINSTON TEA, 20/1, 35G","1,96 €","REDNA CENA 2,45 €",https://www.spar.si/online/zeleni-caj-superior-green-tea-sir-winston-tea-201-35g/p/522222
Spar,vse za zajtrk malico ali kosilo,caj,540807,"BIO ZELENI ČAJ Z INGVERJEM, HERBA MEDICA, 25/1, 35G","2,88 €",,https://www.spar.si/online/bio-zeleni-caj-z-ingverjem-herba-medica-251-35g/p/540807
Spar,vse za zajtrk malico ali kosilo,caj,471990,"INSTANT SADNI ČAJ, BEBIVITA, 200G","3,79 €",,https://www.spar.si/online/instant-sadni-caj-bebivita-200g/p/471990
Spar,vse za zajtrk malico ali kosilo,caj,526987,"INSTANT ČAJ JABOLKO IN MELISA, BEBIVITA, 200G","3,79 €",,https://www.spar.si/online/instant-caj-jabolko-in-melisa-bebivita-200g/p/526987
Spar,vse za zajtrk malico ali kosilo,caj,619109,"BIO ČAJ ZA ČAS DOJENJA BREAST FEEDING, TEEKANNE, 20/1, 30G","2,39 €",,https://www.spar.si/online/bio-caj-za-cas-dojenja-breast-feeding-teekanne-201-30g/p/619109
Spar,vse za zajtrk malico ali kosilo,caj,471986,"INSTANT KOMARČKOV ČAJ, BEBIVITA, 200G","3,79 €",,https://www.spar.si/online/instant-komarckov-caj-bebivita-200g/p/471986
Spar,vse za zajtrk malico ali kosilo,caj,384580,"MEŠANICA ZELIŠČNEGA ČAJA ZA OTROKE, KRTEK, 20/1, 30G","1,15 €",,https://www.spar.si/online/mesanica-zeliscnega-caja-za-otroke-krtek-201-30g/p/384580
Spar,vse za zajtrk malico ali kosilo,kakav in drugi napitki,649248,"ČOKOLADNI NAPITEK Z MANJ SLADKORJA, SPAR, 350G; Zmanjšana vsebnost sladkorja - vsebuje 30% manj sladkorja kot običajni čokoladni napitek","3,39 €",,https://www.spar.si/online/cokoladni-napitek-z-manj-sladkorja-spar-350g/p/649248
Spar,vse za zajtrk malico ali kosilo,kakav in drugi napitki,455413,"KAKAV INSTANT, S-BUDGET, 800 G; Vsebnost kakavovega masla v manj mastnem kakavu: 10-12%.","3,39 €",,https://www.spar.si/online/kakav-instant-s-budget-800-g/p/455413
Spar,vse za zajtrk malico ali kosilo,kakav in drugi napitki,643022,"EXTRA TEMNA VROČA ČOKOLADA V PRAHU, BAM, 220G; BAM extra temna vroča čokolada postreže z res bogatim okusom po temni čokoladi. Vroča čokolada ustvari kremen, a ravno prav gost napitek, ki navduši tako z okus...","5,34 €","REDNA CENA 6,68 €",https://www.spar.si/online/extra-temna-vroca-cokolada-v-prahu-bam-220g/p/643022
Spar,vse za zajtrk malico ali kosilo,kakav in drugi napitki,606316,"KAPSULE NESQUIK, NESCAFÉ DOLCE GUSTO, 16/1, 256G; Mešanica v prahu za pripravo napitka z mlekom v prahu in kakavovim prahom, z dodanimi vitamini in kalcijem.","6,49 €",,https://www.spar.si/online/kapsule-nesquik-nescaf-dolce-gusto-161-256g/p/606316
Spar,vse za zajtrk malico ali kosilo,kakav in drugi napitki,438094,"ZRNCA Z OKUSOM VANILIJE V SLAMICI, QUICK MILK, 30G; V trenutku do napitka z okusom vanilije. Ne vsebuje glutena, umetnih arom, AZO barvil in GSO.","0,76 €","REDNA CENA 0,95 €",https://www.spar.si/online/zrnca-z-okusom-vanilije-v-slamici-quick-milk-30g/p/438094
Spar,vse za zajtrk malico ali kosilo,kakav in drugi napitki,649248,"ČOKOLADNI NAPITEK Z MANJ SLADKORJA, SPAR, 350G; Zmanjšana vsebnost sladkorja - vsebuje 30% manj sladkorja kot običajni čokoladni napitek","3,39 €",,https://www.spar.si/online/cokoladni-napitek-z-manj-sladkorja-spar-350g/p/649248
Spar,vse za zajtrk malico ali kosilo,kakav in drugi napitki,455413,"KAKAV INSTANT, S-BUDGET, 800 G; Vsebnost kakavovega masla v manj mastnem kakavu: 10-12%.","3,39 €",,https://www.spar.si/online/kakav-instant-s-budget-800-g/p/455413
Spar,vse za zajtrk malico ali kosilo,kakav in drugi napitki,643022,"EXTRA TEMNA VROČA ČOKOLADA V PRAHU, BAM, 220G; BAM extra temna vroča čokolada postreže z res bogatim okusom po temni čokoladi. Vroča čokolada ustvari kremen, a ravno prav gost napitek, ki navduši tako z okus...","5,34 €","REDNA CENA 6,68 €",https://www.spar.si/online/extra-temna-vroca-cokolada-v-prahu-bam-220g/p/643022
Spar,vse za zajtrk malico ali kosilo,kakav in drugi napitki,606316,"KAPSULE NESQUIK, NESCAFÉ DOLCE GUSTO, 16/1, 256G; Mešanica v prahu za pripravo napitka z mlekom v prahu in kakavovim prahom, z dodanimi vitamini in kalcijem.","6,49 €",,https://www.spar.si/online/kapsule-nesquik-nescaf-dolce-gusto-161-256g/p/606316
Spar,vse za zajtrk malico ali kosilo,kakav in drugi napitki,438094,"ZRNCA Z OKUSOM VANILIJE V SLAMICI, QUICK MILK, 30G; V trenutku do napitka z okusom vanilije. Ne vsebuje glutena, umetnih arom, AZO barvil in GSO.","0,76 €","REDNA CENA 0,95 €",https://www.spar.si/online/zrnca-z-okusom-vanilije-v-slamici-quick-milk-30g/p/438094
Spar,pijace,brezalkoholne pijace,545254,"LEDENI ČAJ, BRESKEV IN HIBISKUS, FUZETEA, 1,5L; Negazirana osvežilna brezalkoholna pijača z ekstraktom čaja in okusom breskve in hibiskusa. Beseda Fuze v imenu označuje fuzijo tj. kombinacijo osvežilnega čaja...","1,35 €",,https://www.spar.si/online/ledeni-caj-breskev-in-hibiskus-fuzetea-15l/p/545254
Spar,pijace,brezalkoholne pijace,581634,"LEDENI ČAJ BRESKEV IN VRTNICA NO SUGAR, FUZETEA, 1,5L; Negazirana osvežilna brezalkoholna pijača z izvlečkom črnega čaja in okusom breskve in vrtnice. S sladili. Pasterizirana.","1,35 €",,https://www.spar.si/online/ledeni-caj-breskev-in-vrtnica-no-sugar-fuzetea-15l/p/581634
Spar,pijace,brezalkoholne pijace,568091,"LEDENI ČAJ PASIJONKA NO SUGAR, FUZETEA, 1,5L; Negazirana osvežilna brezalkoholna pijača z ekstraktom zelenega čaja in okusom pasijonke. Brez sladkorja. Beseda Fuze v imenu označuje fuzijo tj. kombinacijo os...","1,35 €",,https://www.spar.si/online/ledeni-caj-pasijonka-no-sugar-fuzetea-15l/p/568091
Spar,pijace,brezalkoholne pijace,435025,"NEGAZIRANA VODA, ROMERQUELLE, 500ML; Negazirana mineralna voda Römerquelle ima odličen naravni okus, poživlja čutila in telo oskrbuje s pomembnimi minerali in elementi v sledeh.","0,83 €",,https://www.spar.si/online/negazirana-voda-romerquelle-500ml/p/435025
Spar,pijace,brezalkoholne pijace,531778,"GAZIRANA NARAVNA MINERALNA VODA, ROMERQUELLE, 0,5L; Gazirana izvirska mineralna voda. Osveži in hitro poteši žejo. Vsebuje popolno razmerje med kalcijem in magnezijem, ki ga telo dnevno potrebuje, in nizko raven ...","0,49 €",,https://www.spar.si/online/gazirana-naravna-mineralna-voda-romerquelle-05l/p/531778
Spar,pijace,brezalkoholne pijace,82409,"NAMIZNA VODA TEMPEL, 1,5L","0,84 €",,https://www.spar.si/online/namizna-voda-tempel-15l/p/82409
Spar,pijace,brezalkoholne pijace,498387,"NAMIZNA VODA, TEMPEL, 0,5L; Gazirana mineralna voda tempel z veliko vsebnostjo magnezija.","0,67 €",,https://www.spar.si/online/namizna-voda-tempel-05l/p/498387
Spar,pijace,brezalkoholne pijace,621043,"NAMIZNA VODA TEMPEL, 6X1,5L","4,20 €",,https://www.spar.si/online/namizna-voda-tempel-6x15l/p/621043
Spar,pijace,brezalkoholne pijace,435025,"NEGAZIRANA VODA, ROMERQUELLE, 500ML; Negazirana mineralna voda Römerquelle ima odličen naravni okus, poživlja čutila in telo oskrbuje s pomembnimi minerali in elementi v sledeh.","0,83 €",,https://www.spar.si/online/negazirana-voda-romerquelle-500ml/p/435025
Spar,pijace,brezalkoholne pijace,396536,"GAZIRANA NARAVNA MINERALNA VODA PRIMAQUA, SPAR, 1,5L; Ob nakupu 6 kos, izdelke prejmete v vezu.","2,94 €",,https://www.spar.si/online/gazirana-naravna-mineralna-voda-primaqua-spar-15l/p/396536
Spar,pijace,brezalkoholne pijace,484759,"NAPITEK LIMONA IN LIMETA RELOAD, VITAMIN WELL, 0,5L","2,11 €",,https://www.spar.si/online/napitek-limona-in-limeta-reload-vitamin-well-05l/p/484759
Spar,pijace,brezalkoholne pijace,264928,"NEGAZIRANA NARAVNA MINERALNA VODA LIMONA IN LIMETA, JANA, 0,5L","0,75 €",,https://www.spar.si/online/negazirana-naravna-mineralna-voda-limona-in-limeta-jana-05l/p/264928
Spar,pijace,brezalkoholne pijace,586494,"NEGAZIRANA IZVIRSKA VODA LIMONA IN INGVER, ZALA, 1,5L; Zala limona ingver je negazirana nizkoenergijska brezalkoholna pijača,narejena na osnovi izvirske vode Zala z limoninim sokom in izvlečkomingverja z dodanimi vi...","1,11 €",,https://www.spar.si/online/negazirana-izvirska-voda-limona-in-ingver-zala-15l/p/586494
Spar,pijace,brezalkoholne pijace,564138,"NAPITEK ALOE VERA BREZ SLADKORJA, LOTTE, 500ML","1,77 €",,https://www.spar.si/online/napitek-aloe-vera-brez-sladkorja-lotte-500ml/p/564138
Spar,pijace,brezalkoholne pijace,549136,"NEGAZIRANA BREZALKOHOLNA PIJAČA, BRESKEV, OAZA, 0,5L; Oaza je negazirana brezalkoholna pijača z nizko energijsko vrednostjo, ki smo ji leta 2021 spremenili podobo. Navdih za novo Oazo prihaja iz narave, domačih tra...","0,84 €",,https://www.spar.si/online/negazirana-brezalkoholna-pijaca-breskev-oaza-05l/p/549136
Spar,pijace,brezalkoholne pijace,267356,"PIJAČA IZ BRESKOVE KAŠE, SPAR, 1L","0,85 €",,https://www.spar.si/online/pijaca-iz-breskove-kase-spar-1l/p/267356
Spar,pijace,brezalkoholne pijace,652962,"SADNA KAŠA JABOLKO IN MANGO, SPAR, 100G","0,59 €",,https://www.spar.si/online/sadna-kasa-jabolko-in-mango-spar-100g/p/652962
Spar,pijace,brezalkoholne pijace,496111,"100% SOK JABOLKO, SPAR, 1L","1,69 €",,https://www.spar.si/online/100-sok-jabolko-spar-1l/p/496111
Spar,pijace,brezalkoholne pijace,303486,"NEKTAR JABOLKO SPAR, 1L","0,86 €",,https://www.spar.si/online/nektar-jabolko-spar-1l/p/303486
Spar,pijace,brezalkoholne pijace,599898,"NAPITEK IZ HRUŠKOVE KAŠE, SPAR, 1L; Sadni delež: 25%.","1,11 €",,https://www.spar.si/online/napitek-iz-hruskove-kase-spar-1l/p/599898
Spar,pijace,brezalkoholne pijace,309570,"BIO SOK RDEČE PESE, SPAR NATUR*PUR, 0,75L; 100% Bio sok iz rdeče pese, direktno stisnjen, fermentiran, iz ekološke pridelave; Poreklo rdeče pese: Avstrija; ; Bio sok je fermentiran z mlečnokislinsk...","2,01 €",,https://www.spar.si/online/bio-sok-rdece-pese-spar-naturpur-075l/p/309570
Spar,pijace,brezalkoholne pijace,309569,"BIO KORENČKOV SOK SPAR NATUR*PUR, 0,75L; Bio korenjev sok, direktno stisnjen, iz ekološke pridelave; ; Poreklo korenja: Avstrija; ; Za SPAR Natur*pur bio korenjev sok se uporablja samo avstrijs...","2,15 €",,https://www.spar.si/online/bio-korenckov-sok-spar-naturpur-075l/p/309569
Spar,pijace,brezalkoholne pijace,80937,"100% SOK RDEČA PESA, FRUCTAL NATURA, 0,7L","3,18 €",,https://www.spar.si/online/100-sok-rdeca-pesa-fructal-natura-07l/p/80937
Spar,pijace,brezalkoholne pijace,384974,"100% BIO SOK IZ KOKOSA COCO, DR. ANTONIO MARTINS, 500ML","3,38 €",,https://www.spar.si/online/100-bio-sok-iz-kokosa-coco-dr-antonio-martins-500ml/p/384974
Spar,pijace,brezalkoholne pijace,435691,"100% SOK RDEČA PESA, PRESAD, 1L; Naše babice so dobro vedele,kaj govorijo, ko so poudarjale blagodejne učinke soka rdeče pese, mi pa smo se posvetili še njegovemu okusu: za lahkotnost in boljšo...","3,75 €",,https://www.spar.si/online/100-sok-rdeca-pesa-presad-1l/p/435691
Spar,pijace,brezalkoholne pijace,93981,"COCA-COLA ORIGINAL, 1L; Gazirana osvežujoča brezalkoholna pijača.","1,62 €",,https://www.spar.si/online/coca-cola-original-1l/p/93981
Spar,pijace,brezalkoholne pijace,347853,"COCA-COLA ZERO SUGAR, 1L; Coca-Cola No sugar nudi odličen okus Coca-Cole, osvežuje in dviga razpoloženje - in vse to brez sladkorja. Coca-Cola No sugar je popolna pijača za vse, ki si že...","1,62 €",,https://www.spar.si/online/coca-cola-zero-sugar-1l/p/347853
Spar,pijace,brezalkoholne pijace,190554,"COCA-COLA ORIGINAL, 1,5L; Gazirana osvežujoča brezalkoholna pijača.","1,85 €",,https://www.spar.si/online/coca-cola-original-15l/p/190554
Spar,pijace,brezalkoholne pijace,550111,"COCA-COLA ORIGINAL, 6X330ML; Gazirana osvežujoča brezalkoholna pijača.","5,78 €",,https://www.spar.si/online/coca-cola-original-6x330ml/p/550111
Spar,pijace,brezalkoholne pijace,565889,"COCA-COLA ORIGINAL 2X1,5L","3,66 €",,https://www.spar.si/online/coca-cola-original-2x15l/p/565889
Spar,pijace,brezalkoholne pijace,545254,"LEDENI ČAJ, BRESKEV IN HIBISKUS, FUZETEA, 1,5L; Negazirana osvežilna brezalkoholna pijača z ekstraktom čaja in okusom breskve in hibiskusa. Beseda Fuze v imenu označuje fuzijo tj. kombinacijo osvežilnega čaja...","1,35 €",,https://www.spar.si/online/ledeni-caj-breskev-in-hibiskus-fuzetea-15l/p/545254
Spar,pijace,brezalkoholne pijace,581634,"LEDENI ČAJ BRESKEV IN VRTNICA NO SUGAR, FUZETEA, 1,5L; Negazirana osvežilna brezalkoholna pijača z izvlečkom črnega čaja in okusom breskve in vrtnice. S sladili. Pasterizirana.","1,35 €",,https://www.spar.si/online/ledeni-caj-breskev-in-vrtnica-no-sugar-fuzetea-15l/p/581634
Spar,pijace,brezalkoholne pijace,568091,"LEDENI ČAJ PASIJONKA NO SUGAR, FUZETEA, 1,5L; Negazirana osvežilna brezalkoholna pijača z ekstraktom zelenega čaja in okusom pasijonke. Brez sladkorja. Beseda Fuze v imenu označuje fuzijo tj. kombinacijo os...","1,35 €",,https://www.spar.si/online/ledeni-caj-pasijonka-no-sugar-fuzetea-15l/p/568091
Spar,pijace,brezalkoholne pijace,639820,"LEDENI ČAJ IZ ČRNEGA ČAJA IN ŠIPKA Z OKUSOM LIMONE, SPAR, 0,33L","0,63 €",,https://www.spar.si/online/ledeni-caj-iz-crnega-caja-in-sipka-z-okusom-limone-spar-033l/p/639820
Spar,pijace,brezalkoholne pijace,626120,"LEDENI ČAJ BRESKEV IZ ČRNEGA ČAJA IN ŠIPKA, SPAR, 0,5L","0,49 €","REDNA CENA 0,55 €",https://www.spar.si/online/ledeni-caj-breskev-iz-crnega-caja-in-sipka-spar-05l/p/626120
Spar,pijace,brezalkoholne pijace,498246,"SIRUP POMARANČA, SPAR, 3L","6,19 €",,https://www.spar.si/online/sirup-pomaranca-spar-3l/p/498246
Spar,pijace,brezalkoholne pijace,493164,"SIRUP MALINA, SPAR, 1L","2,89 €",,https://www.spar.si/online/sirup-malina-spar-1l/p/493164
Spar,pijace,brezalkoholne pijace,493166,"SIRUP POMARANČA, SPAR, 1L","2,43 €","REDNA CENA 3,04 €",https://www.spar.si/online/sirup-pomaranca-spar-1l/p/493166
Spar,pijace,brezalkoholne pijace,493156,"SIRUP GOZDNI SADEŽI, SPAR, 1L","3,09 €",,https://www.spar.si/online/sirup-gozdni-sadezi-spar-1l/p/493156
Spar,pijace,brezalkoholne pijace,493163,"SIRUP LIMONA, SPAR, 1L","3,99 €",,https://www.spar.si/online/sirup-limona-spar-1l/p/493163
Spar,pijace,brezalkoholne pijace,434334,"ENERGIJSKI NAPITEK, MONSTER ENERGY, 0,5L","1,73 €",,https://www.spar.si/online/energijski-napitek-monster-energy-05l/p/434334
Spar,pijace,brezalkoholne pijace,470383,"ENERGIJSKI NAPITEK THE DOCTOR, MONSTER ENERGY, 0,5L","1,73 €",,https://www.spar.si/online/energijski-napitek-the-doctor-monster-energy-05l/p/470383
Spar,pijace,brezalkoholne pijace,516135,"ENERGIJSKI NAPITEK ULTRA WHITE, MONSTER, 0,5L","1,73 €",,https://www.spar.si/online/energijski-napitek-ultra-white-monster-05l/p/516135
Spar,pijace,brezalkoholne pijace,599888,"ENERGIJSKI NAPITEK ULTRA BLUE, MONSTER ENERGY, 0,5L","1,73 €",,https://www.spar.si/online/energijski-napitek-ultra-blue-monster-energy-05l/p/599888
Spar,pijace,brezalkoholne pijace,525372,"ENERGIJSKI NAPITEK MEGA, MONSTER ENERGY, 553ML","1,97 €",,https://www.spar.si/online/energijski-napitek-mega-monster-energy-553ml/p/525372
Spar,pijace,vino,429224,"DEŽELNO RDEČE VINO MERLOT - REFOŠK, SPAR, 5L; Deželno rdeče vino.; Temperatura serviranja: 12-14 °C; Potencial staranja: Po odprtju posode do osem tednov. Ne staramo.; ; Pakirano v praktični embalaž...","15,79 €",,https://www.spar.si/online/dezelno-rdece-vino-merlot-refosk-spar-5l/p/429224
Spar,pijace,vino,607046,"BELO VINO RUMENI MUŠKAT, SPAR, 1L","2,99 €",,https://www.spar.si/online/belo-vino-rumeni-muskat-spar-1l/p/607046
Spar,pijace,vino,371542,"SANGRIA DON SIMON, 1,5L, ŠPANIJA; Proizvedeno v Španiji.","2,49 €",,https://www.spar.si/online/sangria-don-simon-15l-spanija/p/371542
Spar,pijace,vino,640664,"RDEČE SUHO VINO MERLOT, SPAR, 1L","2,99 €",,https://www.spar.si/online/rdece-suho-vino-merlot-spar-1l/p/640664
Spar,pijace,vino,405125,"RDEČE VINO CVIČEK, PTP DOLENJSKA, KLET KRŠKO, 1L; Cviček ORIGINAL je ikona Kleti Krško, ki ga s skrbnostjo in ponosom pridelujemo že več kot pol stoletja. Je vino za vsak trenutek. Lahkoten, osvežujoč z nizkimi...","2,99 €",,https://www.spar.si/online/rdece-vino-cvicek-ptp-dolenjska-klet-krsko-1l/p/405125
Spar,pijace,vino,429222,"BELO VINO CHARDONNAY MALVAZIJA, SPAR, 5L, BAG IN BOX; Namizno belo vino, suho.; K hrani: Idealno s predjedmi, testeninami, rižotami, belim mesom in ribjimi jedmi.; Temperatura serviranja: 10-12 °C; Pakirano v...","15,79 €",,https://www.spar.si/online/belo-vino-chardonnay-malvazija-spar-5l-bag-in-box/p/429222
Spar,pijace,vino,17347,"BELO VINO CHARDONNAY, JERUZALEM ORMOŽ, 0,75L; Chardonnay je vino polnega telesa z intenzivno sortno cvetico, ki spominja na breskev, agrume in melono.","4,99 €","REDNA CENA 6,29 €",https://www.spar.si/online/belo-vino-chardonnay-jeruzalem-ormoz-075l/p/17347
Spar,pijace,vino,659177,"VINO RUMENI MUŠKAT WHITE EDITION EMINO 0,75L; VINO RUMENI MUŠKAT WHITE EDITION EMINO 0,75L","6,99 €",,https://www.spar.si/online/vino-rumeni-muskat-white-edition-emino-075l/p/659177
Spar,pijace,vino,23344,"BELO VINO SAUVIGNONASSE QUERCUS, GORIŠKA BRDA, 0,75L; Videz: rumene barve z zlatim odtenkom.; Aroma: značilna edinstvena aroma po poljskem cvetju, bezgu, mandljih in borovih iglicah.; Okus: mineralna svežina, p...","4,99 €","REDNA CENA 5,99 €",https://www.spar.si/online/belo-vino-sauvignonasse-quercus-goriska-brda-075l/p/23344
Spar,pijace,vino,519226,"BELO VINO SAUVIGNON, KRISTANČIČ, 0,75L; Nežne limonine barve, lep in čist vonj spominja na bezeg, zeleno papriko in poper. Okus je svež in sočen, vino je lepo zaokroženo, zmerno aromatično in z dolgim...","12,97 €",,https://www.spar.si/online/belo-vino-sauvignon-kristancic-075l/p/519226
Spar,pijace,vino,607046,"BELO VINO RUMENI MUŠKAT, SPAR, 1L","2,99 €",,https://www.spar.si/online/belo-vino-rumeni-muskat-spar-1l/p/607046
Spar,pijace,vino,580829,"BELO VINO S-BUDGET, 2L","1,99 €",,https://www.spar.si/online/belo-vino-s-budget-2l/p/580829
Spar,pijace,vino,633898,"BELO VINO CHARDONNAY, GATO NEGRO, 0,75L; Odkrijte tropske arome z notami breskve, banane in lesa naravnost iz Čila. Popolna in uravnotežena kislost z dolgim in prijetnim zaključkom. Popolna in uravnote...","6,49 €",,https://www.spar.si/online/belo-vino-chardonnay-gato-negro-075l/p/633898
Spar,pijace,vino,647547,"BREZALKOHOLNO VINO MERLOT, NIGHT ORIENT, 0,75L","6,49 €","REDNA CENA 8,79 €",https://www.spar.si/online/brezalkoholno-vino-merlot-night-orient-075l/p/647547
Spar,pijace,vino,647888,"BELO VINO GRAŠEVINA, TIKVEŠ, 1L; Suho, osvežilno belo vino, pridobljeno iz srednjeevropske sorte graševine, imenovane tudi italijanski rizling ali rizling. S svojo svetlo rumeno barvo in aromo ...","3,79 €","REDNA CENA 4,78 €",https://www.spar.si/online/belo-vino-grasevina-tikves-1l/p/647888
Spar,pijace,vino,429224,"DEŽELNO RDEČE VINO MERLOT - REFOŠK, SPAR, 5L; Deželno rdeče vino.; Temperatura serviranja: 12-14 °C; Potencial staranja: Po odprtju posode do osem tednov. Ne staramo.; ; Pakirano v praktični embalaž...","15,79 €",,https://www.spar.si/online/dezelno-rdece-vino-merlot-refosk-spar-5l/p/429224
Spar,pijace,vino,640664,"RDEČE SUHO VINO MERLOT, SPAR, 1L","2,99 €",,https://www.spar.si/online/rdece-suho-vino-merlot-spar-1l/p/640664
Spar,pijace,vino,405125,"RDEČE VINO CVIČEK, PTP DOLENJSKA, KLET KRŠKO, 1L; Cviček ORIGINAL je ikona Kleti Krško, ki ga s skrbnostjo in ponosom pridelujemo že več kot pol stoletja. Je vino za vsak trenutek. Lahkoten, osvežujoč z nizkimi...","2,99 €",,https://www.spar.si/online/rdece-vino-cvicek-ptp-dolenjska-klet-krsko-1l/p/405125
Spar,pijace,vino,639087,"RDEČE VINO MODRA FRANKINJA, SPAR, 1L; Večmesečno dozorevanje vina v velikih hrastovih sodih, daje vinu bogato, rdeče rubinasto barvo. V vonju najprej izstopajo sadne zaznave po zrelih rdečih sadežih...","3,89 €",,https://www.spar.si/online/rdece-vino-modra-frankinja-spar-1l/p/639087
Spar,pijace,vino,595178,"RDEČE VINO MODRA FRANKINJA, TURN PREMIUM, 0,75L; Pridih sodobnosti s poudarkom energije sortnosti; Visoko nad Krškim, na vinorodni legi Sremič uspeva trta, ki vinu podarja prefinjen in izrazit karakter. Sreč...","16,46 €",,https://www.spar.si/online/rdece-vino-modra-frankinja-turn-premium-075l/p/595178
Spar,pijace,vino,587287,"RDEČE VINO REFOŠK, SPAR, 1L","2,29 €",,https://www.spar.si/online/rdece-vino-refosk-spar-1l/p/587287
Spar,pijace,vino,506606,"RDEČE VINO REFOŠK, SPAR, 2L","3,59 €",,https://www.spar.si/online/rdece-vino-refosk-spar-2l/p/506606
Spar,pijace,vino,580827,"RDEČE VINO S-BUDGET, 2L","1,99 €",,https://www.spar.si/online/rdece-vino-s-budget-2l/p/580827
Spar,pijace,vino,351606,"RDEČE VINO VRANAC, PLANTAŽE, 0,75L; Črnogorski Vranac je močno vino z juga, pridelano iz istoimenske avtohtone sorte, ki se že stoletja goji v Črni gori. Vino je temno rubinaste barve, njegov okus...","4,89 €","REDNA CENA 5,98 €",https://www.spar.si/online/rdece-vino-vranac-plantaze-075l/p/351606
Spar,pijace,vino,579918,"RDEČE VINO VRANEC INSTINCT, PUKLAVEC, 0,75L; Grozdje za to vino je pridelano iz trideset let starih trt v Severni Makedoniji, kar doda vinu pester sadni karakter z aromami po malini, temni slivi in začimbn...","7,48 €",,https://www.spar.si/online/rdece-vino-vranec-instinct-puklavec-075l/p/579918
Spar,pijace,vino,648384,"ROSE VINO ROSADO, RAMON BILBAO, 0,75L","8,49 €","REDNA CENA 10,69 €",https://www.spar.si/online/rose-vino-rosado-ramon-bilbao-075l/p/648384
Spar,pijace,vino,48167,"VINO ROSE ŠČUREK, 0,75L","13,69 €","REDNA CENA 15,38 €",https://www.spar.si/online/vino-rose-scurek-075l/p/48167
Spar,pijace,vino,313115,"VINO ROSE, J. P. CHENET, 0,75L; Roze, suho vino, dveh vrst grozdja: Cinsault in Grenache. Vino, z geografskim poreklom, pridelano na jugu Francije, v regiji Languedoc Roussillon.; Barva: ...","5,98 €",,https://www.spar.si/online/vino-rose-j-p-chenet-075l/p/313115
Spar,pijace,vino,604148,"ROSE VINO COTE DE ROSES, GERARD BERTAND, 0,75L; Prijetno suho rose vino iz Francije; pokrajina Languedoc-Roussillon. Barva vina v nežnih rose odtenkih. Na nos/vonj spominja na rdeče jagodičevje in v ozadju ra...","12,99 €",,https://www.spar.si/online/rose-vino-cote-de-roses-gerard-bertand-075l/p/604148
Spar,pijace,vino,633662,"VINO ROSE, DAR SONCA, 0,75L; Svež in saden rose iz sorte Merlot. Srednjega telesa s sortno aromo, ki spominja na maline, jagode in češnje.; Postrežemo ohlajenega med 8-12 °C, odlično se p...","5,98 €",,https://www.spar.si/online/vino-rose-dar-sonca-075l/p/633662
Spar,pijace,vino,371542,"SANGRIA DON SIMON, 1,5L, ŠPANIJA; Proizvedeno v Španiji.","2,49 €",,https://www.spar.si/online/sangria-don-simon-15l-spanija/p/371542
Spar,pijace,vino,648768,"MEŠANA OSVEŽILNA GAZIRANA ALKOHOLNA PIJAČA PELIN SPRITZ ORANGE, BADEL, 0,25L","2,18 €",,https://www.spar.si/online/mesana-osvezilna-gazirana-alkoholna-pijaca-pelin-spritz-orange-badel-025l/p/648768
Spar,pijace,vino,644854,"DEALKOHOLIZIRANO RDEČE VINO JPC CABERNET SYRAH 0,75L; Bogat in kompleksen vonj po rdečem jagodičevju in začimbah.po okusu je mehko in elegantno brezalkoholno vino z aromami sadja, začimb in želišč.","6,99 €",,https://www.spar.si/online/dealkoholizirano-rdece-vino-jpc-cabernet-syrah-075l/p/644854
Spar,pijace,vino,648164,"RIŽEVO VINO CHOYA SAKE, JUNMAI - SHU, 0,75L","14,99 €",,https://www.spar.si/online/rizevo-vino-choya-sake-junmai-shu-075l/p/648164
Spar,pijace,vino,617349,"MALINOVO VINO, KMETIJA PAVLOVIČ, 0,5L; Lepo aromatičen sladek liker za aperitiv. Zelo lepa aroma maline.","14,99 €",,https://www.spar.si/online/malinovo-vino-kmetija-pavlovic-05l/p/617349
Spar,pijace,vino,650184,"POLSLADKA PENEČA AROMATIZIRANA PIJAČA NA OSNOVI VINA, J.P. CHENET SPRITZ, 0,75L; Na vonju so zaznavne arome sočnih sladko-grenkih pomaranč, ki se lepo povežejo z mešanic različnih zelišč.","7,59 €",,https://www.spar.si/online/polsladka-peneca-aromatizirana-pijaca-na-osnovi-vina-jp-chenet-spritz-075l/p/650184
Spar,pijace,vino,610748,"POLSLADKA PENEČA AROMATIZIRANA PIJAČA NA OSNOVI VINA, J.P. CHENET FASHION JABOLKO, 0,75L","8,39 €",,https://www.spar.si/online/polsladka-peneca-aromatizirana-pijaca-na-osnovi-vina-jp-chenet-fashion-jabolko-075l/p/610748
Spar,pijace,vino,332341,"SREBRNA RADGONSKA PENINA, RADGONSKE GORICE, 0,2 L","2,99 €","REDNA CENA 3,99 €",https://www.spar.si/online/srebrna-radgonska-penina-radgonske-gorice-02-l/p/332341
Spar,pijace,vino,642120,"PENEČE VINO CAVA ANNA BLANC DE BLANCS RESERVE CODORNIU, 0,75L; Bleščeče rumene barve z zelenimi odsevi. Drobni, obstojni mehurčki, ki tvorijo dolgo verižico. Poudarjene arome izkazujejo citruse in tropsko sadje ter kompleks...","12,99 €",,https://www.spar.si/online/penece-vino-cava-anna-blanc-de-blancs-reserve-codorniu-075l/p/642120
Spar,pijace,vino,339151,"PENEČE VINO CAPRIS CUVEE, VINAKOPER, 0,75L; Sorta: 50% Malvazija, 30% Beli pinot, 20% Chardonnay; Sladkorna stopnja: sec - polsuho (20 g/l); Alkohol: 11,00 vol%; Trgatev: ročno obiranje grozdja, ...","9,85 €",,https://www.spar.si/online/penece-vino-capris-cuvee-vinakoper-075l/p/339151
Spar,pijace,vino,38874,"PENEČE VINO BRUT, VIPAVA 1894, 0,75L","7,48 €",,https://www.spar.si/online/penece-vino-brut-vipava-1894-075l/p/38874
Spar,pijace,vino,132649,"ŠAMPANJEC BRUT IMPERIAL, MOET&CHANDON, 0,75L; BARVA; Njegova barva je elegantna, slamnato zlatorumena z zelenimi poudarki.; ; VONJ; Njegove arome, ki se širijo kot žarki, odkrivajo okus sadja z beli...","58,78 €",,https://www.spar.si/online/sampanjec-brut-imperial-moetchandon-075l/p/132649
Spar,pijace,vino,284814,"ŠAMPANJEC MOET & CHANDON BRUT, 0,75L; BARVA; Njegova barva je elegantna, slamnato zlatorumena z zelenimi poudarki.; ; VONJ; Njegove arome, ki se širijo kot žarki, odkrivajo okus sadja z beli...","61,38 €",,https://www.spar.si/online/sampanjec-moet-chandon-brut-075l/p/284814
Spar,pijace,vino,615103,"ŠAMPANJEC ROSE IMPERIAL, MOËT MINI, 0,2L","23,98 €",,https://www.spar.si/online/sampanjec-rose-imperial-mot-mini-02l/p/615103
Spar,pijace,vino,642132,"ŠAMPANJEC ROYAL BRUT POMMERY, 0,75L; Dišeca nota, v kateri se razvijejo sadne, a tudi arome orešckov. Barva je zlato rumena, dopolnjena z zelenimi poudarki. Živahna, sveža, nežna in radodarna. Okus...","54,99 €",,https://www.spar.si/online/sampanjec-royal-brut-pommery-075l/p/642132
Spar,pijace,pivo cider,552507,"BREZALKOHOLNO PIVO HEINEKEN 0.0, 0,33L; Lepo uravnoteženo brezalkoholno pivo iz izbranih naravnih sestavin: voda, ječmen, slad in hmeljni ekstrakt, ki ima osvežujočo sadno noto ter nežnen sladni okus....","1,22 €",,https://www.spar.si/online/brezalkoholno-pivo-heineken-00-033l/p/552507
Spar,pijace,pivo cider,11698,"SVETLO PIVO, UNION, 0,5L; Najprepoznavnejše pivo Pivovarne Union (vsebnost alkohola: 4,9 vol.%) je dediščina 150-letne tradicije. Varjeno je iz prvovrstnega ječmenovega slada. Harmonijo ...","1,27 €",,https://www.spar.si/online/svetlo-pivo-union-05l/p/11698
Spar,pijace,pivo cider,270921,"PIVO ZLATOROG LAŠKO, 0,5L; Zlatorog svetlo pivo (vsebnost alkohola: 4,9 vol.%) je specifičnega okusa, z bogato peno in značilno izraženo grenčico, ki jo dosežemo z uporabo svetovno znanih...","1,27 €",,https://www.spar.si/online/pivo-zlatorog-lasko-05l/p/270921
Spar,pijace,pivo cider,171398,"SVETLO PIVO UNION, 6X0,5L; Najprepoznavnejše pivo Pivovarne Union (vsebnost alkohola: 4,9 vol.%) je dediščina 150-letne tradicije. Varjeno je iz prvovrstnega ječmenovega slada. Harmonijo ...","7,54 €",,https://www.spar.si/online/svetlo-pivo-union-6x05l/p/171398
Spar,pijace,pivo cider,270923,"PIVO ZLATOROG LAŠKO, 6X0,5L; Zlatorog svetlo pivo (vsebnost alkohola: 4,9 vol.%) je specifičnega okusa, z bogato peno in značilno izraženo grenčico, ki jo dosežemo z uporabo svetovno znanih...","7,54 €",,https://www.spar.si/online/pivo-zlatorog-lasko-6x05l/p/270923
Spar,pijace,pivo cider,11698,"SVETLO PIVO, UNION, 0,5L; Najprepoznavnejše pivo Pivovarne Union (vsebnost alkohola: 4,9 vol.%) je dediščina 150-letne tradicije. Varjeno je iz prvovrstnega ječmenovega slada. Harmonijo ...","1,27 €",,https://www.spar.si/online/svetlo-pivo-union-05l/p/11698
Spar,pijace,pivo cider,270921,"PIVO ZLATOROG LAŠKO, 0,5L; Zlatorog svetlo pivo (vsebnost alkohola: 4,9 vol.%) je specifičnega okusa, z bogato peno in značilno izraženo grenčico, ki jo dosežemo z uporabo svetovno znanih...","1,27 €",,https://www.spar.si/online/pivo-zlatorog-lasko-05l/p/270921
Spar,pijace,pivo cider,171398,"SVETLO PIVO UNION, 6X0,5L; Najprepoznavnejše pivo Pivovarne Union (vsebnost alkohola: 4,9 vol.%) je dediščina 150-letne tradicije. Varjeno je iz prvovrstnega ječmenovega slada. Harmonijo ...","7,54 €",,https://www.spar.si/online/svetlo-pivo-union-6x05l/p/171398
Spar,pijace,pivo cider,270923,"PIVO ZLATOROG LAŠKO, 6X0,5L; Zlatorog svetlo pivo (vsebnost alkohola: 4,9 vol.%) je specifičnega okusa, z bogato peno in značilno izraženo grenčico, ki jo dosežemo z uporabo svetovno znanih...","7,54 €",,https://www.spar.si/online/pivo-zlatorog-lasko-6x05l/p/270923
Spar,pijace,pivo cider,244752,"PIVO HEINEKEN, 4X0,5L; Heineken je osvežilno premium lager pivo (vsebnost alkohola: 5,0 vol. %). Zvarjeno je iz 100% naravnih sestavin (ječmen, voda in hmelj). V času zorjenja origina...","5,55 €",,https://www.spar.si/online/pivo-heineken-4x05l/p/244752
Spar,pijace,pivo cider,549175,"NEFILTRIRANO SVETLO PIVO, UNION, 0,5L; Union Nefiltrirano pivo (vsebnost alkohola: 4,9 vol.%) vsebuje tradicionalne unionske pivske kvasovke, ki mu dajejo karakteristično motnost in polnost okusa. Pi...","1,44 €",,https://www.spar.si/online/nefiltrirano-svetlo-pivo-union-05l/p/549175
Spar,pijace,pivo cider,559277,"NEFILTRIRANO TEMNO PIVO, UNION, 0,5L; Union nefiltrirano temno pivo (vsebnost alkohola: 4,6 vol.%) je varjeno iz najkakovostnejšega praženega karamelnega slada. Pražen slad je tisti, ki da pivu črno...","1,49 €",,https://www.spar.si/online/nefiltrirano-temno-pivo-union-05l/p/559277
Spar,pijace,pivo cider,512526,"NEFILTRIRANO SVETLO PIVO UNION, 0,5L; Union Nefiltrirano pivo (vsebnost alkohola: 4,9 vol.%) vsebuje tradicionalne unionske pivske kvasovke, ki mu dajejo karakteristično motnost in polnost okusa. Pi...","14,40 €",,https://www.spar.si/online/nefiltrirano-svetlo-pivo-union-05l/p/512526
Spar,pijace,pivo cider,660090,"SVETLO NEFILTRIRANO PIVO IPA, UNION PREMIUM, 0,5L","1,54 €",,https://www.spar.si/online/svetlo-nefiltrirano-pivo-ipa-union-premium-05l/p/660090
Spar,pijace,pivo cider,596843,"SVETLO PIVO ALE NEFILTRIRANO, S-BUDGET, 0,5L","0,95 €",,https://www.spar.si/online/svetlo-pivo-ale-nefiltrirano-s-budget-05l/p/596843
Spar,pijace,pivo cider,616996,"CIDER MANGO IN LIMETA, SOMERSBY, 0,5L","1,49 €",,https://www.spar.si/online/cider-mango-in-limeta-somersby-05l/p/616996
Spar,pijace,pivo cider,471369,"CIDER JABOLKO, SOMERSBY, 0,5L; Jabolčno alkoholno vino Somersby z okusom jabolka iz popolnoma naravnih sestavin, v pločevinki; 4,5 % vol. alkohola.","1,49 €",,https://www.spar.si/online/cider-jabolko-somersby-05l/p/471369
Spar,pijace,pivo cider,644832,"CIDER HRUŠKA, SOMERSBY, 0,50L; Razredčeno hruškovo vino. Alk.: 4,5 vol. %. Pasterizirano.","1,49 €",,https://www.spar.si/online/cider-hruska-somersby-050l/p/644832
Spar,pijace,pivo cider,511143,"CIDER BOROVNICA, SOMERSBY, 0,5L; Jabolčno alkoholno vino Somersby z blagim naravnim in sadnim okusom borovnice, v pločevinki; 4,5 % vol. alkohola.","1,49 €",,https://www.spar.si/online/cider-borovnica-somersby-05l/p/511143
Spar,pijace,pivo cider,532107,"RADLER GRENIVKA, UNION, 0,5L; Radler je osvežilna mešanica svetlega lager piva ter sadnega soka z nižjo stopnjo alkohola ( vsebnost alkohola: 2,0 vol.%).","0,99 €","REDNA CENA 1,19 €",https://www.spar.si/online/radler-grenivka-union-05l/p/532107
Spar,pijace,pivo cider,635162,"RADLER GRENIVKA, NEKTAR, 0,5L","0,94 €","REDNA CENA 1,05 €",https://www.spar.si/online/radler-grenivka-nektar-05l/p/635162
Spar,pijace,pivo cider,532155,"RADLER GRENIVKA UNION, 0,5L; Radler je osvežilna mešanica svetlega lager piva ter sadnega soka z nižjo stopnjo alkohola ( vsebnost alkohola: 2,0 vol.%).","25,00 €",,https://www.spar.si/online/radler-grenivka-union-05l/p/532155
Spar,pijace,pivo cider,622448,"PIVO Z OKUSOM TEQUILE IN LIMETE, SALITOS, 0,33L; Mix Piva 58% in 42% sadnega soka z okusom limete, limone in tequile.","1,98 €",,https://www.spar.si/online/pivo-z-okusom-tequile-in-limete-salitos-033l/p/622448
Spar,pijace,pivo cider,620452,"RADLER LIMONA, ERDINGER, 500ML","1,73 €","REDNA CENA 2,17 €",https://www.spar.si/online/radler-limona-erdinger-500ml/p/620452
Spar,pijace,pivo cider,552507,"BREZALKOHOLNO PIVO HEINEKEN 0.0, 0,33L; Lepo uravnoteženo brezalkoholno pivo iz izbranih naravnih sestavin: voda, ječmen, slad in hmeljni ekstrakt, ki ima osvežujočo sadno noto ter nežnen sladni okus....","1,22 €",,https://www.spar.si/online/brezalkoholno-pivo-heineken-00-033l/p/552507
Spar,pijace,pivo cider,596850,"BREZALKOHOLNO PIVO HEINEKEN 0.0%, 4X0,33L; Brezalkoholno svetlo pivo, alk. 0,0 VOL.%.; Ljubljenke vseh žejnih so se preoblekle v nov sleek suknjič samo zato, da se bodo lahko v večjem številu nasmihale...","4,74 €",,https://www.spar.si/online/brezalkoholno-pivo-heineken-00-4x033l/p/596850
Spar,pijace,pivo cider,599199,"RADLER ISOTONIC 0,0%, LIMONA, UNION, 0,5L; Union Radler 0.0 ISOTONIC je mešana pijača iz 0.0 piva in osvežilne pijace z okusom limone ter dodanimi minerali magnezija in cinka in vitaminov B. Namenjen je ...","1,27 €",,https://www.spar.si/online/radler-isotonic-00-limona-union-05l/p/599199
Spar,pijace,pivo cider,428742,"MALT ANANAS 0,0%, LAŠKO, 0,5L; Laško Malt je gaziran osvežilni napitek, pripravljen na osnovi sadnega sladnega ekstrakta. Primeren je za vse, ki jim je okus po pivu in ječmenovem sladu blizu,...","1,09 €",,https://www.spar.si/online/malt-ananas-00-lasko-05l/p/428742
Spar,pijace,pivo cider,600454,"MALT ANANAS, LAŠKO, 4X 0,33L; Laško Malt je gaziran osvežilni napitek, pripravljen na osnovi sadnega sladnega ekstrakta. Primeren je za vse, ki jim je okus po pivu in ječmenovem sladu blizu,...","2,89 €",,https://www.spar.si/online/malt-ananas-lasko-4x-033l/p/600454
Spar,pijace,pivo cider,20683,"PIVO HEINEKEN, SVETLO, 5%ALK., PLOČ.,0,33L; Heineken je osvežilno premium lager pivo (vsebnost alkohola: 5,0 vol. %). Zvarjeno je iz 100% naravnih sestavin (ječmen, voda in hmelj). V času zorjenja origina...","1,22 €",,https://www.spar.si/online/pivo-heineken-svetlo-5alk-ploc033l/p/20683
Spar,pijace,pivo cider,552507,"BREZALKOHOLNO PIVO HEINEKEN 0.0, 0,33L; Lepo uravnoteženo brezalkoholno pivo iz izbranih naravnih sestavin: voda, ječmen, slad in hmeljni ekstrakt, ki ima osvežujočo sadno noto ter nežnen sladni okus....","1,22 €",,https://www.spar.si/online/brezalkoholno-pivo-heineken-00-033l/p/552507
Spar,pijace,pivo cider,600595,"SVETLO PIVO HEINEKEN, 0,33L; Heineken je osvežilno premium lager pivo ( vsebnost alkohola: 5,0 vol. %). Zvarjeno je iz 100% naravnih sestavin (ječmen, voda in hmelj). V času zorjenja origin...","1,36 €",,https://www.spar.si/online/svetlo-pivo-heineken-033l/p/600595
Spar,pijace,pivo cider,554789,"BREZALKOHOLNO PIVO HEINEKEN 0.0, 6X0,33L; Lepo uravnoteženo brezalkoholno pivo iz izbranih naravnih sestavin: voda, ječmen, slad in hmeljni ekstrakt, ki ima osvežujočo sadno noto ter nežnen sladni okus....","7,09 €",,https://www.spar.si/online/brezalkoholno-pivo-heineken-00-6x033l/p/554789
Spar,pijace,pivo cider,200890,"SVETLO PIVO HEINEKEN, 6X0,33L; Heineken je osvežilno premium lager pivo (vsebnost alkohola: 5,0 vol. %). Zvarjeno je iz 100% naravnih sestavin (ječmen, voda in hmelj). V času zorjenja origina...","6,89 €",,https://www.spar.si/online/svetlo-pivo-heineken-6x033l/p/200890
Spar,pijace,pivo cider,596843,"SVETLO PIVO ALE NEFILTRIRANO, S-BUDGET, 0,5L","0,95 €",,https://www.spar.si/online/svetlo-pivo-ale-nefiltrirano-s-budget-05l/p/596843
Spar,pijace,pivo cider,598934,"PIVO CONQUEROR, APOCALYPTO, RESERVOIR DOGS, 0,44L","3,28 €",,https://www.spar.si/online/pivo-conqueror-apocalypto-reservoir-dogs-044l/p/598934
Spar,pijace,pivo cider,593770,"PIVO LILI NOVY NEIPA, MAISTER BREWERY, 0,5L","3,88 €",,https://www.spar.si/online/pivo-lili-novy-neipa-maister-brewery-05l/p/593770
Spar,pijace,pivo cider,656740,"PIVO LINHART IPA, MAISTER BREWERY 0,5L; Linhart je izjemno osvežilna IPA, polna citrusnih in grozdnih not, ki se dopolnjujejo z blago grenkobo v pookusu. Zvarjeno je z uporabo lagerskega kvasa, ki pri...","3,99 €",,https://www.spar.si/online/pivo-linhart-ipa-maister-brewery-05l/p/656740
Spar,pijace,pivo cider,567576,"PIVO FORBIDDEN FRUIT, GREEN GOLD BREWING, 0,33L","2,59 €","REDNA CENA 3,08 €",https://www.spar.si/online/pivo-forbidden-fruit-green-gold-brewing-033l/p/567576
Spar,pijace,zgane in druge alkoholne pijace,580050,"SADJEVEC SPAR, 1L","14,27 €",,https://www.spar.si/online/sadjevec-spar-1l/p/580050
Spar,pijace,zgane in druge alkoholne pijace,331406,"VODKA SPAR, 1L","8,27 €",,https://www.spar.si/online/vodka-spar-1l/p/331406
Spar,pijace,zgane in druge alkoholne pijace,609629,"VIŠNJEV LIKER, SPAR, 0,7L","7,99 €",,https://www.spar.si/online/visnjev-liker-spar-07l/p/609629
Spar,pijace,zgane in druge alkoholne pijace,411166,"ZELIŠČNI LIKER, SPAR, 0,7L","6,49 €",,https://www.spar.si/online/zeliscni-liker-spar-07l/p/411166
Spar,pijace,zgane in druge alkoholne pijace,378524,"DOMAČI RUM, SPAR, 0,5L; Domači rum uporabljamo za pripravo različnih pijač. Nepogrešljiv je v vsaki kuhinji pri peki krofov in ostalih slaščic. Lahko ga pijemo tudi samega.","5,19 €",,https://www.spar.si/online/domaci-rum-spar-05l/p/378524
Spar,pijace,zgane in druge alkoholne pijace,254006,"WHISKEY JAMESON, 0,7L","22,99 €",,https://www.spar.si/online/whiskey-jameson-07l/p/254006
Spar,pijace,zgane in druge alkoholne pijace,653597,"IRISH WHISKEY JAMESON SINGLE POT STILL, 0,7L","45,99 €",,https://www.spar.si/online/irish-whiskey-jameson-single-pot-still-07l/p/653597
Spar,pijace,zgane in druge alkoholne pijace,328339,"WHISKY ROYAL SALUTE, 0,7L","158,59 €",,https://www.spar.si/online/whisky-royal-salute-07l/p/328339
Spar,pijace,zgane in druge alkoholne pijace,519506,"WHISKY, JAMESON CRESTED, 0,7 L","26,99 €","REDNA CENA 33,99 €",https://www.spar.si/online/whisky-jameson-crested-07-l/p/519506
Spar,pijace,zgane in druge alkoholne pijace,630409,"WHISKY TULLAMORE DEW, 1L","28,98 €",,https://www.spar.si/online/whisky-tullamore-dew-1l/p/630409
Spar,pijace,zgane in druge alkoholne pijace,98959,"KONJAK HENNESSY VS, 0,7L; OCENA OKUSA; Hennessy V.S je močna, a harmonična mešanica, ki odseva okus ostrih začimb in sadja z dodatki sadnih not in delikatnih odtenkov vanilje.; ; V...","45,98 €",,https://www.spar.si/online/konjak-hennessy-vs-07l/p/98959
Spar,pijace,zgane in druge alkoholne pijace,594363,"KONJAK FERRAND 10TH GENERATION, 0,5L","43,99 €","REDNA CENA 58,98 €",https://www.spar.si/online/konjak-ferrand-10th-generation-05l/p/594363
Spar,pijace,zgane in druge alkoholne pijace,8554,"KONJAK MARTELL, 0,7L","35,99 €",,https://www.spar.si/online/konjak-martell-07l/p/8554
Spar,pijace,zgane in druge alkoholne pijace,596741,"KONJAK MEUKOW V.S.O.P SUPERIOR, 0,7L; Neverjetna gladkost Meukowa VSOP Superior je sad pazljive izbire različnih žganj, iz katerih naredijo mešanico, in zahteve po daljšem minimalnem staranju, za ra...","58,98 €",,https://www.spar.si/online/konjak-meukow-vsop-superior-07l/p/596741
Spar,pijace,zgane in druge alkoholne pijace,488370,"KONJAK, MARTELL VS, 0,03 L","2,28 €",,https://www.spar.si/online/konjak-martell-vs-003-l/p/488370
Spar,pijace,zgane in druge alkoholne pijace,580050,"SADJEVEC SPAR, 1L","14,27 €",,https://www.spar.si/online/sadjevec-spar-1l/p/580050
Spar,pijace,zgane in druge alkoholne pijace,609629,"VIŠNJEV LIKER, SPAR, 0,7L","7,99 €",,https://www.spar.si/online/visnjev-liker-spar-07l/p/609629
Spar,pijace,zgane in druge alkoholne pijace,411166,"ZELIŠČNI LIKER, SPAR, 0,7L","6,49 €",,https://www.spar.si/online/zeliscni-liker-spar-07l/p/411166
Spar,pijace,zgane in druge alkoholne pijace,624915,"TRAVARICA, S-BUDGET, 0,1L","1,99 €",,https://www.spar.si/online/travarica-s-budget-01l/p/624915
Spar,pijace,zgane in druge alkoholne pijace,624918,"PELINKOVEC, S-BUDGET, 0,1L","1,99 €",,https://www.spar.si/online/pelinkovec-s-budget-01l/p/624918
Spar,pijace,zgane in druge alkoholne pijace,660791,"RUM LIKER MONKAI, 0,7L","34,99 €",,https://www.spar.si/online/rum-liker-monkai-07l/p/660791
Spar,pijace,zgane in druge alkoholne pijace,643204,"KREMNI LIKER Z VODKO IN JAGODAMI, XUXU, 0,7L; Super kombinacija sočnih jagod, okusne vodke in nežne kreme za neizmerno uživanje v vsakem požirku. Uživajte dobro ohlajenega ali z ledom, kot preliv na slastne...","13,99 €","REDNA CENA 16,59 €",https://www.spar.si/online/kremni-liker-z-vodko-in-jagodami-xuxu-07l/p/643204
Spar,pijace,zgane in druge alkoholne pijace,17521,"LIKER IRISH CREAM BAILEYS, 0,7L; Kremni liker z irskim vikijem in smetano.","16,99 €","REDNA CENA 19,59 €",https://www.spar.si/online/liker-irish-cream-baileys-07l/p/17521
Spar,pijace,zgane in druge alkoholne pijace,661254,"GRENČICA Z DODATKOM KAVE, UNDERBERG, ESPRESSO HERBTINI, 12X0,02L","16,99 €",,https://www.spar.si/online/grencica-z-dodatkom-kave-underberg-espresso-herbtini-12x002l/p/661254
Spar,pijace,zgane in druge alkoholne pijace,215803,"ČOKOLADNI LIKER BIO SAD, 0,7L; Kremni čokoladni liker je specialni liker izdelan na osnovi jajčnega likerja. Je gosta pijača temno rjave barve, z značilno aromo in močno izraženim okusom po č...","9,29 €",,https://www.spar.si/online/cokoladni-liker-bio-sad-07l/p/215803
Spar,pijace,zgane in druge alkoholne pijace,619128,"GIN BOMBAY SAPPHIRE SUNSET, 0,7L","23,89 €","REDNA CENA 30,69 €",https://www.spar.si/online/gin-bombay-sapphire-sunset-07l/p/619128
Spar,pijace,zgane in druge alkoholne pijace,363294,"GIN BOMBAY SAPPHIRE, 0,7L","21,99 €","REDNA CENA 28,98 €",https://www.spar.si/online/gin-bombay-sapphire-07l/p/363294
Spar,pijace,zgane in druge alkoholne pijace,593759,"GIN OLD TOM, BROKEN BONES, 0,5L","39,95 €",,https://www.spar.si/online/gin-old-tom-broken-bones-05l/p/593759
Spar,pijace,zgane in druge alkoholne pijace,581816,"GIN BROKEN BONES, LONDON DRY, 0,5L; Broken Bones London Dry Gin je slovenski gin, ki se ponaša z nagrado za najboljši slovenski gin na World Gin Awards.","34,94 €",,https://www.spar.si/online/gin-broken-bones-london-dry-05l/p/581816
Spar,pijace,zgane in druge alkoholne pijace,527384,"GIN, LONDON DRY, MASTER´S SELECTION, 0,7 L","13,49 €","REDNA CENA 14,99 €",https://www.spar.si/online/gin-london-dry-masters-selection-07-l/p/527384
Spar,pijace,zgane in druge alkoholne pijace,378524,"DOMAČI RUM, SPAR, 0,5L; Domači rum uporabljamo za pripravo različnih pijač. Nepogrešljiv je v vsaki kuhinji pri peki krofov in ostalih slaščic. Lahko ga pijemo tudi samega.","5,19 €",,https://www.spar.si/online/domaci-rum-spar-05l/p/378524
Spar,pijace,zgane in druge alkoholne pijace,378522,"DOMAČI RUM, SPAR, 1L; Domači rum uporabljamo za pripravo različnih pijač. Nepogrešljiv je v vsaki kuhinji pri peki krofov in ostalih slaščic.","9,49 €",,https://www.spar.si/online/domaci-rum-spar-1l/p/378522
Spar,pijace,zgane in druge alkoholne pijace,658510,"RUM BLANC, AKAMAKA, 0,7L","14,99 €","REDNA CENA 19,99 €",https://www.spar.si/online/rum-blanc-akamaka-07l/p/658510
Spar,pijace,zgane in druge alkoholne pijace,29972,"RUM CARTA BLANCA, BACARDI, 0,7L","21,98 €",,https://www.spar.si/online/rum-carta-blanca-bacardi-07l/p/29972
Spar,pijace,zgane in druge alkoholne pijace,643318,"RUM ABUELO 12YO, 0,7L; Abuelo 12 let odraža strast do izdelave najboljšega staranega ruma na svetu. V tropskem podnebju se ti vrhunski destilati starajo 12 let. Iz posestva kjer je pr...","29,49 €","REDNA CENA 36,89 €",https://www.spar.si/online/rum-abuelo-12yo-07l/p/643318
Spar,pijace,zgane in druge alkoholne pijace,331406,"VODKA SPAR, 1L","8,27 €",,https://www.spar.si/online/vodka-spar-1l/p/331406
Spar,pijace,zgane in druge alkoholne pijace,646381,"VODKIN LIKER BLUE, S-BUDGET, 0,7L","6,02 €",,https://www.spar.si/online/vodkin-liker-blue-s-budget-07l/p/646381
Spar,pijace,zgane in druge alkoholne pijace,578587,"VODKA VIGOR ORIGINAL, 1L","13,99 €","REDNA CENA 16,58 €",https://www.spar.si/online/vodka-vigor-original-1l/p/578587
Spar,pijace,zgane in druge alkoholne pijace,433573,"VODKA, ABSOLUT, 0,5 L","11,98 €",,https://www.spar.si/online/vodka-absolut-05-l/p/433573
Spar,pijace,zgane in druge alkoholne pijace,655357,"VODKA SVEDKA, 1L","25,99 €",,https://www.spar.si/online/vodka-svedka-1l/p/655357
Spar,pijace,zgane in druge alkoholne pijace,636258,"TEQUILA SIERRA ANTIGUO PLATA, 0,7L","42,99 €",,https://www.spar.si/online/tequila-sierra-antiguo-plata-07l/p/636258
Spar,pijace,zgane in druge alkoholne pijace,638843,"TEQUILA SIERRA TROPICAL CHILLI, 0,7L","24,58 €",,https://www.spar.si/online/tequila-sierra-tropical-chilli-07l/p/638843
Spar,pijace,zgane in druge alkoholne pijace,639453,"TEQUILA GOLD, TISCAZ, 0,7L; Tiscaz Tequila Gold je izdelana v Mehiki, v zvezni državi Jalisco, na tradicionalen način iz modre agave, ki raste na Altas Terras. Tiscaz Tequila Gold razvije ...","18,39 €","REDNA CENA 21,59 €",https://www.spar.si/online/tequila-gold-tiscaz-07l/p/639453
Spar,pijace,zgane in druge alkoholne pijace,645859,"TEQUILA BLANCO CODIGO 1530, 0,7L","58,99 €",,https://www.spar.si/online/tequila-blanco-codigo-1530-07l/p/645859
Spar,pijace,zgane in druge alkoholne pijace,605935,"TEQUILA BLANCO, OLMECA, 0,7L","21,18 €",,https://www.spar.si/online/tequila-blanco-olmeca-07l/p/605935
Spar,pijace,zgane in druge alkoholne pijace,599769,"ALKOHOLNA PIJAČA GINGER&LIME, JAMESON, 0,25L","2,89 €",,https://www.spar.si/online/alkoholna-pijaca-gingerlime-jameson-025l/p/599769
Spar,pijace,zgane in druge alkoholne pijace,585071,"GIN&TONIC JAGODA PINK STRAWBERRY, BEEFEATER, 0,25L","2,38 €",,https://www.spar.si/online/gintonic-jagoda-pink-strawberry-beefeater-025l/p/585071
Spar,pijace,zgane in druge alkoholne pijace,493591,"MEŠANA ALKOHOLNA PIJAČA, MALIBU COLA, 0,25 L; Mešana alkoholna pijača, ki vsebuje rum Malibu in brezalkoholno pijačo.","2,38 €",,https://www.spar.si/online/mesana-alkoholna-pijaca-malibu-cola-025-l/p/493591
Spar,pijace,zgane in druge alkoholne pijace,505219,"RUM COLA, HAVANA CLUB, 330ML","2,99 €",,https://www.spar.si/online/rum-cola-havana-club-330ml/p/505219
Spar,pijace,zgane in druge alkoholne pijace,604704,"ALKOHOLNA PIJAČA COCKTAIL SEX ON THE BEACH, DANA, 0,7L; Dana cocktail SEX ON THE BEACH; Alkoholna pijača z okusom brusnice in pomaranče. 14 vol. %.","5,99 €","REDNA CENA 8,28 €",https://www.spar.si/online/alkoholna-pijaca-cocktail-sex-on-the-beach-dana-07l/p/604704
Spar,pijace,zgane in druge alkoholne pijace,40330,"BRANDY STOCK, 1L; Gre za odlično žganje, narejeno le iz plemenitih italijanskih vin, pridobljenih iz grozdja najvišje kakovosti. Njegova popolna harmonija - zlata barva, aroma in...","20,48 €",,https://www.spar.si/online/brandy-stock-1l/p/40330
Spar,pijace,zgane in druge alkoholne pijace,327969,"VILJAMOVKA S HRUŠKO PRIOR, FRUCTAL, 0,7L","38,98 €",,https://www.spar.si/online/viljamovka-s-hrusko-prior-fructal-07l/p/327969
Spar,pijace,zgane in druge alkoholne pijace,655970,"DARILNI PAKET PRIOR VILJAMOVKA 0,7L, FRUCTAL + 2 KOZARCA; PRIOR DARILNI PAKET KOZAREC VILJAMOVKA","38,99 €",,https://www.spar.si/online/darilni-paket-prior-viljamovka-07l-fructal-2-kozarca/p/655970
Spar,pijace,zgane in druge alkoholne pijace,269919,"VILJAMOVKA KEJŽAR, 0,7L","25,68 €",,https://www.spar.si/online/viljamovka-kejzar-07l/p/269919
Spar,pijace,zgane in druge alkoholne pijace,633658,"BRANDY ARARAT ANI 7YO, ARARAT, 0,7L","30,99 €",,https://www.spar.si/online/brandy-ararat-ani-7yo-ararat-07l/p/633658
Spar,pijace,kava,455397,"INSTANT KAVA 3V1, SPAR, 10/1, 180G; Instant kavni napitek s kavnim belilom in sladkorjem.; ; Povprečna hranilna vrednost/100g:; Energijska vrednost: 1812kJ/430 kcal,; maščobe: 11g,; od...","1,19 €","REDNA CENA 1,49 €",https://www.spar.si/online/instant-kava-3v1-spar-101-180g/p/455397
Spar,pijace,kava,292990,"CAPPUCCINO ORIGINAL SPAR, 100G","1,03 €",,https://www.spar.si/online/cappuccino-original-spar-100g/p/292990
Spar,pijace,kava,509483,"DEKOFEINIZIRANA INSTANT KAVA GOLD, SPAR, 100G","3,77 €",,https://www.spar.si/online/dekofeinizirana-instant-kava-gold-spar-100g/p/509483
Spar,pijace,kava,455404,"INSTANT KAVA 2V1, SPAR, 10/1, 140G; Instant kavni napitek s kavnim belilom. Pakiranje (140 g) vsebuje 10 porcij.; ; Povprečna hranilna vrednost/100g:; Energijska vrednost: 2042kJ/488 kcal, <...","1,29 €",,https://www.spar.si/online/instant-kava-2v1-spar-101-140g/p/455404
Spar,pijace,kava,516485,"INSTANT ŽITNA KAVA SPARCAFFE, SPAR, 100G; Povprečna hranilna vrednost na 100g:; Energijska vrednost 1549kJ/365kcal; Maščobe 0g; od tega nasičene maščobe 0g; Ogljikovi hidrati 82,0g; od tega sl...","2,15 €",,https://www.spar.si/online/instant-zitna-kava-sparcaffe-spar-100g/p/516485
Spar,pijace,kava,546797,"BIO PRAŽENA KAVA V ZRNU, SPAR NATUR*PUR, 500G","10,55 €",,https://www.spar.si/online/bio-prazena-kava-v-zrnu-spar-naturpur-500g/p/546797
Spar,pijace,kava,342890,"BIO MLETA KAVA SPAR NATUR*PUR, 500G; PRAŽENA V AVSTRIJI: Avstrijska pražarna kave REGIO mojstrsko praži kavo na različne načine ter se prilagaja najrazličnejšim zahtevam poznavalcev kave.; ; S...","9,30 €",,https://www.spar.si/online/bio-mleta-kava-spar-naturpur-500g/p/342890
Spar,pijace,kava,545115,"BIO PRAŽENA KAVA V ZRNU, SPAR NATUR*PUR, 1KG; Odlična mešanica kave arabica in robusta za kavne avtomate.","19,28 €",,https://www.spar.si/online/bio-prazena-kava-v-zrnu-spar-naturpur-1kg/p/545115
Spar,pijace,kava,501970,"PRAŽENA KAVA V ZRNU, SPAR PREMIUM, 1KG","22,24 €",,https://www.spar.si/online/prazena-kava-v-zrnu-spar-premium-1kg/p/501970
Spar,pijace,kava,566246,"PRAŽENA KAVA V ZRNU, SPAR PREMIUM, 500G; 100% kava arabica; Pražena kava v zrnju; Poreklo: Nikaragva","7,68 €",,https://www.spar.si/online/prazena-kava-v-zrnu-spar-premium-500g/p/566246
Spar,pijace,kava,455397,"INSTANT KAVA 3V1, SPAR, 10/1, 180G; Instant kavni napitek s kavnim belilom in sladkorjem.; ; Povprečna hranilna vrednost/100g:; Energijska vrednost: 1812kJ/430 kcal,; maščobe: 11g,; od...","1,19 €","REDNA CENA 1,49 €",https://www.spar.si/online/instant-kava-3v1-spar-101-180g/p/455397
Spar,pijace,kava,292990,"CAPPUCCINO ORIGINAL SPAR, 100G","1,03 €",,https://www.spar.si/online/cappuccino-original-spar-100g/p/292990
Spar,pijace,kava,509483,"DEKOFEINIZIRANA INSTANT KAVA GOLD, SPAR, 100G","3,77 €",,https://www.spar.si/online/dekofeinizirana-instant-kava-gold-spar-100g/p/509483
Spar,pijace,kava,455404,"INSTANT KAVA 2V1, SPAR, 10/1, 140G; Instant kavni napitek s kavnim belilom. Pakiranje (140 g) vsebuje 10 porcij.; ; Povprečna hranilna vrednost/100g:; Energijska vrednost: 2042kJ/488 kcal, <...","1,29 €",,https://www.spar.si/online/instant-kava-2v1-spar-101-140g/p/455404
Spar,pijace,kava,516485,"INSTANT ŽITNA KAVA SPARCAFFE, SPAR, 100G; Povprečna hranilna vrednost na 100g:; Energijska vrednost 1549kJ/365kcal; Maščobe 0g; od tega nasičene maščobe 0g; Ogljikovi hidrati 82,0g; od tega sl...","2,15 €",,https://www.spar.si/online/instant-zitna-kava-sparcaffe-spar-100g/p/516485
Spar,pijace,kava,601244,"KAVA V KAPSULAH EXTRA BAR, DESPAR, 16/1, 112G; Kapsule so primerne za aparate Nescafe Dolce Gusto* za uporabo v gospodinjstvu. Za varno odstranitev kapsule počakajte nekaj sekund po pripravljenem napitku....","2,87 €","REDNA CENA 3,19 €",https://www.spar.si/online/kava-v-kapsulah-extra-bar-despar-161-112g/p/601244
Spar,pijace,kava,593810,"KAVA V KAPSULAH LUNGO, S-BUDGET, 30/1, 159G; Lungo, pražena mleta kava v kapsulah. Intenzivnost 5/10. Za uporabo v kavnih avtomatih Nespresso System.","4,99 €",,https://www.spar.si/online/kava-v-kapsulah-lungo-s-budget-301-159g/p/593810
Spar,pijace,kava,636118,"KAVNE KAPSULE LUNGO FORTE, S-BUDGET, 30/1,156G; S-BUDGET kavne kapsule lungo forte je pražena mleta kava v kapsulah.; Kava je pridelana v skladu s certifikatom Rainforest alliance, kar pomeni, da kava priha...","4,99 €",,https://www.spar.si/online/kavne-kapsule-lungo-forte-s-budget-301156g/p/636118
Spar,pijace,kava,618842,"KAVNE KAPSULE BREZKOFEINSKI ESPRESSO, S-BUDGET, 30/1, 156G; Intenzivnost: 5/10. Velikost skodelice: 40ml. Za uporabo v kavnih aparatih Nespresso(R)*System.; *Znamka je last pravne osebe, ki nima povezave s podjetjem SP...","4,99 €",,https://www.spar.si/online/kavne-kapsule-brezkofeinski-espresso-s-budget-301-156g/p/618842
Spar,pijace,kava,618296,"KAVNE KAPSULE Z OKUSOM KARAMELE, S-BUDGET, 10/1, 50G; Intenzivnost: 5/10. Velikost skodelice: 40ml. Za uporabo v kavnih avtomatih Nespresso** (**znamka je last pravne osebe, ki nima povezave s podjetjem SPAR AG.","1,75 €",,https://www.spar.si/online/kavne-kapsule-z-okusom-karamele-s-budget-101-50g/p/618296
Spar,pijace,caj,168254,"ČAJ HIBISKUS, SPAR, 40/1, 80G; Družinsko pakiranje čaja v filter vrečkah je namenjeno predvsem družinski uporabi za pripravo večje količine čaja.","1,55 €",,https://www.spar.si/online/caj-hibiskus-spar-401-80g/p/168254
Spar,pijace,caj,442454,"ČAJ GOZDNI SADEŽI, SPAR, 20/1, 44G; Aromatiziran sadni čaj.","1,03 €",,https://www.spar.si/online/caj-gozdni-sadezi-spar-201-44g/p/442454
Spar,pijace,caj,460213,"SADNI ČAJNI MIX, SPAR, 116G","5,29 €",,https://www.spar.si/online/sadni-cajni-mix-spar-116g/p/460213
Spar,pijace,caj,436962,"ZELENI ČAJ, SPAR, 20/1, 34G","0,85 €",,https://www.spar.si/online/zeleni-caj-spar-201-34g/p/436962
Spar,pijace,caj,471956,"AROMATIZIRANI SADNI ČAJ BRUSNICA, SPAR, 20/1, 44G","1,19 €",,https://www.spar.si/online/aromatizirani-sadni-caj-brusnica-spar-201-44g/p/471956
Spar,pijace,caj,442454,"ČAJ GOZDNI SADEŽI, SPAR, 20/1, 44G; Aromatiziran sadni čaj.","1,03 €",,https://www.spar.si/online/caj-gozdni-sadezi-spar-201-44g/p/442454
Spar,pijace,caj,460213,"SADNI ČAJNI MIX, SPAR, 116G","5,29 €",,https://www.spar.si/online/sadni-cajni-mix-spar-116g/p/460213
Spar,pijace,caj,471956,"AROMATIZIRANI SADNI ČAJ BRUSNICA, SPAR, 20/1, 44G","1,19 €",,https://www.spar.si/online/aromatizirani-sadni-caj-brusnica-spar-201-44g/p/471956
Spar,pijace,caj,656221,"ČAJ ZIMSKI IZLET, SPAR, 20/1, 60G","0,99 €",,https://www.spar.si/online/caj-zimski-izlet-spar-201-60g/p/656221
Spar,pijace,caj,481572,"ČAJ ZIMSKA PRAVLJICA, SPAR, 60G","0,99 €",,https://www.spar.si/online/caj-zimska-pravljica-spar-60g/p/481572
Spar,pijace,caj,436962,"ZELENI ČAJ, SPAR, 20/1, 34G","0,85 €",,https://www.spar.si/online/zeleni-caj-spar-201-34g/p/436962
Spar,pijace,caj,637408,"BIO ZELENI ČAJ, SPAR NATUR*PUR, 20/1, 40G","3,22 €",,https://www.spar.si/online/bio-zeleni-caj-spar-naturpur-201-40g/p/637408
Spar,pijace,caj,376844,"ČRNI ČAJ IRISH CREAM, TEEKANNE, 20/1, 33G","2,19 €",,https://www.spar.si/online/crni-caj-irish-cream-teekanne-201-33g/p/376844
Spar,pijace,caj,522222,"ZELENI ČAJ SUPERIOR GREEN TEA, SIR WINSTON TEA, 20/1, 35G","1,96 €","REDNA CENA 2,45 €",https://www.spar.si/online/zeleni-caj-superior-green-tea-sir-winston-tea-201-35g/p/522222
Spar,pijace,caj,540807,"BIO ZELENI ČAJ Z INGVERJEM, HERBA MEDICA, 25/1, 35G","2,88 €",,https://www.spar.si/online/bio-zeleni-caj-z-ingverjem-herba-medica-251-35g/p/540807
Spar,pijace,caj,168254,"ČAJ HIBISKUS, SPAR, 40/1, 80G; Družinsko pakiranje čaja v filter vrečkah je namenjeno predvsem družinski uporabi za pripravo večje količine čaja.","1,55 €",,https://www.spar.si/online/caj-hibiskus-spar-401-80g/p/168254
Spar,pijace,caj,168251,"ČAJ KAMILICA, SPAR, 20/1, 20G","0,69 €",,https://www.spar.si/online/caj-kamilica-spar-201-20g/p/168251
Spar,pijace,caj,168252,"GORSKI ČAJ ZELIŠČNI, SPAR, 20/1, 44G","1,03 €",,https://www.spar.si/online/gorski-caj-zeliscni-spar-201-44g/p/168252
Spar,pijace,caj,637396,"BIO ZELIŠČNI ČAJ, SPAR NATUR*PUR, 20/1, 40G","3,25 €",,https://www.spar.si/online/bio-zeliscni-caj-spar-naturpur-201-40g/p/637396
Spar,pijace,caj,604440,"BIO ZELIŠČNI ČAJ, SPAR NATUR*PUR, 25/1, 40G","2,79 €",,https://www.spar.si/online/bio-zeliscni-caj-spar-naturpur-251-40g/p/604440
Spar,pijace,caj,471990,"INSTANT SADNI ČAJ, BEBIVITA, 200G","3,79 €",,https://www.spar.si/online/instant-sadni-caj-bebivita-200g/p/471990
Spar,pijace,caj,526987,"INSTANT ČAJ JABOLKO IN MELISA, BEBIVITA, 200G","3,79 €",,https://www.spar.si/online/instant-caj-jabolko-in-melisa-bebivita-200g/p/526987
Spar,pijace,caj,619109,"BIO ČAJ ZA ČAS DOJENJA BREAST FEEDING, TEEKANNE, 20/1, 30G","2,39 €",,https://www.spar.si/online/bio-caj-za-cas-dojenja-breast-feeding-teekanne-201-30g/p/619109
Spar,pijace,caj,471986,"INSTANT KOMARČKOV ČAJ, BEBIVITA, 200G","3,79 €",,https://www.spar.si/online/instant-komarckov-caj-bebivita-200g/p/471986
Spar,pijace,caj,384580,"MEŠANICA ZELIŠČNEGA ČAJA ZA OTROKE, KRTEK, 20/1, 30G","1,15 €",,https://www.spar.si/online/mesanica-zeliscnega-caja-za-otroke-krtek-201-30g/p/384580
Spar,pijace,kakav in vroca cokolada,649248,"ČOKOLADNI NAPITEK Z MANJ SLADKORJA, SPAR, 350G; Zmanjšana vsebnost sladkorja - vsebuje 30% manj sladkorja kot običajni čokoladni napitek","3,39 €",,https://www.spar.si/online/cokoladni-napitek-z-manj-sladkorja-spar-350g/p/649248
Spar,pijace,kakav in vroca cokolada,455413,"KAKAV INSTANT, S-BUDGET, 800 G; Vsebnost kakavovega masla v manj mastnem kakavu: 10-12%.","3,39 €",,https://www.spar.si/online/kakav-instant-s-budget-800-g/p/455413
Spar,pijace,kakav in vroca cokolada,643022,"EXTRA TEMNA VROČA ČOKOLADA V PRAHU, BAM, 220G; BAM extra temna vroča čokolada postreže z res bogatim okusom po temni čokoladi. Vroča čokolada ustvari kremen, a ravno prav gost napitek, ki navduši tako z okus...","5,34 €","REDNA CENA 6,68 €",https://www.spar.si/online/extra-temna-vroca-cokolada-v-prahu-bam-220g/p/643022
Spar,pijace,kakav in vroca cokolada,606316,"KAPSULE NESQUIK, NESCAFÉ DOLCE GUSTO, 16/1, 256G; Mešanica v prahu za pripravo napitka z mlekom v prahu in kakavovim prahom, z dodanimi vitamini in kalcijem.","6,49 €",,https://www.spar.si/online/kapsule-nesquik-nescaf-dolce-gusto-161-256g/p/606316
Spar,pijace,kakav in vroca cokolada,438094,"ZRNCA Z OKUSOM VANILIJE V SLAMICI, QUICK MILK, 30G; V trenutku do napitka z okusom vanilije. Ne vsebuje glutena, umetnih arom, AZO barvil in GSO.","0,76 €","REDNA CENA 0,95 €",https://www.spar.si/online/zrnca-z-okusom-vanilije-v-slamici-quick-milk-30g/p/438094
Spar,pijace,kakav in vroca cokolada,649248,"ČOKOLADNI NAPITEK Z MANJ SLADKORJA, SPAR, 350G; Zmanjšana vsebnost sladkorja - vsebuje 30% manj sladkorja kot običajni čokoladni napitek","3,39 €",,https://www.spar.si/online/cokoladni-napitek-z-manj-sladkorja-spar-350g/p/649248
Spar,pijace,kakav in vroca cokolada,455413,"KAKAV INSTANT, S-BUDGET, 800 G; Vsebnost kakavovega masla v manj mastnem kakavu: 10-12%.","3,39 €",,https://www.spar.si/online/kakav-instant-s-budget-800-g/p/455413
Spar,pijace,kakav in vroca cokolada,643022,"EXTRA TEMNA VROČA ČOKOLADA V PRAHU, BAM, 220G; BAM extra temna vroča čokolada postreže z res bogatim okusom po temni čokoladi. Vroča čokolada ustvari kremen, a ravno prav gost napitek, ki navduši tako z okus...","5,34 €","REDNA CENA 6,68 €",https://www.spar.si/online/extra-temna-vroca-cokolada-v-prahu-bam-220g/p/643022
Spar,pijace,kakav in vroca cokolada,606316,"KAPSULE NESQUIK, NESCAFÉ DOLCE GUSTO, 16/1, 256G; Mešanica v prahu za pripravo napitka z mlekom v prahu in kakavovim prahom, z dodanimi vitamini in kalcijem.","6,49 €",,https://www.spar.si/online/kapsule-nesquik-nescaf-dolce-gusto-161-256g/p/606316
Spar,pijace,kakav in vroca cokolada,438094,"ZRNCA Z OKUSOM VANILIJE V SLAMICI, QUICK MILK, 30G; V trenutku do napitka z okusom vanilije. Ne vsebuje glutena, umetnih arom, AZO barvil in GSO.","0,76 €","REDNA CENA 0,95 €",https://www.spar.si/online/zrnca-z-okusom-vanilije-v-slamici-quick-milk-30g/p/438094
Spar,kruh pecivo in slascice,kruh,270481,"PŠENIČNI POLBELI KRUH, REZAN, SPAR, 1KG; Rezan in pakiran.","1,89 €",,https://www.spar.si/online/psenicni-polbeli-kruh-rezan-spar-1kg/p/270481
Spar,kruh pecivo in slascice,kruh,589717,"PŠENIČNI TOAST EXTRA SOFT, SPAR, 375G","1,85 €",,https://www.spar.si/online/psenicni-toast-extra-soft-spar-375g/p/589717
Spar,kruh pecivo in slascice,kruh,605416,"BAGUETTA BELA, SPAR, 250G; SPAR baguetta je tradicionalna francoska baguetta, ki jo odlikuje izredno hrustljava; skorja.; Izdelek je sveže pečen v trgovini.","0,44 €",,https://www.spar.si/online/baguetta-bela-spar-250g/p/605416
Spar,kruh pecivo in slascice,kruh,574431,"BIO RŽENI POLNOZRNATI KRUH Z LANENIMI SEMENI, SPAR NATUR*PUR, 500G","1,79 €",,https://www.spar.si/online/bio-rzeni-polnozrnati-kruh-z-lanenimi-semeni-spar-naturpur-500g/p/574431
Spar,kruh pecivo in slascice,kruh,481365,"GRISINI S SEZAMOM SPAR, 170G; Grisini s sezamom.","1,08 €",,https://www.spar.si/online/grisini-s-sezamom-spar-170g/p/481365
Spar,kruh pecivo in slascice,kruh,270481,"PŠENIČNI POLBELI KRUH, REZAN, SPAR, 1KG; Rezan in pakiran.","1,89 €",,https://www.spar.si/online/psenicni-polbeli-kruh-rezan-spar-1kg/p/270481
Spar,kruh pecivo in slascice,kruh,605416,"BAGUETTA BELA, SPAR, 250G; SPAR baguetta je tradicionalna francoska baguetta, ki jo odlikuje izredno hrustljava; skorja.; Izdelek je sveže pečen v trgovini.","0,44 €",,https://www.spar.si/online/baguetta-bela-spar-250g/p/605416
Spar,kruh pecivo in slascice,kruh,574431,"BIO RŽENI POLNOZRNATI KRUH Z LANENIMI SEMENI, SPAR NATUR*PUR, 500G","1,79 €",,https://www.spar.si/online/bio-rzeni-polnozrnati-kruh-z-lanenimi-semeni-spar-naturpur-500g/p/574431
Spar,kruh pecivo in slascice,kruh,574427,"BIO POLNOZRNATI RŽENI KRUH, SPAR NATUR*PUR, 500G; Brez dodanega sladkorja. Vsebuje naravno prisotne sladkorje.","1,69 €",,https://www.spar.si/online/bio-polnozrnati-rzeni-kruh-spar-naturpur-500g/p/574427
Spar,kruh pecivo in slascice,kruh,624485,"BIO KORNŠTRUČKA PŠENIČNO PEKOVSKO PECIVO, SPAR NATUR*PUR, 76G","0,59 €",,https://www.spar.si/online/bio-kornstrucka-psenicno-pekovsko-pecivo-spar-naturpur-76g/p/624485
Spar,kruh pecivo in slascice,kruh,589717,"PŠENIČNI TOAST EXTRA SOFT, SPAR, 375G","1,85 €",,https://www.spar.si/online/psenicni-toast-extra-soft-spar-375g/p/589717
Spar,kruh pecivo in slascice,kruh,481365,"GRISINI S SEZAMOM SPAR, 170G; Grisini s sezamom.","1,08 €",,https://www.spar.si/online/grisini-s-sezamom-spar-170g/p/481365
Spar,kruh pecivo in slascice,kruh,476160,"TOAST KRUH, AMERICAN STYLE, SPAR, 750G","1,99 €",,https://www.spar.si/online/toast-kruh-american-style-spar-750g/p/476160
Spar,kruh pecivo in slascice,kruh,147680,"TOAST KRUH SPAR, 500G","1,39 €",,https://www.spar.si/online/toast-kruh-spar-500g/p/147680
Spar,kruh pecivo in slascice,kruh,625374,"PIRIN TOAST, SPAR, 500G; Vir prehranskih vlaknin, vir beljakovin.","2,85 €",,https://www.spar.si/online/pirin-toast-spar-500g/p/625374
Spar,kruh pecivo in slascice,pekovsko pecivo,548781,"RŽENA MEŠANA ŠTRUČKA SPAR, 4X80G","1,46 €",,https://www.spar.si/online/rzena-mesana-strucka-spar-4x80g/p/548781
Spar,kruh pecivo in slascice,pekovsko pecivo,613616,"PIZZA TESTO Z DROŽMI, PEKARNA SPAR, 560G","1,99 €",,https://www.spar.si/online/pizza-testo-z-drozmi-pekarna-spar-560g/p/613616
Spar,kruh pecivo in slascice,pekovsko pecivo,303417,"BAGETA S ČESNOM IN MASLOM SPAR, 175G; Štručko postrežemo kot prilogo k solatam, jedem z žara, zrezkom in kremnim juham.","1,19 €",,https://www.spar.si/online/bageta-s-cesnom-in-maslom-spar-175g/p/303417
Spar,kruh pecivo in slascice,pekovsko pecivo,583973,"KAJZERICE SPAR, 5/1, 325G","1,69 €",,https://www.spar.si/online/kajzerice-spar-51-325g/p/583973
Spar,kruh pecivo in slascice,pekovsko pecivo,642528,"PŠENIČNO PEKOVSKO PECIVO IZ LUŽENEGA TESTA, ŠTRUČKE BAVARSKE, ZA DOPEKO, SPAR, 4/1, 300G","2,99 €",,https://www.spar.si/online/psenicno-pekovsko-pecivo-iz-luzenega-testa-strucke-bavarske-za-dopeko-spar-41-300g/p/642528
Spar,kruh pecivo in slascice,pekovsko pecivo,335473,"SIROVA ŠTRUČKA PEKARNA SPAR, 70G","0,60 €",,https://www.spar.si/online/sirova-strucka-pekarna-spar-70g/p/335473
Spar,kruh pecivo in slascice,pekovsko pecivo,248852,"BELA ŽEMLJA, DON DON, 240 G (4 X 60 G)","2,09 €",,https://www.spar.si/online/bela-zemlja-don-don-240-g-4-x-60-g/p/248852
Spar,kruh pecivo in slascice,pekovsko pecivo,434603,"HOT DOG ŠTRUČKA, DON DON, 280 G (2 X 140 G)","1,98 €",,https://www.spar.si/online/hot-dog-strucka-don-don-280-g-2-x-140-g/p/434603
Spar,kruh pecivo in slascice,pekovsko pecivo,426659,"CIABATTIA BREZ GLUTENA, SCHÄR, 200G","3,59 €",,https://www.spar.si/online/ciabattia-brez-glutena-schr-200g/p/426659
Spar,kruh pecivo in slascice,pekovsko pecivo,335487,"KORUZNA ŽEMLJA PEKARNA SPAR, 100G","0,54 €",,https://www.spar.si/online/koruzna-zemlja-pekarna-spar-100g/p/335487
Spar,kruh pecivo in slascice,pekovsko pecivo,392124,"ŠTRUČKA S SEMENI, S-BUDGET, 320 G (4 X 80 G)","1,79 €",,https://www.spar.si/online/strucka-s-semeni-s-budget-320-g-4-x-80-g/p/392124
Spar,kruh pecivo in slascice,pekovsko pecivo,345880,"SITARJEVO PECIVO PEKARNA SPAR, 60G","0,54 €",,https://www.spar.si/online/sitarjevo-pecivo-pekarna-spar-60g/p/345880
Spar,kruh pecivo in slascice,pekovsko pecivo,482181,"BOMBETA ZA HAMBURGER S SEZAMOM MEGA BURGER, QUICKBURY, 4/1, 300G","3,05 €",,https://www.spar.si/online/bombeta-za-hamburger-s-sezamom-mega-burger-quickbury-41-300g/p/482181
Spar,kruh pecivo in slascice,pekovsko pecivo,552892,"PIRINA ŽEMLJA PEKARNA SPAR, 70 G","0,49 €",,https://www.spar.si/online/pirina-zemlja-pekarna-spar-70-g/p/552892
Spar,kruh pecivo in slascice,pekovsko pecivo,548781,"RŽENA MEŠANA ŠTRUČKA SPAR, 4X80G","1,46 €",,https://www.spar.si/online/rzena-mesana-strucka-spar-4x80g/p/548781
Spar,kruh pecivo in slascice,pekovsko pecivo,613616,"PIZZA TESTO Z DROŽMI, PEKARNA SPAR, 560G","1,99 €",,https://www.spar.si/online/pizza-testo-z-drozmi-pekarna-spar-560g/p/613616
Spar,kruh pecivo in slascice,pekovsko pecivo,303417,"BAGETA S ČESNOM IN MASLOM SPAR, 175G; Štručko postrežemo kot prilogo k solatam, jedem z žara, zrezkom in kremnim juham.","1,19 €",,https://www.spar.si/online/bageta-s-cesnom-in-maslom-spar-175g/p/303417
Spar,kruh pecivo in slascice,pekovsko pecivo,583973,"KAJZERICE SPAR, 5/1, 325G","1,69 €",,https://www.spar.si/online/kajzerice-spar-51-325g/p/583973
Spar,kruh pecivo in slascice,pekovsko pecivo,642528,"PŠENIČNO PEKOVSKO PECIVO IZ LUŽENEGA TESTA, ŠTRUČKE BAVARSKE, ZA DOPEKO, SPAR, 4/1, 300G","2,99 €",,https://www.spar.si/online/psenicno-pekovsko-pecivo-iz-luzenega-testa-strucke-bavarske-za-dopeko-spar-41-300g/p/642528
Spar,kruh pecivo in slascice,slascice sladice in potice,568483,"MINI ROLADE LEŠNIK, SPAR, 280G","2,45 €",,https://www.spar.si/online/mini-rolade-lesnik-spar-280g/p/568483
Spar,kruh pecivo in slascice,slascice sladice in potice,568484,"MINI ROLADE VANILIJA, SPAR, 280G","2,45 €",,https://www.spar.si/online/mini-rolade-vanilija-spar-280g/p/568484
Spar,kruh pecivo in slascice,slascice sladice in potice,551438,"KOLAČ ČOKOLADA SPAR, 400G","3,29 €",,https://www.spar.si/online/kolac-cokolada-spar-400g/p/551438
Spar,kruh pecivo in slascice,slascice sladice in potice,641243,"BISKVITNA ROLADA POLNJENA Z LEŠNIKOVO KREMO, S-BUDGET, 305G","1,79 €",,https://www.spar.si/online/biskvitna-rolada-polnjena-z-lesnikovo-kremo-s-budget-305g/p/641243
Spar,kruh pecivo in slascice,slascice sladice in potice,581625,"FRANCOSKO PECIVO Z MARELIČNIM NADEVOM, SPAR, 450G","5,43 €",,https://www.spar.si/online/francosko-pecivo-z-marelicnim-nadevom-spar-450g/p/581625
Spar,kruh pecivo in slascice,slascice sladice in potice,568483,"MINI ROLADE LEŠNIK, SPAR, 280G","2,45 €",,https://www.spar.si/online/mini-rolade-lesnik-spar-280g/p/568483
Spar,kruh pecivo in slascice,slascice sladice in potice,568484,"MINI ROLADE VANILIJA, SPAR, 280G","2,45 €",,https://www.spar.si/online/mini-rolade-vanilija-spar-280g/p/568484
Spar,kruh pecivo in slascice,slascice sladice in potice,551438,"KOLAČ ČOKOLADA SPAR, 400G","3,29 €",,https://www.spar.si/online/kolac-cokolada-spar-400g/p/551438
Spar,kruh pecivo in slascice,slascice sladice in potice,641243,"BISKVITNA ROLADA POLNJENA Z LEŠNIKOVO KREMO, S-BUDGET, 305G","1,79 €",,https://www.spar.si/online/biskvitna-rolada-polnjena-z-lesnikovo-kremo-s-budget-305g/p/641243
Spar,kruh pecivo in slascice,slascice sladice in potice,581625,"FRANCOSKO PECIVO Z MARELIČNIM NADEVOM, SPAR, 450G","5,43 €",,https://www.spar.si/online/francosko-pecivo-z-marelicnim-nadevom-spar-450g/p/581625
Spar,kruh pecivo in slascice,slascice sladice in potice,533260,"SACHER TORTA S-BUDGET, 500G","7,19 €",,https://www.spar.si/online/sacher-torta-s-budget-500g/p/533260
Spar,kruh pecivo in slascice,slascice sladice in potice,609751,"VEGANSKA TORTA CHEESECAKE, MLINOTEST, 300G","7,63 €","REDNA CENA 8,98 €",https://www.spar.si/online/veganska-torta-cheesecake-mlinotest-300g/p/609751
Spar,kruh pecivo in slascice,slascice sladice in potice,334666,"ČOKOLADNA TORTA PEKARNA SPAR, 750G","10,99 €",,https://www.spar.si/online/cokoladna-torta-pekarna-spar-750g/p/334666
Spar,kruh pecivo in slascice,slascice sladice in potice,583742,"TORTA JAFA, STAMEVSKI PRESTIGE, 1KG","27,98 €",,https://www.spar.si/online/torta-jafa-stamevski-prestige-1kg/p/583742
Spar,kruh pecivo in slascice,slascice sladice in potice,583734,"TORTA DOBOŠ, STAMEVSKI PRESTIGE, 1KG","27,98 €",,https://www.spar.si/online/torta-dobos-stamevski-prestige-1kg/p/583734
Spar,kruh pecivo in slascice,drobtine mlinci in cmoki,639762,"POLBELE KRUŠNE DROBTINE, SPAR, 500G","1,23 €",,https://www.spar.si/online/polbele-krusne-drobtine-spar-500g/p/639762
Spar,kruh pecivo in slascice,drobtine mlinci in cmoki,627266,"BIO POLNOZRNATE DROBTINE, SPAR NATUR*PUR, 400G; Brez dodanega sladkorja. Vsebuje naravno prisotne sladkorje.","1,39 €",,https://www.spar.si/online/bio-polnozrnate-drobtine-spar-naturpur-400g/p/627266
Spar,kruh pecivo in slascice,drobtine mlinci in cmoki,506096,"DROBTINE SPAR FREE FROM, 250G","3,39 €",,https://www.spar.si/online/drobtine-spar-free-from-250g/p/506096
Spar,kruh pecivo in slascice,drobtine mlinci in cmoki,324022,"DROBTINE BELE, ŽITO, 500G; Bele drobtine so sestavljene in pšenične moke, so svetlo rjave barve, enakomerne granulacije, značilnega vonja, brez tujih vonjev po zatohlem in žarkem.","2,29 €",,https://www.spar.si/online/drobtine-bele-zito-500g/p/324022
Spar,kruh pecivo in slascice,drobtine mlinci in cmoki,554629,"BELE DROBTINE PANGRATTA´ BARATTOLO, GECCHELE, 400G","2,09 €",,https://www.spar.si/online/bele-drobtine-pangratta-barattolo-gecchele-400g/p/554629
Spar,kruh pecivo in slascice,drobtine mlinci in cmoki,639762,"POLBELE KRUŠNE DROBTINE, SPAR, 500G","1,23 €",,https://www.spar.si/online/polbele-krusne-drobtine-spar-500g/p/639762
Spar,kruh pecivo in slascice,drobtine mlinci in cmoki,627266,"BIO POLNOZRNATE DROBTINE, SPAR NATUR*PUR, 400G; Brez dodanega sladkorja. Vsebuje naravno prisotne sladkorje.","1,39 €",,https://www.spar.si/online/bio-polnozrnate-drobtine-spar-naturpur-400g/p/627266
Spar,kruh pecivo in slascice,drobtine mlinci in cmoki,506096,"DROBTINE SPAR FREE FROM, 250G","3,39 €",,https://www.spar.si/online/drobtine-spar-free-from-250g/p/506096
Spar,kruh pecivo in slascice,drobtine mlinci in cmoki,324022,"DROBTINE BELE, ŽITO, 500G; Bele drobtine so sestavljene in pšenične moke, so svetlo rjave barve, enakomerne granulacije, značilnega vonja, brez tujih vonjev po zatohlem in žarkem.","2,29 €",,https://www.spar.si/online/drobtine-bele-zito-500g/p/324022
Spar,kruh pecivo in slascice,drobtine mlinci in cmoki,554629,"BELE DROBTINE PANGRATTA´ BARATTOLO, GECCHELE, 400G","2,09 €",,https://www.spar.si/online/bele-drobtine-pangratta-barattolo-gecchele-400g/p/554629
Spar,shramba,moka in mlevski izdelki,434972,"JEŠPRENJ, SPAR, 1KG; Oluščena ječmenova zrna.","1,10 €",,https://www.spar.si/online/jesprenj-spar-1kg/p/434972
Spar,shramba,moka in mlevski izdelki,596280,"KUSKUS SPAR, 500G","1,19 €",,https://www.spar.si/online/kuskus-spar-500g/p/596280
Spar,shramba,moka in mlevski izdelki,554859,"PŠENIČNA BELA MOKA T400 SPAR, 1KG","0,78 €",,https://www.spar.si/online/psenicna-bela-moka-t400-spar-1kg/p/554859
Spar,shramba,moka in mlevski izdelki,540899,"RŽENA MOKA SPAR, 1KG; SPAR ržena moka tip 960 je primerna za peko rženega kruha, pekovskega peciva in medenjakov. Ržena moka vsebuje manj glutena, je temnejše barve in ima bolj poln,...","0,99 €",,https://www.spar.si/online/rzena-moka-spar-1kg/p/540899
Spar,shramba,moka in mlevski izdelki,437728,"AJDOVA KAŠA, SPAR, 1KG; ; ; Povprečna hranilna vrednost na 100g:; Energijska vrednost 1453kJ/343kcal; Maščobe 1,7g; od tega nasičene maščobe 0,3g; Ogljikovi hidrati 71g; ...","2,79 €",,https://www.spar.si/online/ajdova-kasa-spar-1kg/p/437728
Spar,shramba,moka in mlevski izdelki,554859,"PŠENIČNA BELA MOKA T400 SPAR, 1KG","0,78 €",,https://www.spar.si/online/psenicna-bela-moka-t400-spar-1kg/p/554859
Spar,shramba,moka in mlevski izdelki,540899,"RŽENA MOKA SPAR, 1KG; SPAR ržena moka tip 960 je primerna za peko rženega kruha, pekovskega peciva in medenjakov. Ržena moka vsebuje manj glutena, je temnejše barve in ima bolj poln,...","0,99 €",,https://www.spar.si/online/rzena-moka-spar-1kg/p/540899
Spar,shramba,moka in mlevski izdelki,173873,"PŠENIČNA BELA MOKA T500, SPAR, 1KG","0,78 €",,https://www.spar.si/online/psenicna-bela-moka-t500-spar-1kg/p/173873
Spar,shramba,moka in mlevski izdelki,502236,"AJDOVA MOKA, SPAR, 1KG","1,99 €",,https://www.spar.si/online/ajdova-moka-spar-1kg/p/502236
Spar,shramba,moka in mlevski izdelki,650975,"PIRINA MOKA, SPAR, 1KG","1,39 €",,https://www.spar.si/online/pirina-moka-spar-1kg/p/650975
Spar,shramba,moka in mlevski izdelki,434972,"JEŠPRENJ, SPAR, 1KG; Oluščena ječmenova zrna.","1,10 €",,https://www.spar.si/online/jesprenj-spar-1kg/p/434972
Spar,shramba,moka in mlevski izdelki,596280,"KUSKUS SPAR, 500G","1,19 €",,https://www.spar.si/online/kuskus-spar-500g/p/596280
Spar,shramba,moka in mlevski izdelki,437728,"AJDOVA KAŠA, SPAR, 1KG; ; ; Povprečna hranilna vrednost na 100g:; Energijska vrednost 1453kJ/343kcal; Maščobe 1,7g; od tega nasičene maščobe 0,3g; Ogljikovi hidrati 71g; ...","2,79 €",,https://www.spar.si/online/ajdova-kasa-spar-1kg/p/437728
Spar,shramba,moka in mlevski izdelki,500581,"PROSENA KAŠA, SPAR, 500G; Oluščeno proso.; ; Povprečna hranilna vrednost na 100g:; Energijska vrednost 1481kJ/350kcal; Maščobe 3,9g; od tega nasičene maščobe 0,9g; Ogljikovi ...","0,94 €",,https://www.spar.si/online/prosena-kasa-spar-500g/p/500581
Spar,shramba,moka in mlevski izdelki,486496,"BIO PROSENA KAŠA SPAR NATUR*PUR, 1KG; Bio prosena kaša, iz ekološke pridelave.; Proso je eno izmed najstarejših kulturnih rastlin človeštva. Izvrsten je za juhe, narastke in sladice.; ; Povpr...","3,69 €",,https://www.spar.si/online/bio-prosena-kasa-spar-naturpur-1kg/p/486496
Spar,shramba,moka in mlevski izdelki,566946,"BIO PIRIN ZDROB, SPAR NATUR*PUR, 1KG; SPAR Natur*pur bio pirin zdrob je odličen za sladice kot so kaše, praženec ali narastki ter tudi za peko ali juhe.; ; Brez dodanih sladkorjev, vsebuje narav...","2,79 €",,https://www.spar.si/online/bio-pirin-zdrob-spar-naturpur-1kg/p/566946
Spar,shramba,moka in mlevski izdelki,609012,"BIO PIRIN ZDROB, KOT DOMA, 500G","2,79 €",,https://www.spar.si/online/bio-pirin-zdrob-kot-doma-500g/p/609012
Spar,shramba,moka in mlevski izdelki,609013,"BIO AJDOV ZDROB, KOT DOMA, 500G","2,11 €","REDNA CENA 2,49 €",https://www.spar.si/online/bio-ajdov-zdrob-kot-doma-500g/p/609013
Spar,shramba,moka in mlevski izdelki,42718,"AJDOVI ŽGANCI HITRA PRIPRAVA, ZLATO POLJE, 250G; Hitra priprava. Vsebina vrečke zadostuje za 3 obroke.","2,18 €",,https://www.spar.si/online/ajdovi-zganci-hitra-priprava-zlato-polje-250g/p/42718
Spar,shramba,moka in mlevski izdelki,481218,"BIO PIRIN ZDROB, HITRA PRIPRAVA, ZLATO POLJE, 250G; Hitra priprava.; Bio pirin zdrob je primeren za pripravo pirinega mlečnega griza, za pripravo različnih sladic, narastkov, štrukljov, zdrobovih cmokov, žlični...","1,68 €","REDNA CENA 1,98 €",https://www.spar.si/online/bio-pirin-zdrob-hitra-priprava-zlato-polje-250g/p/481218
Spar,shramba,konzervirane jedi,305895,"POLNJENE ZELENE OLIVE S PASTO IZ PAPRIKE, SPAR, 710G","4,69 €",,https://www.spar.si/online/polnjene-zelene-olive-s-pasto-iz-paprike-spar-710g/p/305895
Spar,shramba,konzervirane jedi,305896,"ČRNE OLIVE S KOŠČICO, SPAR, 370G","2,28 €",,https://www.spar.si/online/crne-olive-s-koscico-spar-370g/p/305896
Spar,shramba,konzervirane jedi,128255,"STROČJI FIŽOL, NAREZAN, SPAR, 800G","1,99 €",,https://www.spar.si/online/strocji-fizol-narezan-spar-800g/p/128255
Spar,shramba,konzervirane jedi,399603,"MEŠANA SOLATA V KISU, SPAR, 620G","1,48 €",,https://www.spar.si/online/mesana-solata-v-kisu-spar-620g/p/399603
Spar,shramba,konzervirane jedi,454234,"ŠAMPINJONI V KISU CELI SPAR, 280G","1,49 €",,https://www.spar.si/online/sampinjoni-v-kisu-celi-spar-280g/p/454234
Spar,shramba,konzervirane jedi,193386,"TUNA V OLJČNEM OLJU, SPAR, 3X80G; Tun v kosih v oljčnem olju. Sterilizirano.","3,49 €",,https://www.spar.si/online/tuna-v-oljcnem-olju-spar-3x80g/p/193386
Spar,shramba,konzervirane jedi,471548,"JADRANSKE SARDELE V RASTLINSKEM OLJU Z LIMONO, SPAR, 105G","1,09 €",,https://www.spar.si/online/jadranske-sardele-v-rastlinskem-olju-z-limono-spar-105g/p/471548
Spar,shramba,konzervirane jedi,358349,"TUNINA SOLATA S TEKSAŠKO ZELENJAVO, SPAR, 280G","2,66 €",,https://www.spar.si/online/tunina-solata-s-teksasko-zelenjavo-spar-280g/p/358349
Spar,shramba,konzervirane jedi,471551,"JADRANSKE SARDELE Z ZELENJAVO V OMAKI, SPAR, 105G","1,09 €",,https://www.spar.si/online/jadranske-sardele-z-zelenjavo-v-omaki-spar-105g/p/471551
Spar,shramba,konzervirane jedi,633634,"TUNINA SOLATA S KUSKUSOM, SPAR, 160G; Ribolovno orodje: obkroževalne mreže in dvižne mreže.","1,99 €",,https://www.spar.si/online/tunina-solata-s-kuskusom-spar-160g/p/633634
Spar,shramba,konzervirane jedi,305895,"POLNJENE ZELENE OLIVE S PASTO IZ PAPRIKE, SPAR, 710G","4,69 €",,https://www.spar.si/online/polnjene-zelene-olive-s-pasto-iz-paprike-spar-710g/p/305895
Spar,shramba,konzervirane jedi,305896,"ČRNE OLIVE S KOŠČICO, SPAR, 370G","2,28 €",,https://www.spar.si/online/crne-olive-s-koscico-spar-370g/p/305896
Spar,shramba,konzervirane jedi,128255,"STROČJI FIŽOL, NAREZAN, SPAR, 800G","1,99 €",,https://www.spar.si/online/strocji-fizol-narezan-spar-800g/p/128255
Spar,shramba,konzervirane jedi,399603,"MEŠANA SOLATA V KISU, SPAR, 620G","1,48 €",,https://www.spar.si/online/mesana-solata-v-kisu-spar-620g/p/399603
Spar,shramba,konzervirane jedi,454234,"ŠAMPINJONI V KISU CELI SPAR, 280G","1,49 €",,https://www.spar.si/online/sampinjoni-v-kisu-celi-spar-280g/p/454234
Spar,shramba,konzervirane jedi,413850,"MANDARINE V KOMPOTU SPAR, 312G; /","1,59 €",,https://www.spar.si/online/mandarine-v-kompotu-spar-312g/p/413850
Spar,shramba,konzervirane jedi,423104,"SADJE V KOMPOTU SADNI COCTAIL SPAR, 420G; /","1,79 €",,https://www.spar.si/online/sadje-v-kompotu-sadni-coctail-spar-420g/p/423104
Spar,shramba,konzervirane jedi,567810,"BIO JABOLČNA ČEŽANA Z MARELICAMI, SPAR NATUR*PUR, 350G; Izdelano iz avstrijskih jabolk sort zlati delišes.; ; Brez dodanih sladkorjev, vsebuje naravno prisotne sladkorje.; Brez maščob.","1,49 €",,https://www.spar.si/online/bio-jabolcna-cezana-z-marelicami-spar-naturpur-350g/p/567810
Spar,shramba,konzervirane jedi,413909,"BIO JABOLČNA KAŠA IZ JABOLK SORTE DELIŠES, SPAR NATUR*PUR, 350G; BIO JABOLČNA KAŠA iz jabolk sorte delišes, iz ekološke pridelave.; Brez dodanih sladkorjev, vsebuje naravno prisotne sladkorje.; Nizka vsebnost maščob.","1,29 €",,https://www.spar.si/online/bio-jabolcna-kasa-iz-jabolk-sorte-delises-spar-naturpur-350g/p/413909
Spar,shramba,konzervirane jedi,606835,"BIO KAŠICA JABOLKO, HRUŠKA IN PIRIN PŠENIČNI ZDROB, SPAR NATUR*PUR, 190G; Za dojenčke od 6. meseca naprej; kot sladica ali malica. Vsebuje gluten. Brez laktoze. Brez dodanega sladkorja in soli. Vsebuje naravno prisotne sladkorje.","1,09 €",,https://www.spar.si/online/bio-kasica-jabolko-hruska-in-pirin-psenicni-zdrob-spar-naturpur-190g/p/606835
Spar,shramba,konzervirane jedi,463632,"JOTA S KISLIM ZELJEM, SPAR, 840G; Gotova jed.","3,19 €",,https://www.spar.si/online/jota-s-kislim-zeljem-spar-840g/p/463632
Spar,shramba,konzervirane jedi,379377,"PREBRANEC, S-BUDGET, 415G","1,09 €",,https://www.spar.si/online/prebranec-s-budget-415g/p/379377
Spar,shramba,konzervirane jedi,617969,"GOLAŽEVA JUHA, S-BUDGET, 400G; Izdelek je brez palmovega olja, ojačevalcev arome in laktoze.","1,29 €",,https://www.spar.si/online/golazeva-juha-s-budget-400g/p/617969
Spar,shramba,konzervirane jedi,617966,"FIŽOLOVA JUHA, S-BUDGET, 400G","1,29 €",,https://www.spar.si/online/fizolova-juha-s-budget-400g/p/617966
Spar,shramba,konzervirane jedi,571864,"POLNJENE PAPRIKE V PARADIŽNIKOVI OMAKI, S-BUDGET, 400G; 2 polnjeni papriki v paradižnikovi omaki.","1,99 €",,https://www.spar.si/online/polnjene-paprike-v-paradiznikovi-omaki-s-budget-400g/p/571864
Spar,shramba,konzervirane jedi,305895,"POLNJENE ZELENE OLIVE S PASTO IZ PAPRIKE, SPAR, 710G","4,69 €",,https://www.spar.si/online/polnjene-zelene-olive-s-pasto-iz-paprike-spar-710g/p/305895
Spar,shramba,konzervirane jedi,305896,"ČRNE OLIVE S KOŠČICO, SPAR, 370G","2,28 €",,https://www.spar.si/online/crne-olive-s-koscico-spar-370g/p/305896
Spar,shramba,konzervirane jedi,297033,"GRŠKE OLIVE V SLANICI KALAMATA ZOP, SPAR, 500G; Znamenite olive kalamata pridelujejo, gojijo in ročno obirajo ter predelujejo znotraj meja pokrajine MESSINIA, GRČIJA, pod strogo odobrenimi in certificiranimi ...","4,19 €",,https://www.spar.si/online/grske-olive-v-slanici-kalamata-zop-spar-500g/p/297033
Spar,shramba,konzervirane jedi,517280,"ZELENE OLIVE S KOŠČICO SPAR, 350G; Zelene olive s koščico v slanici.","1,79 €",,https://www.spar.si/online/zelene-olive-s-koscico-spar-350g/p/517280
Spar,shramba,konzervirane jedi,293250,"ZELENE OLIVE S KOŠČICO V SLANEM NALIVU, SPAR, 710G","3,39 €",,https://www.spar.si/online/zelene-olive-s-koscico-v-slanem-nalivu-spar-710g/p/293250
Spar,shramba,pastete narezki in namazi,633687,"TUNINA PAŠTETA, SPAR, 95G; Črtasti tun (Katsuwonus pelamis) ulovljen v Vzhodnem Srednjem Atlantiku (FAO 34), Zahodnem Indijskem oceanu (FAO 51) ali Pacifiku (FAO 71, 81, 87) z zapornimi p...","1,09 €",,https://www.spar.si/online/tunina-pasteta-spar-95g/p/633687
Spar,shramba,pastete narezki in namazi,215919,"PURANJI NAREZEK, SPAR, 145G","0,96 €",,https://www.spar.si/online/puranji-narezek-spar-145g/p/215919
Spar,shramba,pastete narezki in namazi,253534,"NAMAZ S PAPRIKO, SPAR, 330G","1,69 €",,https://www.spar.si/online/namaz-s-papriko-spar-330g/p/253534
Spar,shramba,pastete narezki in namazi,215918,"KMEČKI NAREZEK, SPAR, 145G","0,99 €",,https://www.spar.si/online/kmecki-narezek-spar-145g/p/215918
Spar,shramba,pastete narezki in namazi,215808,"MESNI NAREZEK, SPAR, 145G","1,14 €",,https://www.spar.si/online/mesni-narezek-spar-145g/p/215808
Spar,shramba,pastete narezki in namazi,427214,"JETRNA PAŠTETA, SPAR, 100G","0,79 €",,https://www.spar.si/online/jetrna-pasteta-spar-100g/p/427214
Spar,shramba,pastete narezki in namazi,556184,"ČAJNA PAŠTETA, S-BUDGET, 50G","0,25 €",,https://www.spar.si/online/cajna-pasteta-s-budget-50g/p/556184
Spar,shramba,pastete narezki in namazi,556139,"PIŠČANČJA PAŠTETA, S-BUDGET, 50G","0,29 €",,https://www.spar.si/online/piscancja-pasteta-s-budget-50g/p/556139
Spar,shramba,pastete narezki in namazi,556138,"JETRNA PAŠTETA, S-BUDGET, 50G","0,29 €",,https://www.spar.si/online/jetrna-pasteta-s-budget-50g/p/556138
Spar,shramba,pastete narezki in namazi,556134,"DOMAČA PAŠTETA, S-BUDGET, 50G","0,29 €",,https://www.spar.si/online/domaca-pasteta-s-budget-50g/p/556134
Spar,shramba,pastete narezki in namazi,633687,"TUNINA PAŠTETA, SPAR, 95G; Črtasti tun (Katsuwonus pelamis) ulovljen v Vzhodnem Srednjem Atlantiku (FAO 34), Zahodnem Indijskem oceanu (FAO 51) ali Pacifiku (FAO 71, 81, 87) z zapornimi p...","1,09 €",,https://www.spar.si/online/tunina-pasteta-spar-95g/p/633687
Spar,shramba,pastete narezki in namazi,534263,"RIBJA PAŠTETA Z JADRANSKIMI KOZICAMI, SPAR PREMIUM, 165G; Riba ulovljena v Tihem oceanu.","3,19 €",,https://www.spar.si/online/ribja-pasteta-z-jadranskimi-kozicami-spar-premium-165g/p/534263
Spar,shramba,pastete narezki in namazi,76883,"TUNIN NAMAZ RIO MARE PATE, 100G","3,09 €",,https://www.spar.si/online/tunin-namaz-rio-mare-pate-100g/p/76883
Spar,shramba,pastete narezki in namazi,373902,"PAŠTETA TUNINA SICILIANA, ARGETA, 95G; Dodane mlečne beljakovine. Brez aditivov. Brez glutena.","1,40 €","REDNA CENA 1,65 €",https://www.spar.si/online/pasteta-tunina-siciliana-argeta-95g/p/373902
Spar,shramba,pastete narezki in namazi,391566,"TUNINA PAŠTETA SUPER TUNA, ARGETA JUNIOR, 95G","1,67 €",,https://www.spar.si/online/tunina-pasteta-super-tuna-argeta-junior-95g/p/391566
Spar,shramba,pastete narezki in namazi,215919,"PURANJI NAREZEK, SPAR, 145G","0,96 €",,https://www.spar.si/online/puranji-narezek-spar-145g/p/215919
Spar,shramba,pastete narezki in namazi,215918,"KMEČKI NAREZEK, SPAR, 145G","0,99 €",,https://www.spar.si/online/kmecki-narezek-spar-145g/p/215918
Spar,shramba,pastete narezki in namazi,215808,"MESNI NAREZEK, SPAR, 145G","1,14 €",,https://www.spar.si/online/mesni-narezek-spar-145g/p/215808
Spar,shramba,pastete narezki in namazi,555741,"NAREZEK MESNI, S-BUDGET, 145G","0,99 €",,https://www.spar.si/online/narezek-mesni-s-budget-145g/p/555741
Spar,shramba,pastete narezki in namazi,605478,"MESNI NAREZEK, S-BUDGET, 150G","1,04 €",,https://www.spar.si/online/mesni-narezek-s-budget-150g/p/605478
Spar,shramba,pastete narezki in namazi,253534,"NAMAZ S PAPRIKO, SPAR, 330G","1,69 €",,https://www.spar.si/online/namaz-s-papriko-spar-330g/p/253534
Spar,shramba,pastete narezki in namazi,636367,"NAMAZ IZ PIŠKOTOV, SPAR, 400G","2,99 €",,https://www.spar.si/online/namaz-iz-piskotov-spar-400g/p/636367
Spar,shramba,pastete narezki in namazi,645092,"TATARSKI BIFTEK UROŠ ŠTEFELIN, SPAR PREMIUM, 220G","9,49 €",,https://www.spar.si/online/tatarski-biftek-uros-stefelin-spar-premium-220g/p/645092
Spar,shramba,pastete narezki in namazi,491592,"NAMAZ IZ ČRNIH OLIV DESPAR, 190G; Namaz iz črnih oliv.","2,19 €",,https://www.spar.si/online/namaz-iz-crnih-oliv-despar-190g/p/491592
Spar,shramba,pastete narezki in namazi,540913,"NAMAZ S TARTUFI, VEGETARIANA, 2X50G","3,29 €",,https://www.spar.si/online/namaz-s-tartufi-vegetariana-2x50g/p/540913
Spar,shramba,pastete narezki in namazi,328087,"KOKOŠJA PAŠTETA, ARGETA JUNIOR, 4X95G","5,27 €",,https://www.spar.si/online/kokosja-pasteta-argeta-junior-4x95g/p/328087
Spar,shramba,pastete narezki in namazi,396052,"KOKOŠJA PAŠTETA, ARGETA, 27G; Skrbno izbrani kosi kokošjega mesa, mlečne in sojine beljakovine ter naravne začimbe.","0,63 €",,https://www.spar.si/online/kokosja-pasteta-argeta-27g/p/396052
Spar,shramba,pastete narezki in namazi,373902,"PAŠTETA TUNINA SICILIANA, ARGETA, 95G; Dodane mlečne beljakovine. Brez aditivov. Brez glutena.","1,40 €","REDNA CENA 1,65 €",https://www.spar.si/online/pasteta-tunina-siciliana-argeta-95g/p/373902
Spar,shramba,pastete narezki in namazi,391566,"TUNINA PAŠTETA SUPER TUNA, ARGETA JUNIOR, 95G","1,67 €",,https://www.spar.si/online/tunina-pasteta-super-tuna-argeta-junior-95g/p/391566
Spar,shramba,pastete narezki in namazi,626911,"ZELENJAVNI NAMAZ ČRNE OLIVE, ARGETA, 95G","1,35 €","REDNA CENA 1,59 €",https://www.spar.si/online/zelenjavni-namaz-crne-olive-argeta-95g/p/626911
Spar,shramba,sladkor in sladila,634069,"SLADKOR, PORCIJSKI, SPAR, 50/1, 250G; Povprečna hranilna vrednost na 100g:; Energijska vrednost 1700kJ/400kcal; Maščobe 0g; od tega nasičene maščobe 0g; Ogljikovi hidrati 100g; od tega sla...","1,49 €",,https://www.spar.si/online/sladkor-porcijski-spar-501-250g/p/634069
Spar,shramba,sladkor in sladila,296157,"NERAFINIRANI TRSNI RJAVI SLADKOR, SPAR, 500G","1,49 €",,https://www.spar.si/online/nerafinirani-trsni-rjavi-sladkor-spar-500g/p/296157
Spar,shramba,sladkor in sladila,474394,"SLADKOR RJAVI, SPAR, 1KG; Povprečna hranilna vrednost na 100g:; Energijska vrednost :1683KJ/396kacl; Maščobe: 0g; od tega nasičene maščobe: 0g; Ogljikovi hidrati: 99g; od tega ...","2,79 €",,https://www.spar.si/online/sladkor-rjavi-spar-1kg/p/474394
Spar,shramba,sladkor in sladila,534587,"BIO AGAVIN SIRUP, SPAR NATUR*PUR, 1KG; Agavin zgoščeni sok pridobivajo in mehiške rastline agave in je alternativa običajnemu sladkorju. Sok je slajši kot sladkor (100 g soka ustreza ca. 125 g sladko...","7,29 €",,https://www.spar.si/online/bio-agavin-sirup-spar-naturpur-1kg/p/534587
Spar,shramba,sladkor in sladila,320115,"BIO TRSNI SLADKOR SPAR NATUR*PUR, 500G; Bio trsni sladkor iz ekološke pridelave. Kmetijstvo izven EU.; Bio trsni sladkor je pridobljen s kristalizacijo prečiščenega in zgoščenega soka sladkornega tr...","1,59 €",,https://www.spar.si/online/bio-trsni-sladkor-spar-naturpur-500g/p/320115
Spar,shramba,sladkor in sladila,634069,"SLADKOR, PORCIJSKI, SPAR, 50/1, 250G; Povprečna hranilna vrednost na 100g:; Energijska vrednost 1700kJ/400kcal; Maščobe 0g; od tega nasičene maščobe 0g; Ogljikovi hidrati 100g; od tega sla...","1,49 €",,https://www.spar.si/online/sladkor-porcijski-spar-501-250g/p/634069
Spar,shramba,sladkor in sladila,649663,"KRISTALNI BELI SLADKOR, S-BUDGET, 1KG; Kristalni sladkor za vsestransko uporabo v gospodinjstvu.","1,25 €",,https://www.spar.si/online/kristalni-beli-sladkor-s-budget-1kg/p/649663
Spar,shramba,sladkor in sladila,608107,"PORCIJSKI SLADKOR, WIENER ZUCKER, 50/1, 200G","2,39 €",,https://www.spar.si/online/porcijski-sladkor-wiener-zucker-501-200g/p/608107
Spar,shramba,sladkor in sladila,299157,"BELI KRISTALNI SLADKOR, AGRAGOLD, 1KG; Fini kristalni sladkor za vsestransko uporabo v gospodinjstvu.","0,95 €","REDNA CENA 1,59 €",https://www.spar.si/online/beli-kristalni-sladkor-agragold-1kg/p/299157
Spar,shramba,sladkor in sladila,627678,"BELI KRISTALNI SLADKOR, VIRO, 1KG","1,39 €",,https://www.spar.si/online/beli-kristalni-sladkor-viro-1kg/p/627678
Spar,shramba,sladkor in sladila,296157,"NERAFINIRANI TRSNI RJAVI SLADKOR, SPAR, 500G","1,49 €",,https://www.spar.si/online/nerafinirani-trsni-rjavi-sladkor-spar-500g/p/296157
Spar,shramba,sladkor in sladila,474394,"SLADKOR RJAVI, SPAR, 1KG; Povprečna hranilna vrednost na 100g:; Energijska vrednost :1683KJ/396kacl; Maščobe: 0g; od tega nasičene maščobe: 0g; Ogljikovi hidrati: 99g; od tega ...","2,79 €",,https://www.spar.si/online/sladkor-rjavi-spar-1kg/p/474394
Spar,shramba,sladkor in sladila,320115,"BIO TRSNI SLADKOR SPAR NATUR*PUR, 500G; Bio trsni sladkor iz ekološke pridelave. Kmetijstvo izven EU.; Bio trsni sladkor je pridobljen s kristalizacijo prečiščenega in zgoščenega soka sladkornega tr...","1,59 €",,https://www.spar.si/online/bio-trsni-sladkor-spar-naturpur-500g/p/320115
Spar,shramba,sladkor in sladila,439782,"RJAVI SLADKOR S-BUDGET, 1KG; Povprečna hranilna vrednost na 100g:; Energijska vrednost :1700KJ/400kacl; Maščobe: 0g; od tega nasičene maščobe: 0g; Ogljikovi hidrati: 100g; od tega...","2,35 €",,https://www.spar.si/online/rjavi-sladkor-s-budget-1kg/p/439782
Spar,shramba,sladkor in sladila,414347,"RJAVI SLADKOR DEMERARA, AGRAGOLD, 1KG","2,75 €",,https://www.spar.si/online/rjavi-sladkor-demerara-agragold-1kg/p/414347
Spar,shramba,sladkor in sladila,500919,"MLETI SLADKOR, DIAMANT, 500G","0,99 €",,https://www.spar.si/online/mleti-sladkor-diamant-500g/p/500919
Spar,shramba,sladkor in sladila,502107,"SLADKOR V PRAHU, WIENER ZUCKER, 250G, MLINČEK","2,39 €",,https://www.spar.si/online/sladkor-v-prahu-wiener-zucker-250g-mlincek/p/502107
Spar,shramba,sladkor in sladila,42084,"MLETI SLADKOR SLADKI PRAH, DR. OETKER, 500G","2,22 €","REDNA CENA 2,78 €",https://www.spar.si/online/mleti-sladkor-sladki-prah-dr-oetker-500g/p/42084
Spar,shramba,sladkor in sladila,38380,"MLETI SLADKOR SLADKI PRAH Z VANILINOM, DR. OETKER, 100G","1,23 €",,https://www.spar.si/online/mleti-sladkor-sladki-prah-z-vanilinom-dr-oetker-100g/p/38380
Spar,shramba,sladkor in sladila,414351,"MLETI SLADKOR, AGRAGOLD, 500G","0,99 €","REDNA CENA 1,49 €",https://www.spar.si/online/mleti-sladkor-agragold-500g/p/414351
Spar,shramba,sladkor in sladila,534587,"BIO AGAVIN SIRUP, SPAR NATUR*PUR, 1KG; Agavin zgoščeni sok pridobivajo in mehiške rastline agave in je alternativa običajnemu sladkorju. Sok je slajši kot sladkor (100 g soka ustreza ca. 125 g sladko...","7,29 €",,https://www.spar.si/online/bio-agavin-sirup-spar-naturpur-1kg/p/534587
Spar,shramba,sladkor in sladila,217518,"ŽELIRNI SLADKOR 2 : 1, WIENER ZUCKER, 500G","1,68 €","REDNA CENA 1,98 €",https://www.spar.si/online/zelirni-sladkor-2-1-wiener-zucker-500g/p/217518
Spar,shramba,sladkor in sladila,518013,"NARAVNO SLADILO ERITRITOL, MEDEX, 500G; Eritritol je naravno sladilo v obliki drobnih kristalov, ki je pridobljeno z naravnim postopkom fermentacije glukoze iz koruznega škroba. V naravi se nahaja v r...","13,49 €",,https://www.spar.si/online/naravno-sladilo-eritritol-medex-500g/p/518013
Spar,shramba,sladkor in sladila,622944,"SLADILO ERITRITOL, EASIS, 400G; Eritritol ima podobne lastnosti kot sladkor, vendar ne vsebuje kalorij. Sladkor nadomešča v razmerju 1:1. Pri visokih temperaturah ohranja svoje lastnosti in je...","7,49 €",,https://www.spar.si/online/sladilo-eritritol-easis-400g/p/622944
Spar,shramba,sladkor in sladila,469732,"ŽELIRNI SLADKOR S SLADILOM IZ STEVIE, DR. OETKER, 350G; Sredstvo za pripravo marmelad, džemov in želejev.; Za 1000 g pripravljenega sadja ali 900 ml sadnega soka.","4,08 €",,https://www.spar.si/online/zelirni-sladkor-s-sladilom-iz-stevie-dr-oetker-350g/p/469732
Spar,shramba,sladkor in sladila,361773,"UMETNO SLADILO S-BUDGET, 72G; Sladilo za uporabo v prehrani.; 1 tabletka = 1 kocka sladkorja (4,4 g)","1,69 €",,https://www.spar.si/online/umetno-sladilo-s-budget-72g/p/361773
Spar,shramba,sladkor in sladila,423610,"NARAVNO SLADILO STEVIA SUGAREL, KRÜGER, 200/1; Namizno sladilo Krüger Stevia Sugarel v tabletkah na osnovi steviol glikozidov iz izvlečka listov Stevia Rebaudiana je odlično nadomestilo za sladkor in umetna ...","5,79 €",,https://www.spar.si/online/naravno-sladilo-stevia-sugarel-krger-2001/p/423610
Spar,shramba,sladkor in sladila,617126,"SLADILO NATREEN CLASSIC, 120/1","2,59 €",,https://www.spar.si/online/sladilo-natreen-classic-1201/p/617126
Spar,shramba,sladkor in sladila,159199,"SLADILO HUXOL, 650/1, 39G","2,98 €",,https://www.spar.si/online/sladilo-huxol-6501-39g/p/159199
Spar,shramba,sladkor in sladila,635174,"STEVIA DELIZEUS 300 G; Stevia Delizeus je 100% naravno sladilo nove generacije brez priokusa, brez kalorij in brez glikemičnega indeksa. To odlično namizno sladilo je univerzalno nado...","7,64 €","REDNA CENA 8,99 €",https://www.spar.si/online/stevia-delizeus-300-g/p/635174
Spar,shramba,sol zacimbe in dodatki,656782,"CURRY MEŠANICA ZAČIMB, SPAR, 45G","0,95 €",,https://www.spar.si/online/curry-mesanica-zacimb-spar-45g/p/656782
Spar,shramba,sol zacimbe in dodatki,474436,"ORIGANO DROBLJEN SPAR, 12G; Povprečna hranilna vrednost na 100g:; Energijska vrednost: 281 kcal/1165 KJ; Maščobe: 3g; od tega nasičene maščobe: 1,2g; Ogljikovi hidrati: 32g; od t...","0,83 €",,https://www.spar.si/online/origano-drobljen-spar-12g/p/474436
Spar,shramba,sol zacimbe in dodatki,474439,"MAJARON, DROBLJENI, SPAR, 10G; Povprečna hranilna vrednost na 100g:; Energijska vrednost: 273 kcal/1138 KJ; Maščobe: 3,8g; od tega nasičene maščobe: 1,2g; Ogljikovi hidrati: 25g; od...","1,09 €",,https://www.spar.si/online/majaron-drobljeni-spar-10g/p/474439
Spar,shramba,sol zacimbe in dodatki,526281,"MEŠANICA ZA OMAKO CARBONARA, SPAR, 38G; Mešanica za pripravo omake za testenine. 3 porcije.","0,89 €",,https://www.spar.si/online/mesanica-za-omako-carbonara-spar-38g/p/526281
Spar,shramba,sol zacimbe in dodatki,474433,"ČESEN SPAR, 70G; Česen je primeren za uporabo pri skoraj vseh mesnih, ribjih in perutninskih jedeh ter tudi pri solatah, omakah, maslu in namazih. Nepogrešljiv je v mediteranski...","1,00 €",,https://www.spar.si/online/cesen-spar-70g/p/474433
Spar,shramba,sol zacimbe in dodatki,474419,"ČRNI POPER, MLETI, SPAR, 50G","1,29 €",,https://www.spar.si/online/crni-poper-mleti-spar-50g/p/474419
Spar,shramba,sol zacimbe in dodatki,623042,"JODIRANA MORSKA SOL, RAFINIRANA, ZELO FINO MLETA, DESPAR, 125G","0,72 €",,https://www.spar.si/online/jodirana-morska-sol-rafinirana-zelo-fino-mleta-despar-125g/p/623042
Spar,shramba,sol zacimbe in dodatki,623038,"JODIRANA MORSKA SOL RAFINIRANA, FINO MLETA, DESPAR, 1KG","0,55 €",,https://www.spar.si/online/jodirana-morska-sol-rafinirana-fino-mleta-despar-1kg/p/623038
Spar,shramba,sol zacimbe in dodatki,598129,"BIO ZAČIMBNA SOL, SPAR PREMIUM, 65G; Povprečna hranilna vrednost na 100g:; Energijska vrednost 750kJ/180kcal; Maščobe 4,8 g; od tega nasičene maščobe 0,6 g; Ogljikovi hidrati 19 g; od teg...","3,65 €",,https://www.spar.si/online/bio-zacimbna-sol-spar-premium-65g/p/598129
Spar,shramba,sol zacimbe in dodatki,426243,"GROBA SOL DESPAR, 1KG","0,55 €",,https://www.spar.si/online/groba-sol-despar-1kg/p/426243
Spar,shramba,sol zacimbe in dodatki,656782,"CURRY MEŠANICA ZAČIMB, SPAR, 45G","0,95 €",,https://www.spar.si/online/curry-mesanica-zacimb-spar-45g/p/656782
Spar,shramba,sol zacimbe in dodatki,474436,"ORIGANO DROBLJEN SPAR, 12G; Povprečna hranilna vrednost na 100g:; Energijska vrednost: 281 kcal/1165 KJ; Maščobe: 3g; od tega nasičene maščobe: 1,2g; Ogljikovi hidrati: 32g; od t...","0,83 €",,https://www.spar.si/online/origano-drobljen-spar-12g/p/474436
Spar,shramba,sol zacimbe in dodatki,474439,"MAJARON, DROBLJENI, SPAR, 10G; Povprečna hranilna vrednost na 100g:; Energijska vrednost: 273 kcal/1138 KJ; Maščobe: 3,8g; od tega nasičene maščobe: 1,2g; Ogljikovi hidrati: 25g; od...","1,09 €",,https://www.spar.si/online/majaron-drobljeni-spar-10g/p/474439
Spar,shramba,sol zacimbe in dodatki,526281,"MEŠANICA ZA OMAKO CARBONARA, SPAR, 38G; Mešanica za pripravo omake za testenine. 3 porcije.","0,89 €",,https://www.spar.si/online/mesanica-za-omako-carbonara-spar-38g/p/526281
Spar,shramba,sol zacimbe in dodatki,474433,"ČESEN SPAR, 70G; Česen je primeren za uporabo pri skoraj vseh mesnih, ribjih in perutninskih jedeh ter tudi pri solatah, omakah, maslu in namazih. Nepogrešljiv je v mediteranski...","1,00 €",,https://www.spar.si/online/cesen-spar-70g/p/474433
Spar,shramba,sol zacimbe in dodatki,583667,"GORČICA SPAR, 360G; Gosta masa iz gorčičnih semen z dodatkom kisa, soli, vode in začimb, pakirana v stekleno embalažo.","0,99 €",,https://www.spar.si/online/gorcica-spar-360g/p/583667
Spar,shramba,sol zacimbe in dodatki,626391,"DELIKATESNA GORČICA, S-BUDGET, 680G","1,29 €",,https://www.spar.si/online/delikatesna-gorcica-s-budget-680g/p/626391
Spar,shramba,sol zacimbe in dodatki,649045,"HREN, S-BUDGET, 200G","0,99 €",,https://www.spar.si/online/hren-s-budget-200g/p/649045
Spar,shramba,sol zacimbe in dodatki,135204,"GORČICA TINA, 700G","1,82 €",,https://www.spar.si/online/gorcica-tina-700g/p/135204
Spar,shramba,sol zacimbe in dodatki,563271,"SVEŽI RIBANI ŠTAJERSKI HREN, MOJ VRT, 90G; Ljubitelji dobre hrane boste navdušeni nad sveže ribanim hrenom, ki bo obogatil vaše mesne jedi in solate. Poleg tega pa je hren odličen naravni vir vitamina C....","2,59 €",,https://www.spar.si/online/svezi-ribani-stajerski-hren-moj-vrt-90g/p/563271
Spar,shramba,kis in olje,339674,"SONČNIČNO OLJE SPAR, 1L; Visoka vsebnost vitamina E.; Olje je primerno za pripravo vseh vrst solat, kuhanje, pečenje, dušenje in cvrtje.","2,28 €",,https://www.spar.si/online/soncnicno-olje-spar-1l/p/339674
Spar,shramba,kis in olje,622052,"AROMATIZIRAN ALKOHOLNI KIS ZA VLAGANJE, SPAR, 3L; Naravni aromatiziran alkoholni kis je obogaten s pravim razmerjem začimb in je namenjen konzerviranju zelenjave in pri pripravi vseh vrst drugih jedi.","2,29 €",,https://www.spar.si/online/aromatiziran-alkoholni-kis-za-vlaganje-spar-3l/p/622052
Spar,shramba,kis in olje,288389,"BELI BALZAMIČNI KIS, SPAR, 500ML","2,20 €",,https://www.spar.si/online/beli-balzamicni-kis-spar-500ml/p/288389
Spar,shramba,kis in olje,339680,"SONČNIČNO OLJE SPAR, 2L; Visoka vsebnost vitamina E.; Olje je pirmerno za pripravo vseh vrst solat, kuhanje, pečenje, dušenje in cvrtje.","4,52 €",,https://www.spar.si/online/soncnicno-olje-spar-2l/p/339680
Spar,shramba,kis in olje,360734,"MEŠANI KIS, SPAR, 1L","0,85 €",,https://www.spar.si/online/mesani-kis-spar-1l/p/360734
Spar,shramba,kis in olje,358461,"JABOLČNI KIS, SPAR, 1L","0,99 €",,https://www.spar.si/online/jabolcni-kis-spar-1l/p/358461
Spar,shramba,kis in olje,235979,"BIO JABOLČNI KIS SPAR NATUR*PUR, 0,5L; Bio jabolčni kis iz ekološke pridelave. 5% kislosti.","1,69 €",,https://www.spar.si/online/bio-jabolcni-kis-spar-naturpur-05l/p/235979
Spar,shramba,kis in olje,382900,"JABOLČNI KIS, S-BUDGET, 1L; 5% kislosti.","0,69 €",,https://www.spar.si/online/jabolcni-kis-s-budget-1l/p/382900
Spar,shramba,kis in olje,555755,"JABOLČNI KIS DUE VITTORIE, 0,5L","12,49 €",,https://www.spar.si/online/jabolcni-kis-due-vittorie-05l/p/555755
Spar,shramba,kis in olje,451625,"JABOLČNI KIS IZ KMEČKIH JABOLK, RENŠKI HRAM, 1L; Naravni domači jabolčni kis iz neškropljenih slovenskih jabolk. Proizveden iz kmečkih jabolk, obranih na Štajerskem.","2,88 €",,https://www.spar.si/online/jabolcni-kis-iz-kmeckih-jabolk-renski-hram-1l/p/451625
Spar,shramba,kis in olje,358465,"VINSKI KIS, SPAR, 1L","0,95 €",,https://www.spar.si/online/vinski-kis-spar-1l/p/358465
Spar,shramba,kis in olje,382901,"VINSKI KIS, S-BUDGET, 1L; 4% kislosti.","0,69 €",,https://www.spar.si/online/vinski-kis-s-budget-1l/p/382901
Spar,shramba,kis in olje,41124,"VINSKI KIS 4%, TALIS, 1L","1,54 €",,https://www.spar.si/online/vinski-kis-4-talis-1l/p/41124
Spar,shramba,kis in olje,569083,"PRIMORSKI VINSKI KIS, NATURETA, 0,5L","2,18 €",,https://www.spar.si/online/primorski-vinski-kis-natureta-05l/p/569083
Spar,shramba,kis in olje,355879,"NARAVNI RAZREDČEN VINSKI KIS, MATEJEV, 1L","1,88 €",,https://www.spar.si/online/naravni-razredcen-vinski-kis-matejev-1l/p/355879
Spar,shramba,kis in olje,288389,"BELI BALZAMIČNI KIS, SPAR, 500ML","2,20 €",,https://www.spar.si/online/beli-balzamicni-kis-spar-500ml/p/288389
Spar,shramba,kis in olje,274267,"BALZAMIČNI KIS IZ MODENE, SPAR, 500ML","1,95 €",,https://www.spar.si/online/balzamicni-kis-iz-modene-spar-500ml/p/274267
Spar,shramba,kis in olje,320089,"BIO VINSKI KIS SPAR NATUR*PUR, 0,5L; Italijanski vinski kis z dodanim zgoščenim grozdnim moštom iz ekološke pridelave.; 5,5 % kislosti.","3,99 €",,https://www.spar.si/online/bio-vinski-kis-spar-naturpur-05l/p/320089
Spar,shramba,kis in olje,320088,"BIO BALZAMIČNI KIS SPAR NATUR*PUR, 0,5L; Italijanski vinski kis z dodanim zgoščenim grozdnim moštom iz ekološke pridelave, 6% kislosti.","3,49 €",,https://www.spar.si/online/bio-balzamicni-kis-spar-naturpur-05l/p/320088
Spar,shramba,kis in olje,518205,"BALZAMIČNI KIS S-BUDGET, 500ML; Aceto balsamico di modena zgo balzamični kis modene, 6% kislosti.","1,29 €",,https://www.spar.si/online/balzamicni-kis-s-budget-500ml/p/518205
Spar,shramba,kis in olje,622052,"AROMATIZIRAN ALKOHOLNI KIS ZA VLAGANJE, SPAR, 3L; Naravni aromatiziran alkoholni kis je obogaten s pravim razmerjem začimb in je namenjen konzerviranju zelenjave in pri pripravi vseh vrst drugih jedi.","2,29 €",,https://www.spar.si/online/aromatiziran-alkoholni-kis-za-vlaganje-spar-3l/p/622052
Spar,shramba,kis in olje,360734,"MEŠANI KIS, SPAR, 1L","0,85 €",,https://www.spar.si/online/mesani-kis-spar-1l/p/360734
Spar,shramba,kis in olje,494489,"AROMATIZIRANI ALKOHOLNI KIS ZA VLAGANJE, SPAR, 1L; Kis za vlaganje, aromatiziran.","1,23 €",,https://www.spar.si/online/aromatizirani-alkoholni-kis-za-vlaganje-spar-1l/p/494489
Spar,shramba,kis in olje,630864,"PRELIV NA FRANCOSKI NAČIN, S-BUDGET, 500ML; Povprečna hranilna vrednost na 100 g; Energijska vrednost 619 kJ/ 149 kcal; Maščobe 11 g; od tega nasičene maščobe 0,7 g; Ogljikovi hidrati 11 g; od t...","1,59 €",,https://www.spar.si/online/preliv-na-francoski-nacin-s-budget-500ml/p/630864
Spar,shramba,kis in olje,455233,"ALKOHOLNI KIS, S-BUDGET, 1L; Za vlaganje zelenjave.","0,63 €",,https://www.spar.si/online/alkoholni-kis-s-budget-1l/p/455233
Spar,shramba,kis in olje,409181,"EKSTRA DEVIŠKO OLJČNO OLJE SPAR, 1L; Oljčno olje višje kategorije, pridobljeno neposredno iz oljk in zgolj z mehanskimi postopki.; Ekstra deviško oljčno olje je iztisnjeno iz zdravih in svežih p...","11,99 €",,https://www.spar.si/online/ekstra-devisko-oljcno-olje-spar-1l/p/409181
Spar,shramba,kis in olje,409184,"EKSTRA DEVIŠKO OLJČNO OLJE SPAR, 0,5L; Oljčno olje višje kategorije, pridobljeno iz oljk in zgolj z mehanskimi postopki.; Ekstra deviško oljčno olje je iztisnjeno iz zdravih in svežih plodov oljk, ...","6,49 €",,https://www.spar.si/online/ekstra-devisko-oljcno-olje-spar-05l/p/409184
Spar,shramba,kis in olje,602677,"BIO EKSTRA DEVIŠKO OLJČNO OLJE IZ GRČIJE, SPAR NATUR*PUR, 0,75L; Oljčno olje višje kategorije, pridobljeno neposredno iz oljk in zgolj z mehanskimi postopki. Hladno stiskanje.","14,99 €",,https://www.spar.si/online/bio-ekstra-devisko-oljcno-olje-iz-grcije-spar-naturpur-075l/p/602677
Spar,shramba,kis in olje,394736,"BIO EKSTRA DEVIŠKO OLJČNO OLJE IZ SLOVENSKE ISTRE, SPAR PREMIUM, 500ML; Olje Slovenske Istre z zaščiteno označbo porekla. Oljčno olje višje kategorije, pridelano neposredno iz oljk in zgolj z mehanskimi postopki.","17,48 €",,https://www.spar.si/online/bio-ekstra-devisko-oljcno-olje-iz-slovenske-istre-spar-premium-500ml/p/394736
Spar,shramba,kis in olje,625967,"EKSTRA DEVIŠKO OLJČNO OLJE, S-BUDGET, 0,75L; S-BUDGET oljčno olje, pridobljeno neposredno iz oljk in zgolj z mehanski postopki. Mešanica oljčnih olj s poreklom iz Evropske unije. Olje je primerno za kuhanj...","7,11 €",,https://www.spar.si/online/ekstra-devisko-oljcno-olje-s-budget-075l/p/625967
Spar,shramba,kis in olje,364700,"BUČNO OLJE, SPAR, 0,5L","5,89 €","REDNA CENA 6,99 €",https://www.spar.si/online/bucno-olje-spar-05l/p/364700
Spar,shramba,kis in olje,365234,"SOLATNO OLJE, SPAR, 1L; Mešanica jedilnega rafiniranega sončničnega olja in jedilnega nerafiniranega bučnega olja.","3,68 €",,https://www.spar.si/online/solatno-olje-spar-1l/p/365234
Spar,shramba,kis in olje,331749,"BIO BUČNO OLJE SPAR NATUR*PUR, 250ML; Visoka vsebnost vitamina E.","7,25 €",,https://www.spar.si/online/bio-bucno-olje-spar-naturpur-250ml/p/331749
Spar,shramba,kis in olje,394744,"ŠTAJERSKO PREKMURSKO BUČNO OLJE SLOVENIJA, SPAR PREMIUM, 0,5L","11,99 €",,https://www.spar.si/online/stajersko-prekmursko-bucno-olje-slovenija-spar-premium-05l/p/394744
Spar,shramba,kis in olje,375805,"SOLATNO OLJE, S-BUDGET, 1L; Mešanica rafiniranega jedilnega rastlinskega in jedilnega nerafiniranega bučnega olja.","3,29 €",,https://www.spar.si/online/solatno-olje-s-budget-1l/p/375805
Spar,shramba,kis in olje,339674,"SONČNIČNO OLJE SPAR, 1L; Visoka vsebnost vitamina E.; Olje je primerno za pripravo vseh vrst solat, kuhanje, pečenje, dušenje in cvrtje.","2,28 €",,https://www.spar.si/online/soncnicno-olje-spar-1l/p/339674
Spar,shramba,kis in olje,339680,"SONČNIČNO OLJE SPAR, 2L; Visoka vsebnost vitamina E.; Olje je pirmerno za pripravo vseh vrst solat, kuhanje, pečenje, dušenje in cvrtje.","4,52 €",,https://www.spar.si/online/soncnicno-olje-spar-2l/p/339680
Spar,shramba,kis in olje,339675,"SONČNIČNO OLJE SPAR, 5L; Visoka vsebnost vitamina E.; Olje je primerno za pripravo vseh vrst solat, kuhanje, pečenje, dušenje in cvrtje.","10,99 €",,https://www.spar.si/online/soncnicno-olje-spar-5l/p/339675
Spar,shramba,kis in olje,424285,"SONČNIČNO OLJE S-BUDGET, 1L; Visoka vsebnost vitamina E.","1,79 €",,https://www.spar.si/online/soncnicno-olje-s-budget-1l/p/424285
Spar,shramba,kis in olje,41590,"SONČNIČNO OLJE JEDILNO, RAFINIRANO, CEKIN, 1L","1,99 €","REDNA CENA 3,48 €",https://www.spar.si/online/soncnicno-olje-jedilno-rafinirano-cekin-1l/p/41590
Spar,shramba,kis in olje,361411,"RASTLINSKO OLJE, SPAR, 1L","2,69 €",,https://www.spar.si/online/rastlinsko-olje-spar-1l/p/361411
Spar,shramba,kis in olje,273656,"RASTLINSKO OLJE, SPAR, 2L","5,29 €",,https://www.spar.si/online/rastlinsko-olje-spar-2l/p/273656
Spar,shramba,kis in olje,282098,"RASTLINSKO OLJE, SPAR, 5L","12,99 €",,https://www.spar.si/online/rastlinsko-olje-spar-5l/p/282098
Spar,shramba,kis in olje,564273,"BIO KOKOSOVO OLJE SPAR NATUR*PUR, 1L","13,99 €",,https://www.spar.si/online/bio-kokosovo-olje-spar-naturpur-1l/p/564273
Spar,shramba,kis in olje,589608,"BIO LANENO OLJE, SPAR NATUR*PUR, 250ML; Visoka vsebnost maščobnih kislin omega 3. Visoka vsebnost vitamina E.","2,08 €",,https://www.spar.si/online/bio-laneno-olje-spar-naturpur-250ml/p/589608
Spar,shramba,testenine,201460,"TESTENINE KAPELETI S SIROM, SPAR, 250G; Sveže polnjene testenine.","1,34 €",,https://www.spar.si/online/testenine-kapeleti-s-sirom-spar-250g/p/201460
Spar,shramba,testenine,295988,"KROMPIRJEVI NJOKI, SPAR, 500G","1,23 €",,https://www.spar.si/online/krompirjevi-njoki-spar-500g/p/295988
Spar,shramba,testenine,345845,"JAJČNE TESTENINE TAGLIATELLE, SPAR, 500G","1,49 €",,https://www.spar.si/online/jajcne-testenine-tagliatelle-spar-500g/p/345845
Spar,shramba,testenine,482348,"TESTENINE POLNOZRNATI PERESNIKI, SPAR, 500G","0,77 €",,https://www.spar.si/online/testenine-polnozrnati-peresniki-spar-500g/p/482348
Spar,shramba,testenine,237445,"POLŽKI AMOROSI, SPAR, 500G; Sušene testenine.","0,82 €",,https://www.spar.si/online/polzki-amorosi-spar-500g/p/237445
Spar,shramba,testenine,201460,"TESTENINE KAPELETI S SIROM, SPAR, 250G; Sveže polnjene testenine.","1,34 €",,https://www.spar.si/online/testenine-kapeleti-s-sirom-spar-250g/p/201460
Spar,shramba,testenine,345845,"JAJČNE TESTENINE TAGLIATELLE, SPAR, 500G","1,49 €",,https://www.spar.si/online/jajcne-testenine-tagliatelle-spar-500g/p/345845
Spar,shramba,testenine,482348,"TESTENINE POLNOZRNATI PERESNIKI, SPAR, 500G","0,77 €",,https://www.spar.si/online/testenine-polnozrnati-peresniki-spar-500g/p/482348
Spar,shramba,testenine,237445,"POLŽKI AMOROSI, SPAR, 500G; Sušene testenine.","0,82 €",,https://www.spar.si/online/polzki-amorosi-spar-500g/p/237445
Spar,shramba,testenine,498446,"ŠPAGETI N.5 SPAR, 500G; Sušene testenine iz pšeničnega durum zdroba.","0,83 €",,https://www.spar.si/online/spageti-n5-spar-500g/p/498446
Spar,shramba,testenine,201460,"TESTENINE KAPELETI S SIROM, SPAR, 250G; Sveže polnjene testenine.","1,34 €",,https://www.spar.si/online/testenine-kapeleti-s-sirom-spar-250g/p/201460
Spar,shramba,testenine,654797,"RAVIOLI Z JURČKI IN ŠAMPINJONI, DESPAR, 250G","1,99 €",,https://www.spar.si/online/ravioli-z-jurcki-in-sampinjoni-despar-250g/p/654797
Spar,shramba,testenine,641107,"TESTENINE, LISTI ZA LAZANJO, DESPAR, 9/1, 250G","1,64 €",,https://www.spar.si/online/testenine-listi-za-lazanjo-despar-91-250g/p/641107
Spar,shramba,testenine,610777,"PIRINI RAVIOLI S TARTUFI, SIRI IN STARANIM SIROM TOLMINC UROŠ FAKUČ, SPAR PREMIUM, 250G; - 6 mesecev staran sir Tolminc, z zaščiteno označbo porekla; - s koščki črnih tartufov; - z rahlim in bogatim kremastim polnilom; ; ¨Izbrane sestavine, ...","3,39 €",,https://www.spar.si/online/pirini-ravioli-s-tartufi-siri-in-staranim-sirom-tolminc-uros-fakuc-spar-premium-250g/p/610777
Spar,shramba,testenine,451958,"SVEŽE JAJČNE TESTENINE ŠIROKI REZANCI, DESPAR, 250G; Vsebina izdelka zadostuje za 2-3 porcije.","1,59 €",,https://www.spar.si/online/sveze-jajcne-testenine-siroki-rezanci-despar-250g/p/451958
Spar,shramba,testenine,384268,"BIO PIRINI HRUSTAVCI, SPAR NATUR*PUR, 75G; Odlični kot jušni vložek ali hrustljav dodatek solatam oz. kot samostojni prigrizek.","1,29 €",,https://www.spar.si/online/bio-pirini-hrustavci-spar-naturpur-75g/p/384268
Spar,shramba,testenine,366919,"JUŠNE KROGLICE S-BUDGET, 220G","0,82 €",,https://www.spar.si/online/jusne-kroglice-s-budget-220g/p/366919
Spar,shramba,testenine,452494,"RIBANA KAŠA, S-BUDGET, 1KG","2,54 €",,https://www.spar.si/online/ribana-kasa-s-budget-1kg/p/452494
Spar,shramba,testenine,41211,"ZLATE KROGLICE, INTES, 90G","0,84 €",,https://www.spar.si/online/zlate-kroglice-intes-90g/p/41211
Spar,shramba,testenine,119286,"JUŠNE KOCKE S ČESNOM LAND LEBEN, 75G; Česnove opečene kruhove kocke: Malo dela - veliko užitka!","0,97 €",,https://www.spar.si/online/jusne-kocke-s-cesnom-land-leben-75g/p/119286
Spar,shramba,testenine,295988,"KROMPIRJEVI NJOKI, SPAR, 500G","1,23 €",,https://www.spar.si/online/krompirjevi-njoki-spar-500g/p/295988
Spar,shramba,testenine,367052,"KROMPIRJEVI NJOKI S-BUDGET, 1KG","1,39 €",,https://www.spar.si/online/krompirjevi-njoki-s-budget-1kg/p/367052
Spar,shramba,testenine,597288,"INSTANT TESTENINE BOLOGNESE, S-BUDGET, 170G","0,82 €",,https://www.spar.si/online/instant-testenine-bolognese-s-budget-170g/p/597288
Spar,shramba,testenine,597284,"INSTANT TESTENINE Z GOBOVO OMAKO, S-BUDGET, 170G","0,96 €",,https://www.spar.si/online/instant-testenine-z-gobovo-omako-s-budget-170g/p/597284
Spar,shramba,testenine,597315,"SVEDRI S SIROVO OMAKO, S-BUDGET, 170G","1,39 €",,https://www.spar.si/online/svedri-s-sirovo-omako-s-budget-170g/p/597315
Spar,shramba,riz polenta ostalo,370251,"DOLGOZRNATI BELI RIŽ PARBOILED SPAR, 1KG; /","2,09 €",,https://www.spar.si/online/dolgozrnati-beli-riz-parboiled-spar-1kg/p/370251
Spar,shramba,riz polenta ostalo,492426,"KROMPIRJEVI KRHLJI, ZAČINJENI, SPAR, 750G; /","1,99 €",,https://www.spar.si/online/krompirjevi-krhlji-zacinjeni-spar-750g/p/492426
Spar,shramba,riz polenta ostalo,370253,"OKROGLOZRNAT BELI RIŽ SPAR, 1KG","2,17 €",,https://www.spar.si/online/okroglozrnat-beli-riz-spar-1kg/p/370253
Spar,shramba,riz polenta ostalo,533344,"MEŠANICA 3 VRST ŽIT, SPAR, 1KG; Se ne razkuha.","2,98 €",,https://www.spar.si/online/mesanica-3-vrst-zit-spar-1kg/p/533344
Spar,shramba,riz polenta ostalo,589367,"KROMPIRJEVI SVALJKI S SKUTO, SPAR, 750G; SPAR krompirjevi svaljki s skuto vsebujejo 15 % krompirja in 10 % skute. Svaljki se izvrstno podajo kot priloga k golažu, svinjski pečenki ali govejim zrezkom v...","3,89 €",,https://www.spar.si/online/krompirjevi-svaljki-s-skuto-spar-750g/p/589367
Spar,shramba,riz polenta ostalo,370251,"DOLGOZRNATI BELI RIŽ PARBOILED SPAR, 1KG; /","2,09 €",,https://www.spar.si/online/dolgozrnati-beli-riz-parboiled-spar-1kg/p/370251
Spar,shramba,riz polenta ostalo,370253,"OKROGLOZRNAT BELI RIŽ SPAR, 1KG","2,17 €",,https://www.spar.si/online/okroglozrnat-beli-riz-spar-1kg/p/370253
Spar,shramba,riz polenta ostalo,533344,"MEŠANICA 3 VRST ŽIT, SPAR, 1KG; Se ne razkuha.","2,98 €",,https://www.spar.si/online/mesanica-3-vrst-zit-spar-1kg/p/533344
Spar,shramba,riz polenta ostalo,370247,"DOLGOZRNATI BELI RIŽ SPAR, 1KG; Dolgozrnati riž je sorta riža, ki se ne razkuha in je odlične kakovosti.","1,79 €",,https://www.spar.si/online/dolgozrnati-beli-riz-spar-1kg/p/370247
Spar,shramba,riz polenta ostalo,550819,"JASMINOV DOLGOZRNATI BELI RIŽ SPAR, 500G; SPAR Jasminov riž je še posebej primeren za pripravo mlečnega riža ali drugih sladic.","1,69 €",,https://www.spar.si/online/jasminov-dolgozrnati-beli-riz-spar-500g/p/550819
Spar,shramba,riz polenta ostalo,501231,"INSTANT POLENTA, SPAR, 500G; Povprečna hranilna vrednost na 100g:; Energijska vrednost 1468kJ/346kcal; Maščobe 1,6g; od tega nasičene maščobe 0,3g; Ogljikovi hidrati 72g; od tega ...","0,88 €",,https://www.spar.si/online/instant-polenta-spar-500g/p/501231
Spar,shramba,riz polenta ostalo,608789,"BIO KORUZNI ZDROB, SPAR NATUR*PUR, 500G; Povprečna hranilna vrednost na 100g:; Energijska vrednost 1468kJ/346kcal; Maščobe 0,9g; od tega nasičene maščobe 0,2g; Ogljikovi hidrati 77g; od tega ...","1,29 €",,https://www.spar.si/online/bio-koruzni-zdrob-spar-naturpur-500g/p/608789
Spar,shramba,riz polenta ostalo,473575,"INSTANT POLENTA, S-BUDGET, 1KG; Povprečna hranilna vrednost na 100g:; Energijska vrednost 1470kJ/347kcal; Maščobe 1,2g; od tega nasičene maščobe 0,2g; Ogljikovi hidrati 75,1g; od teg...","1,70 €",,https://www.spar.si/online/instant-polenta-s-budget-1kg/p/473575
Spar,shramba,riz polenta ostalo,41797,"INSTANT POLENTA, ZLATO POLJE, 250G","0,88 €",,https://www.spar.si/online/instant-polenta-zlato-polje-250g/p/41797
Spar,shramba,riz polenta ostalo,564472,"KORUZNI ZDROB, MLINOTEST, 500G; Povprečna hranilna vrednost na 100g:; ; Energijska vrednost 1468kJ/346kcal; Maščobe 1,6g; od tega nasičene maščobe 0,3g; Ogljikovi hidrati 72g; od t...","1,03 €",,https://www.spar.si/online/koruzni-zdrob-mlinotest-500g/p/564472
Spar,shramba,riz polenta ostalo,492426,"KROMPIRJEVI KRHLJI, ZAČINJENI, SPAR, 750G; /","1,99 €",,https://www.spar.si/online/krompirjevi-krhlji-zacinjeni-spar-750g/p/492426
Spar,shramba,riz polenta ostalo,589367,"KROMPIRJEVI SVALJKI S SKUTO, SPAR, 750G; SPAR krompirjevi svaljki s skuto vsebujejo 15 % krompirja in 10 % skute. Svaljki se izvrstno podajo kot priloga k golažu, svinjski pečenki ali govejim zrezkom v...","3,89 €",,https://www.spar.si/online/krompirjevi-svaljki-s-skuto-spar-750g/p/589367
Spar,shramba,riz polenta ostalo,555010,"OCVRT KROMPIR DIPPERS, SPAR, 600G; /","2,29 €",,https://www.spar.si/online/ocvrt-krompir-dippers-spar-600g/p/555010
Spar,shramba,riz polenta ostalo,567983,"KROMPIR SLADKI SPAR BBQ, 450G; /","3,75 €",,https://www.spar.si/online/krompir-sladki-spar-bbq-450g/p/567983
Spar,shramba,riz polenta ostalo,362398,"KROMPIRJEVI SVALJKI, S-BUDGET, 1,5KG","4,09 €",,https://www.spar.si/online/krompirjevi-svaljki-s-budget-15kg/p/362398
Spar,shramba,sestavine in mesanice za peko,544292,"DEKOR SRČKI TEMNA IN BELA ČOKOLADA, SPAR, 80G; Kakavovi deli v čokoladi: najmanj 50 %.","1,99 €",,https://www.spar.si/online/dekor-srcki-temna-in-bela-cokolada-spar-80g/p/544292
Spar,shramba,sestavine in mesanice za peko,501225,"KAKAVOV DESERTNI PRELIV SPAR, 250G","1,99 €",,https://www.spar.si/online/kakavov-desertni-preliv-spar-250g/p/501225
Spar,shramba,sestavine in mesanice za peko,654959,"MEŠANICA ZA PEKO PECIVA, SPAR, 250G","1,49 €",,https://www.spar.si/online/mesanica-za-peko-peciva-spar-250g/p/654959
Spar,shramba,sestavine in mesanice za peko,340799,"MLETI OREHI, SPAR, 200G","1,79 €","REDNA CENA 1,99 €",https://www.spar.si/online/mleti-orehi-spar-200g/p/340799
Spar,shramba,sestavine in mesanice za peko,655770,"MEŠANICA ZA PRIPRAVO CARARSKEGA PRAŽENCA BREZ ROZIN, SPAR , 195G","1,79 €",,https://www.spar.si/online/mesanica-za-pripravo-cararskega-prazenca-brez-rozin-spar-195g/p/655770
Spar,shramba,sestavine in mesanice za peko,471513,"ČOKOLADA V PRAHU, SPAR, 200G; Kakavovi deli najmanj 36 %.","1,69 €",,https://www.spar.si/online/cokolada-v-prahu-spar-200g/p/471513
Spar,shramba,sestavine in mesanice za peko,491754,"BIO KOKOS SPAR NATUR*PUR, 200G; Sušen in nariban, iz ekološke pridelave.; ; Povprečna hranilna vrednost na 100g:; ; Energijska vrednost 2688kJ/653 kcal; Maščobe 62 g; od tega nasi...","1,19 €","REDNA CENA 1,59 €",https://www.spar.si/online/bio-kokos-spar-naturpur-200g/p/491754
Spar,shramba,sestavine in mesanice za peko,639830,"BIO BURBONSKA VANILIJA, STROK, NAREZAN IN POSUŠEN, SPAR NATUR*PUR, 5G, MLINČEK","3,49 €",,https://www.spar.si/online/bio-burbonska-vanilija-strok-narezan-in-posusen-spar-naturpur-5g-mlincek/p/639830
Spar,shramba,sestavine in mesanice za peko,581283,"BIO KAKAV V PRAHU, SPAR NATUR*PUR, 125G; Iz ekološke pridelave (Kmetijstvo izven EU, AT-BIO-301)","2,99 €",,https://www.spar.si/online/bio-kakav-v-prahu-spar-naturpur-125g/p/581283
Spar,shramba,sestavine in mesanice za peko,603604,"BIO VINSKI KAMEN, SPAR NATUR*PUR, 3X21G; Brez dodanih fosfatov.; Zadostuje za kolač s 500 g moke (npr. moke brez glutena za kolač brez glutena).; ; Povprečna hranilna vrednost na 100g:; Energij...","0,69 €",,https://www.spar.si/online/bio-vinski-kamen-spar-naturpur-3x21g/p/603604
Spar,shramba,sestavine in mesanice za peko,597489,"SUHI KVAS, S-BUDGET, 5X7G; Idealen za pripravo sladkih in slanih jedi iz kvašenega testa. V pakiranju je 5 vrečk.","0,45 €",,https://www.spar.si/online/suhi-kvas-s-budget-5x7g/p/597489
Spar,shramba,sestavine in mesanice za peko,41237,"SUHI PEKOVKSI KVAS DOLCELA, PODRAVKA, 7G","0,34 €",,https://www.spar.si/online/suhi-pekovksi-kvas-dolcela-podravka-7g/p/41237
Spar,shramba,sestavine in mesanice za peko,79540,"SVEŽI KVAS FALA, 42G","0,52 €",,https://www.spar.si/online/svezi-kvas-fala-42g/p/79540
Spar,shramba,sestavine in mesanice za peko,465602,"SUHI KVAS, DIGO, 5 X 7 G","2,19 €",,https://www.spar.si/online/suhi-kvas-digo-5-x-7-g/p/465602
Spar,shramba,sestavine in mesanice za peko,337364,"SVEŽI KVAS FALA, 500G","3,43 €",,https://www.spar.si/online/svezi-kvas-fala-500g/p/337364
Spar,shramba,sestavine in mesanice za peko,654959,"MEŠANICA ZA PEKO PECIVA, SPAR, 250G","1,49 €",,https://www.spar.si/online/mesanica-za-peko-peciva-spar-250g/p/654959
Spar,shramba,sestavine in mesanice za peko,655770,"MEŠANICA ZA PRIPRAVO CARARSKEGA PRAŽENCA BREZ ROZIN, SPAR , 195G","1,79 €",,https://www.spar.si/online/mesanica-za-pripravo-cararskega-prazenca-brez-rozin-spar-195g/p/655770
Spar,shramba,sestavine in mesanice za peko,654958,"MEŠANICA ZA PEKO ČOKOLADNEGA BISKVITA, SPAR, 500G","2,99 €",,https://www.spar.si/online/mesanica-za-peko-cokoladnega-biskvita-spar-500g/p/654958
Spar,shramba,sestavine in mesanice za peko,400170,"ZMES ZA ČOKOLADNE MUFFINE SPAR, 300G; Pripravljena zmes za umešano testo s čokoladnimi kosmiči za 12 kolačkov.","1,99 €",,https://www.spar.si/online/zmes-za-cokoladne-muffine-spar-300g/p/400170
Spar,shramba,sestavine in mesanice za peko,436058,"ZMES ZA MUFFINE S KOŠČKI ČOKOLADE SPAR, 300G; Pripravljena zmes za umešano svetlo testo s koščki čokolade za 12 kolačkov.","1,99 €",,https://www.spar.si/online/zmes-za-muffine-s-koscki-cokolade-spar-300g/p/436058
Spar,shramba,sestavine in mesanice za peko,340799,"MLETI OREHI, SPAR, 200G","1,79 €","REDNA CENA 1,99 €",https://www.spar.si/online/mleti-orehi-spar-200g/p/340799
Spar,shramba,sestavine in mesanice za peko,274032,"NASTRGANI MANDLJI SPAR, 200G; Povprečna hranilna vrednost na 100g:; Energijska vrednost 619kJ/2557kcal; Maščobe 53g; od tega nasičene maščobe 4,5g; Ogljikovi hidrati 5,7g; od tega ...","2,39 €",,https://www.spar.si/online/nastrgani-mandlji-spar-200g/p/274032
Spar,shramba,sestavine in mesanice za peko,576404,"INDIJSKI OREŠČKI NESOLJENI IN NEPRAŽENI, SPAR, 300G; Indijski oreščki, nesoljeni in nepraženi.","3,88 €",,https://www.spar.si/online/indijski-orescki-nesoljeni-in-neprazeni-spar-300g/p/576404
Spar,shramba,sestavine in mesanice za peko,525606,"MEŠANI OREŠKI SPAR, 175G; Mešani oreščki.","2,62 €",,https://www.spar.si/online/mesani-oreski-spar-175g/p/525606
Spar,shramba,sestavine in mesanice za peko,579963,"ŠTUDENTSKA HRANA, SPAR, 700G; Mešanica rozin in oreščkov.","8,19 €",,https://www.spar.si/online/studentska-hrana-spar-700g/p/579963
Spar,shramba,sestavine in mesanice za peko,571884,"BIO EKSTRAKT IZ BOURBONSKE VANILJE, SPAR NATUR*PUR, 20ML; Bio ekstrakt iz bourbonske vanilje, iz ekološke pridelave","2,59 €",,https://www.spar.si/online/bio-ekstrakt-iz-bourbonske-vanilje-spar-naturpur-20ml/p/571884
Spar,shramba,sestavine in mesanice za peko,496144,"BIO POMARANČNA LUPINA, SPAR NATUR*PUR, 10G; Bio pomarančna lupina, naribana in sušena, z dodatkom bio pomarančnega olja.; Primerna za izboljšanje okusa sladic, omak in pijač.","0,95 €",,https://www.spar.si/online/bio-pomarancna-lupina-spar-naturpur-10g/p/496144
Spar,shramba,sestavine in mesanice za peko,445647,"BIO NARIBANA LIMONINA LUPICA, SPAR NATUR*PUR, 10G; Vsebina vrečke ustreza dvema naribanima limonama in zadostuje za 0,5 l tekočine ali ca. 500 g moke.; ; Energijska vrednost 1042kJ/250kcal; Maščobe 1,9g...","0,99 €",,https://www.spar.si/online/bio-naribana-limonina-lupica-spar-naturpur-10g/p/445647
Spar,shramba,sestavine in mesanice za peko,408089,"BOURBONSKA VANILIJA SPAR NATUR*PUR, 2/1, 4G; Iz ekološke pridelave. 1 strok vanilije zadostuje za aromatiziranje ca. 500ml tekočine.","2,99 €",,https://www.spar.si/online/bourbonska-vanilija-spar-naturpur-21-4g/p/408089
Spar,shramba,sestavine in mesanice za peko,589517,"BIO VANILIJEVA PASTA BOURBON, SPAR NATUR*PUR, 50G; Bio vanilijeva pasta na osnovi agavinega zgoščenega soka z ekstraktom burbonske vanilije.","2,15 €","REDNA CENA 2,69 €",https://www.spar.si/online/bio-vanilijeva-pasta-bourbon-spar-naturpur-50g/p/589517
Spar,shramba,sestavine in mesanice za peko,544292,"DEKOR SRČKI TEMNA IN BELA ČOKOLADA, SPAR, 80G; Kakavovi deli v čokoladi: najmanj 50 %.","1,99 €",,https://www.spar.si/online/dekor-srcki-temna-in-bela-cokolada-spar-80g/p/544292
Spar,shramba,sestavine in mesanice za peko,443428,"ČOKOLADNE KAPLJICE SPAR, 100G; Kakavovi deli: najmanj 50 %.","1,99 €",,https://www.spar.si/online/cokoladne-kapljice-spar-100g/p/443428
Spar,shramba,sestavine in mesanice za peko,655676,"ČOKOLADNI KOSMIČI, SPAR, 125G","2,49 €",,https://www.spar.si/online/cokoladni-kosmici-spar-125g/p/655676
Spar,shramba,sestavine in mesanice za peko,437736,"MARCIPANOVA MASA SPAR, 200G","1,99 €",,https://www.spar.si/online/marcipanova-masa-spar-200g/p/437736
Spar,shramba,sestavine in mesanice za peko,437748,"NASTRGANA ČOKOLADA SPAR, 125G; Kakavovi deli: 25 %.","1,99 €",,https://www.spar.si/online/nastrgana-cokolada-spar-125g/p/437748
Spar,shramba,sestavine in mesanice za peko,631275,"OBLATI ZA TORTO 3 PLASTI, KUCHENMEISTER, 400G","5,25 €",,https://www.spar.si/online/oblati-za-torto-3-plasti-kuchenmeister-400g/p/631275
Spar,shramba,sestavine in mesanice za peko,648167,"OKRASNI HOLIPI MANNER, 60G","1,79 €",,https://www.spar.si/online/okrasni-holipi-manner-60g/p/648167
Spar,shramba,sestavine in mesanice za peko,648168,"KORNETI MANNER, 10/1, 125G","1,79 €",,https://www.spar.si/online/korneti-manner-101-125g/p/648168
Spar,shramba,sestavine in mesanice za peko,578872,"ROLICE Z VANILIJEVO KREMO, TAGO, 150G","1,49 €",,https://www.spar.si/online/rolice-z-vanilijevo-kremo-tago-150g/p/578872
Spar,shramba,sestavine in mesanice za peko,543534,"OBLATI, VAFELJ LISTI, VOĆAR, 200G; VAFELJ LISTI OBLATI","1,48 €",,https://www.spar.si/online/oblati-vafelj-listi-voar-200g/p/543534
Spar,shramba,sestavine in mesanice za peko,501225,"KAKAVOV DESERTNI PRELIV SPAR, 250G","1,99 €",,https://www.spar.si/online/kakavov-desertni-preliv-spar-250g/p/501225
Spar,shramba,sestavine in mesanice za peko,640078,"JEDILNE BARVE V TUBI, SPAR, 4X10G; SPAR jedilne barve v tubi so na voljo v štirih barvah (rdeča, rumena, zelena in modra). Barve za živila so odlične za barvanje in okraševanje slaščičarskih in f...","2,19 €",,https://www.spar.si/online/jedilne-barve-v-tubi-spar-4x10g/p/640078
Spar,shramba,sestavine in mesanice za peko,654818,"MEŠANICA ZA PRIPRAVO SKUTINE ALI JOGURTOVE KREME ZA TORTE, SPAR, 175G","1,89 €",,https://www.spar.si/online/mesanica-za-pripravo-skutine-ali-jogurtove-kreme-za-torte-spar-175g/p/654818
Spar,shramba,sestavine in mesanice za peko,640077,"PISALA ZA OKRAŠEVANJE ŽIVIL, 8 BARV, SPAR, 8/1, 16G; Pisala z jedilnimi barvami so idealna za okraševanje slaščic in finih pekovskih izdelkov.; ; 2 debelini:; 0,8mm in 0,2mm","4,15 €",,https://www.spar.si/online/pisala-za-okrasevanje-zivil-8-barv-spar-81-16g/p/640077
Spar,shramba,sestavine in mesanice za peko,655677,"JAGODNI DESERTNI PRELIV, SPAR, 250G","1,99 €",,https://www.spar.si/online/jagodni-desertni-preliv-spar-250g/p/655677
Spar,shramba,sestavine in mesanice za peko,21730,"JEDILNA ČOKOLADA SPAR, 250G; Kakavovi deli: najmanj 43%.","3,59 €",,https://www.spar.si/online/jedilna-cokolada-spar-250g/p/21730
Spar,shramba,sestavine in mesanice za peko,381327,"TEMNA ČOKOLADA KUVERTURA SPAR, 200G","1,99 €",,https://www.spar.si/online/temna-cokolada-kuvertura-spar-200g/p/381327
Spar,shramba,sestavine in mesanice za peko,381326,"MLEČNA ČOKOLADA KUVERTURA SPAR, 200G","1,99 €",,https://www.spar.si/online/mlecna-cokolada-kuvertura-spar-200g/p/381326
Spar,shramba,sestavine in mesanice za peko,381325,"BELA ČOKOLADA KUVERTURA SPAR, 200G","1,99 €",,https://www.spar.si/online/bela-cokolada-kuvertura-spar-200g/p/381325
Spar,shramba,sestavine in mesanice za peko,622671,"BIO ČOKOLADA ZA PEKO IN KUHANJE, SPAR NATUR*PUR, 250G","3,59 €","REDNA CENA 4,49 €",https://www.spar.si/online/bio-cokolada-za-peko-in-kuhanje-spar-naturpur-250g/p/622671
Spar,shramba,omake prelivi in priloge jedem,655769,"PRIPRAVEK ZA ZGOSTITEV JUH, OMAK IN ZELENJAVE FIXINA, SPAR, 250G","1,79 €",,https://www.spar.si/online/pripravek-za-zgostitev-juh-omak-in-zelenjave-fixina-spar-250g/p/655769
Spar,shramba,omake prelivi in priloge jedem,276026,"OMAKA SALSA GUACAMOLE SPAR, 300G","2,99 €",,https://www.spar.si/online/omaka-salsa-guacamole-spar-300g/p/276026
Spar,shramba,omake prelivi in priloge jedem,368718,"OMAKA SALSA S KISLO SMETANO SPAR, 300G","1,89 €",,https://www.spar.si/online/omaka-salsa-s-kislo-smetano-spar-300g/p/368718
Spar,shramba,omake prelivi in priloge jedem,285444,"BLAGI KETCHUP SPAR, 900G","1,79 €",,https://www.spar.si/online/blagi-ketchup-spar-900g/p/285444
Spar,shramba,omake prelivi in priloge jedem,503993,"MEŠANICA ZA PRIPRAVO LAZANJE, SPAR, 75G; Za 3 porcije.","0,89 €",,https://www.spar.si/online/mesanica-za-pripravo-lazanje-spar-75g/p/503993
Spar,shramba,omake prelivi in priloge jedem,655769,"PRIPRAVEK ZA ZGOSTITEV JUH, OMAK IN ZELENJAVE FIXINA, SPAR, 250G","1,79 €",,https://www.spar.si/online/pripravek-za-zgostitev-juh-omak-in-zelenjave-fixina-spar-250g/p/655769
Spar,shramba,omake prelivi in priloge jedem,503993,"MEŠANICA ZA PRIPRAVO LAZANJE, SPAR, 75G; Za 3 porcije.","0,89 €",,https://www.spar.si/online/mesanica-za-pripravo-lazanje-spar-75g/p/503993
Spar,shramba,omake prelivi in priloge jedem,260497,"DODATEK JEDEM MIX, SPAR, 250G; DODATEK JEDEM Z ZELENJAVO.","0,89 €",,https://www.spar.si/online/dodatek-jedem-mix-spar-250g/p/260497
Spar,shramba,omake prelivi in priloge jedem,610564,"RIBJI FOND UROŠ FAKUČ, SPAR PREMIUM, 320G; - Jušna osnova za pripravo omak za ribje jedi, morskih sadežev in školjk, ribjih juh in brodeta.; - Brez ojačevalcev arome.; - Brez dodanih arom in barvil.<...","2,99 €",,https://www.spar.si/online/ribji-fond-uros-fakuc-spar-premium-320g/p/610564
Spar,shramba,omake prelivi in priloge jedem,610984,"TELEČJI FOND UROŠ ŠTEFELIN, SPAR PREMIUM, 130G; Telečji fond uporabljamo za osnovo mnogih omak, ki jih dodajamo k mesu, perutnini, divjačini, zelenjavi ali testeninam.","2,29 €","REDNA CENA 2,89 €",https://www.spar.si/online/telecji-fond-uros-stefelin-spar-premium-130g/p/610984
Spar,shramba,omake prelivi in priloge jedem,292049,"OMAKA NA HOLANDSKI NAČIN, THOMY, 250ML","1,69 €",,https://www.spar.si/online/omaka-na-holandski-nacin-thomy-250ml/p/292049
Spar,shramba,omake prelivi in priloge jedem,116066,"SOJINA OMAKA SVETLA, PEARL RIVER BRIDGE, 150ML","1,65 €",,https://www.spar.si/online/sojina-omaka-svetla-pearl-river-bridge-150ml/p/116066
Spar,shramba,omake prelivi in priloge jedem,450707,"RDEČA CURRY PASTA, LOBO, 50 G","1,89 €",,https://www.spar.si/online/rdeca-curry-pasta-lobo-50-g/p/450707
Spar,shramba,omake prelivi in priloge jedem,285444,"BLAGI KETCHUP SPAR, 900G","1,79 €",,https://www.spar.si/online/blagi-ketchup-spar-900g/p/285444
Spar,shramba,omake prelivi in priloge jedem,285446,"PEKOČI KETCHUP SPAR, 900G","1,79 €",,https://www.spar.si/online/pekoci-ketchup-spar-900g/p/285446
Spar,shramba,omake prelivi in priloge jedem,21272,"PEKOČI PARADIŽNIKOV KETCHUP S ČILIJEM, SPAR, 500G","1,07 €",,https://www.spar.si/online/pekoci-paradiznikov-ketchup-s-cilijem-spar-500g/p/21272
Spar,shramba,omake prelivi in priloge jedem,285835,"BLAGI KETCHUP SPAR, 500G; PARADIŽNIKOV KETCHUP - BLAGI, PASTERIZIRAN","1,07 €",,https://www.spar.si/online/blagi-ketchup-spar-500g/p/285835
Spar,shramba,omake prelivi in priloge jedem,482694,"BIO KETCHUP, SPAR NATUR*PUR, 550G","2,15 €",,https://www.spar.si/online/bio-ketchup-spar-naturpur-550g/p/482694
Spar,shramba,omake prelivi in priloge jedem,270988,"GORČICA DIJON, SPAR, 200G","2,18 €",,https://www.spar.si/online/gorcica-dijon-spar-200g/p/270988
Spar,shramba,omake prelivi in priloge jedem,517286,"GORČICA KREMSER SPAR, 200G; GROČICA KREMSER, blago začinjena.","1,25 €",,https://www.spar.si/online/gorcica-kremser-spar-200g/p/517286
Spar,shramba,omake prelivi in priloge jedem,583667,"GORČICA SPAR, 360G; Gosta masa iz gorčičnih semen z dodatkom kisa, soli, vode in začimb, pakirana v stekleno embalažo.","0,99 €",,https://www.spar.si/online/gorcica-spar-360g/p/583667
Spar,shramba,omake prelivi in priloge jedem,517284,"GORČICA ESTRAGON SPAR, 200G; GROČICA ESTRAGON, močno začinjena.","1,25 €",,https://www.spar.si/online/gorcica-estragon-spar-200g/p/517284
Spar,shramba,omake prelivi in priloge jedem,581985,"BIO ESTRAGONSKA GORČICA Z MEDOM, SPAR PREMIUM, 200G","3,79 €",,https://www.spar.si/online/bio-estragonska-gorcica-z-medom-spar-premium-200g/p/581985
Spar,shramba,omake prelivi in priloge jedem,276026,"OMAKA SALSA GUACAMOLE SPAR, 300G","2,99 €",,https://www.spar.si/online/omaka-salsa-guacamole-spar-300g/p/276026
Spar,shramba,omake prelivi in priloge jedem,368718,"OMAKA SALSA S KISLO SMETANO SPAR, 300G","1,89 €",,https://www.spar.si/online/omaka-salsa-s-kislo-smetano-spar-300g/p/368718
Spar,shramba,omake prelivi in priloge jedem,412778,"DELIKATESNA MAJONEZA, SPAR, 175G","1,49 €",,https://www.spar.si/online/delikatesna-majoneza-spar-175g/p/412778
Spar,shramba,omake prelivi in priloge jedem,473991,"DELIKATESNA MAJONEZA, SPAR, 500ML","2,39 €",,https://www.spar.si/online/delikatesna-majoneza-spar-500ml/p/473991
Spar,shramba,omake prelivi in priloge jedem,368717,"OMAKA SALSA BARBECUE SPAR, 330G","1,89 €",,https://www.spar.si/online/omaka-salsa-barbecue-spar-330g/p/368717
Spar,shramba,omake prelivi in priloge jedem,557233,"FRANCOSKA SOLATA SPAR, 500G; Povprečna hranilna vrednost na 100g:; ; Energijska vrednost 891kJ/215kcal; Maščobe 18,1g; od tega nasičene maščobe 2,3g; Ogljikovi hidrati 10,6g; od...","2,95 €",,https://www.spar.si/online/francoska-solata-spar-500g/p/557233
Spar,shramba,omake prelivi in priloge jedem,557247,"FRANCOSKA SOLATA LAHKA SPAR, 250G; Povprečna hranilna vrednost na 100g:; ; Energijska vrednost 410kJ/98kcal; Maščobe 6,0g; od tega nasičene maščobe 0,9g; Ogljikovi hidrati 9,0g; od te...","1,79 €",,https://www.spar.si/online/francoska-solata-lahka-spar-250g/p/557247
Spar,shramba,omake prelivi in priloge jedem,557238,"FRANCOSKA SOLATA SPAR, 250G; Povprečna hranilna vrednost na 100g:; ; Energijska vrednost 891kJ/215kcal; Maščobe 18,1g; od tega nasičene maščobe 2,3g; Ogljikovi hidrati 10,6g; od...","1,79 €",,https://www.spar.si/online/francoska-solata-spar-250g/p/557238
Spar,shramba,omake prelivi in priloge jedem,557244,"FRANCOSKA SOLATA LAHKA, SPAR, 500G; Povprečna hranilna vrednost na 100g:; ; Energijska vrednost 410kJ/98kcal; Maščobe 6,0g; od tega nasičene maščobe 0,9g; Ogljikovi hidrati 9,0g; od te...","2,99 €",,https://www.spar.si/online/francoska-solata-lahka-spar-500g/p/557244
Spar,shramba,omake prelivi in priloge jedem,644894,"FRANCOSKA SOLATA UROŠ ŠTEFELIN, SPAR PREMIUM, 400G","2,99 €","REDNA CENA 3,59 €",https://www.spar.si/online/francoska-solata-uros-stefelin-spar-premium-400g/p/644894
Spar,shramba,omake prelivi in priloge jedem,514148,"PIKANTNA OMAKA S SIROM NACHO, SPAR, 435G","1,89 €",,https://www.spar.si/online/pikantna-omaka-s-sirom-nacho-spar-435g/p/514148
Spar,shramba,omake prelivi in priloge jedem,253805,"OMAKA SALSA MEDIUM SPAR, 315G","1,29 €",,https://www.spar.si/online/omaka-salsa-medium-spar-315g/p/253805
Spar,shramba,omake prelivi in priloge jedem,410155,"PESTO S PARADIŽNIKOM SPAR, 190G; Pesto s paradižnikom.","1,89 €",,https://www.spar.si/online/pesto-s-paradiznikom-spar-190g/p/410155
Spar,shramba,omake prelivi in priloge jedem,407211,"MESNI RAGU ALLA BOLOGNESE, SPAR, 200G","1,24 €",,https://www.spar.si/online/mesni-ragu-alla-bolognese-spar-200g/p/407211
Spar,shramba,omake prelivi in priloge jedem,410156,"OMAKA PESTO BAZILIKA SPAR, 190G; Pesto z baziliko.","1,79 €",,https://www.spar.si/online/omaka-pesto-bazilika-spar-190g/p/410156
Spar,shramba,juhe in jusni dodatki,605566,"JUHA Z JAJČNIMI TESTENINAMI, SPAR FEINE, 59G; Zadostuje za 4 krožnike.","0,89 €",,https://www.spar.si/online/juha-z-jajcnimi-testeninami-spar-feine-59g/p/605566
Spar,shramba,juhe in jusni dodatki,605499,"GOBOVA KREMNA JUHA, SPAR FEINE, 64G; Za 3 porcije.","0,60 €",,https://www.spar.si/online/gobova-kremna-juha-spar-feine-64g/p/605499
Spar,shramba,juhe in jusni dodatki,605571,"BUČNA KREMNA JUHA, SPAR FEINE, 72G; za 3 porcije","0,79 €",,https://www.spar.si/online/bucna-kremna-juha-spar-feine-72g/p/605571
Spar,shramba,juhe in jusni dodatki,605565,"JUHA Z ZELENJAVO, SPAR FEINE, 62G; Zadostuje za 4 krožnike.","0,73 €",,https://www.spar.si/online/juha-z-zelenjavo-spar-feine-62g/p/605565
Spar,shramba,juhe in jusni dodatki,605567,"ZELENJAVNA KREMNA JUHA, SPAR, 68G; za 4 porcije","0,75 €",,https://www.spar.si/online/zelenjavna-kremna-juha-spar-68g/p/605567
Spar,shramba,juhe in jusni dodatki,605566,"JUHA Z JAJČNIMI TESTENINAMI, SPAR FEINE, 59G; Zadostuje za 4 krožnike.","0,89 €",,https://www.spar.si/online/juha-z-jajcnimi-testeninami-spar-feine-59g/p/605566
Spar,shramba,juhe in jusni dodatki,605499,"GOBOVA KREMNA JUHA, SPAR FEINE, 64G; Za 3 porcije.","0,60 €",,https://www.spar.si/online/gobova-kremna-juha-spar-feine-64g/p/605499
Spar,shramba,juhe in jusni dodatki,605571,"BUČNA KREMNA JUHA, SPAR FEINE, 72G; za 3 porcije","0,79 €",,https://www.spar.si/online/bucna-kremna-juha-spar-feine-72g/p/605571
Spar,shramba,juhe in jusni dodatki,605565,"JUHA Z ZELENJAVO, SPAR FEINE, 62G; Zadostuje za 4 krožnike.","0,73 €",,https://www.spar.si/online/juha-z-zelenjavo-spar-feine-62g/p/605565
Spar,shramba,juhe in jusni dodatki,605567,"ZELENJAVNA KREMNA JUHA, SPAR, 68G; za 4 porcije","0,75 €",,https://www.spar.si/online/zelenjavna-kremna-juha-spar-68g/p/605567
Spar,shramba,juhe in jusni dodatki,445668,"BIO ZELENJAVNE JUŠNE KOCKE, SPAR NATUR*PUR, 6/1, 66G","1,15 €",,https://www.spar.si/online/bio-zelenjavne-jusne-kocke-spar-naturpur-61-66g/p/445668
Spar,shramba,juhe in jusni dodatki,610561,"PIŠČANČJI FOND GREGOR VRAČKO, SPAR PREMIUM, 320G; - Vsestransko uporabna jušna osnova za pripravo juh, zelenjavnih in mesnih jedi ter različnih prilog.; - Brez ojačevalcev arome.; - Brez dodanih arom in bar...","2,99 €",,https://www.spar.si/online/piscancji-fond-gregor-vracko-spar-premium-320g/p/610561
Spar,shramba,juhe in jusni dodatki,366705,"ZELENJAVNA JUŠNA KOCKA, S-BUDGET, 10/1, 110G; Zelenjavni jušni koncentrat.","0,49 €",,https://www.spar.si/online/zelenjavna-jusna-kocka-s-budget-101-110g/p/366705
Spar,shramba,juhe in jusni dodatki,366703,"KOKOŠJA JUŠNA KOCKA, S-BUDGET, 10/1, 110G; Jušni koncentrat.","0,49 €",,https://www.spar.si/online/kokosja-jusna-kocka-s-budget-101-110g/p/366703
Spar,shramba,juhe in jusni dodatki,366701,"GOVEJA JUŠNA KOCKA, S-BUDGET, 10/1, 110G; Goveji jušni koncentrat.","0,49 €",,https://www.spar.si/online/goveja-jusna-kocka-s-budget-101-110g/p/366701
Spar,bio in druga posebna hrana,specialitete,496435,"PARADIŽNIKOVA OMAKA TEX MEX SREDNJE PEKOČA, SPAR, 230G","1,45 €",,https://www.spar.si/online/paradiznikova-omaka-tex-mex-srednje-pekoca-spar-230g/p/496435
Spar,bio in druga posebna hrana,specialitete,605305,"BABY KORENJE, ZELO FINO, SPAR, 400G; Brez dodanega sladkorja. Vsebuje naravno prisotne sladkorje.","1,39 €",,https://www.spar.si/online/baby-korenje-zelo-fino-spar-400g/p/605305
Spar,bio in druga posebna hrana,specialitete,570568,"OČIŠČENE KOZICE PREDKUHANE, V SLANICI, SPAR, 180G; Ribolovno območje: ulovljeno v Severozahodnem Atlantiku (FAO 21) s pelagičnimi vlečnimi mrežami za kozice.","2,99 €",,https://www.spar.si/online/ociscene-kozice-predkuhane-v-slanici-spar-180g/p/570568
Spar,bio in druga posebna hrana,specialitete,631786,"BIO ZELENA SOJA EDAMAME, V STROKIH, SPAR NATUR*PUR, 200G","1,49 €",,https://www.spar.si/online/bio-zelena-soja-edamame-v-strokih-spar-naturpur-200g/p/631786
Spar,bio in druga posebna hrana,specialitete,483376,"BIO SUŠENI PARADIŽNIKI V SONČNIČNEM OLJU, SPAR NATUR*PUR, 185G","3,69 €",,https://www.spar.si/online/bio-suseni-paradizniki-v-soncnicnem-olju-spar-naturpur-185g/p/483376
Spar,bio in druga posebna hrana,specialitete,645092,"TATARSKI BIFTEK UROŠ ŠTEFELIN, SPAR PREMIUM, 220G","9,49 €",,https://www.spar.si/online/tatarski-biftek-uros-stefelin-spar-premium-220g/p/645092
Spar,bio in druga posebna hrana,specialitete,563362,"TATARSKI BIFTEK LUKA, 200G","5,89 €",,https://www.spar.si/online/tatarski-biftek-luka-200g/p/563362
Spar,bio in druga posebna hrana,specialitete,561353,"TATARSKI BIFTEK, ČADEŽ, 150G, PAKIRANO","4,49 €",,https://www.spar.si/online/tatarski-biftek-cadez-150g-pakirano/p/561353
Spar,bio in druga posebna hrana,specialitete,496435,"PARADIŽNIKOVA OMAKA TEX MEX SREDNJE PEKOČA, SPAR, 230G","1,45 €",,https://www.spar.si/online/paradiznikova-omaka-tex-mex-srednje-pekoca-spar-230g/p/496435
Spar,bio in druga posebna hrana,specialitete,605305,"BABY KORENJE, ZELO FINO, SPAR, 400G; Brez dodanega sladkorja. Vsebuje naravno prisotne sladkorje.","1,39 €",,https://www.spar.si/online/baby-korenje-zelo-fino-spar-400g/p/605305
Spar,bio in druga posebna hrana,specialitete,631786,"BIO ZELENA SOJA EDAMAME, V STROKIH, SPAR NATUR*PUR, 200G","1,49 €",,https://www.spar.si/online/bio-zelena-soja-edamame-v-strokih-spar-naturpur-200g/p/631786
Spar,bio in druga posebna hrana,specialitete,483376,"BIO SUŠENI PARADIŽNIKI V SONČNIČNEM OLJU, SPAR NATUR*PUR, 185G","3,69 €",,https://www.spar.si/online/bio-suseni-paradizniki-v-soncnicnem-olju-spar-naturpur-185g/p/483376
Spar,bio in druga posebna hrana,specialitete,604966,"PIRA, DESPAR, 3X140G; Neto količina: 3x150g/3x212ml, Neto plod: 3x140g","2,69 €",,https://www.spar.si/online/pira-despar-3x140g/p/604966
Spar,bio in druga posebna hrana,specialitete,570568,"OČIŠČENE KOZICE PREDKUHANE, V SLANICI, SPAR, 180G; Ribolovno območje: ulovljeno v Severozahodnem Atlantiku (FAO 21) s pelagičnimi vlečnimi mrežami za kozice.","2,99 €",,https://www.spar.si/online/ociscene-kozice-predkuhane-v-slanici-spar-180g/p/570568
Spar,bio in druga posebna hrana,specialitete,641071,"LOSOSOV KARPAČO S PRELIVOM IN NARIBANIM SIROM PARMIGANO REGGIANO ZOP, SPAR PREMIUM, 100G; Poreklo: Atlantski losos (Salmo Salar), gojeno na Norveškem.","4,79 €","REDNA CENA 5,99 €",https://www.spar.si/online/lososov-karpaco-s-prelivom-in-naribanim-sirom-parmigano-reggiano-zop-spar-premium-100g/p/641071
Spar,bio in druga posebna hrana,specialitete,482796,"ALJAŠKI POLAK KOŠČKI, FJORDGOLD, 125G","2,75 €",,https://www.spar.si/online/aljaski-polak-koscki-fjordgold-125g/p/482796
Spar,bio in druga posebna hrana,specialitete,633438,"SIPINO ČRNILO, RIUNIONE, 8G; Sipino črnilo lahko uporabimo kot dodatek za odlične omake, ki dopolnijo naše testenine, njoke, rižote in vse ostale jedi.; ; Pakiranje vsebuje 2 vrečki po ...","2,37 €",,https://www.spar.si/online/sipino-crnilo-riunione-8g/p/633438
Spar,bio in druga posebna hrana,specialitete,620992,"SURIMI RAKI S ČESNOM, VIČI, 175G; Ribolovno območje: Tihi ocean FAO 61/67 aljaški polak (Theragra Chalcogramma) in/ali FAO 67 oslič (Merlucius). Srednjevodne vlečne mreže.","2,89 €",,https://www.spar.si/online/surimi-raki-s-cesnom-vici-175g/p/620992
Spar,bio in druga posebna hrana,specialitete,644785,"HITER OBROK JABOLČNA PITA, NJAMITO, 390G; Tekoči obrok okusa Jabolčna pita","5,99 €",,https://www.spar.si/online/hiter-obrok-jabolcna-pita-njamito-390g/p/644785
Spar,bio in druga posebna hrana,specialitete,656919,"ČRNI POLETNI TARTUFI SESEKLJANI V OLJČNEM OLJU, ZIGANTE, 40G; Carpaccio poletnega črnega tartufa od Zigante Tartufi je gurmanska delikatesa, narejena iz tanko narezanih poletnih črnih tartufov (Tuber Aestivum Vitt.) v ekst...","14,49 €",,https://www.spar.si/online/crni-poletni-tartufi-sesekljani-v-oljcnem-olju-zigante-40g/p/656919
Spar,bio in druga posebna hrana,specialitete,638159,"SLANIK KOŠČKI FILEJA S ČEBULO V OLJU, VIČI, 210G","2,59 €",,https://www.spar.si/online/slanik-koscki-fileja-s-cebulo-v-olju-vici-210g/p/638159
Spar,bio in druga posebna hrana,specialitete,656929,"ČRNI REZANI TARTUFI V OLJČNEM OLJU, ZIGANTE TARTUFI, 40G; Carpaccio iz črnih zimskih tartufov (Tuber Melanosporum) je vrhunska delikatesa, pripravljena iz tanko narezanih rezin najbolj cenjenih zimskih tartufov. Z inte...","26,79 €",,https://www.spar.si/online/crni-rezani-tartufi-v-oljcnem-olju-zigante-tartufi-40g/p/656929
Spar,bio in druga posebna hrana,vegetarijanski izdelki,646677,"RASTLINSKI PRIPRAVEK, NADOMESTEK SIRA, V KOSU, SPAR VEGGIE, 150G; VEGANEC V KOSU; Kokosova maščoba zunaj EU.","2,79 €",,https://www.spar.si/online/rastlinski-pripravek-nadomestek-sira-v-kosu-spar-veggie-150g/p/646677
Spar,bio in druga posebna hrana,vegetarijanski izdelki,618504,"SOJIN NAPITEK S KALCIJEM BARISTA, SPAR, 1L; Brez dodanih sladkorjev. Vsebuje naravno prisotne sladkorje.","1,99 €",,https://www.spar.si/online/sojin-napitek-s-kalcijem-barista-spar-1l/p/618504
Spar,bio in druga posebna hrana,vegetarijanski izdelki,646683,"RASTLINSKI PRIPRAVEK, NADOMESTEK SIRA, RIBANI, SPAR VEGGIE, 150G; VEGANEC RIBAN; Kokosova maščoba zunaj EU.","2,79 €",,https://www.spar.si/online/rastlinski-pripravek-nadomestek-sira-ribani-spar-veggie-150g/p/646683
Spar,bio in druga posebna hrana,vegetarijanski izdelki,407541,"BIO SOJIN TOFU, SPAR NATUR*PUR, 250G","1,09 €",,https://www.spar.si/online/bio-sojin-tofu-spar-naturpur-250g/p/407541
Spar,bio in druga posebna hrana,vegetarijanski izdelki,584261,"RASTLINSKI BURGER OKUS PIŠČANEC SPAR BBQ, 2X115G","3,99 €",,https://www.spar.si/online/rastlinski-burger-okus-piscanec-spar-bbq-2x115g/p/584261
Spar,bio in druga posebna hrana,vegetarijanski izdelki,646677,"RASTLINSKI PRIPRAVEK, NADOMESTEK SIRA, V KOSU, SPAR VEGGIE, 150G; VEGANEC V KOSU; Kokosova maščoba zunaj EU.","2,79 €",,https://www.spar.si/online/rastlinski-pripravek-nadomestek-sira-v-kosu-spar-veggie-150g/p/646677
Spar,bio in druga posebna hrana,vegetarijanski izdelki,646683,"RASTLINSKI PRIPRAVEK, NADOMESTEK SIRA, RIBANI, SPAR VEGGIE, 150G; VEGANEC RIBAN; Kokosova maščoba zunaj EU.","2,79 €",,https://www.spar.si/online/rastlinski-pripravek-nadomestek-sira-ribani-spar-veggie-150g/p/646683
Spar,bio in druga posebna hrana,vegetarijanski izdelki,407541,"BIO SOJIN TOFU, SPAR NATUR*PUR, 250G","1,09 €",,https://www.spar.si/online/bio-sojin-tofu-spar-naturpur-250g/p/407541
Spar,bio in druga posebna hrana,vegetarijanski izdelki,584261,"RASTLINSKI BURGER OKUS PIŠČANEC SPAR BBQ, 2X115G","3,99 €",,https://www.spar.si/online/rastlinski-burger-okus-piscanec-spar-bbq-2x115g/p/584261
Spar,bio in druga posebna hrana,vegetarijanski izdelki,600499,"RASTLINSKI BURGER OKUS DIMLJEN SIR IN GOVEDINA, SPAR BBQ, 2X130G","3,99 €",,https://www.spar.si/online/rastlinski-burger-okus-dimljen-sir-in-govedina-spar-bbq-2x130g/p/600499
Spar,bio in druga posebna hrana,vegetarijanski izdelki,608845,"OMAKA GUACAMOLE, SPAR VEGGIE, 150G; SPAR Veggie omaka Guacamole - veganska omaka na osnovi avokada. Omaka bo popestrila vaš piknik, saj se odlično prilega jedem z žara. Kot nepogrešljiv dodatek se...","2,49 €",,https://www.spar.si/online/omaka-guacamole-spar-veggie-150g/p/608845
Spar,bio in druga posebna hrana,vegetarijanski izdelki,436145,"BIO NAMAZ S SONČNIČNIMI SEMENI SPAR VEGGIE, 170G","1,79 €",,https://www.spar.si/online/bio-namaz-s-soncnicnimi-semeni-spar-veggie-170g/p/436145
Spar,bio in druga posebna hrana,vegetarijanski izdelki,436148,"BIO NAMAZ S ČEMAŽEM SPAR VEGGIE, 170G","1,79 €",,https://www.spar.si/online/bio-namaz-s-cemazem-spar-veggie-170g/p/436148
Spar,bio in druga posebna hrana,vegetarijanski izdelki,612572,"NAMAZ HUMUS PIKANT, SPAR VEGGIE BY NENI, 125G","2,59 €",,https://www.spar.si/online/namaz-humus-pikant-spar-veggie-by-neni-125g/p/612572
Spar,bio in druga posebna hrana,vegetarijanski izdelki,637711,"VEGANSKA FRANCOSKA SOLATA, SPAR VEGGIE, 250G","2,49 €",,https://www.spar.si/online/veganska-francoska-solata-spar-veggie-250g/p/637711
Spar,bio in druga posebna hrana,vegetarijanski izdelki,618504,"SOJIN NAPITEK S KALCIJEM BARISTA, SPAR, 1L; Brez dodanih sladkorjev. Vsebuje naravno prisotne sladkorje.","1,99 €",,https://www.spar.si/online/sojin-napitek-s-kalcijem-barista-spar-1l/p/618504
Spar,bio in druga posebna hrana,vegetarijanski izdelki,639864,"VEGANSKI SOJIN PRIPRAVEK NA NAČIN TUNINE Z DEVIŠKIM OLJČNIM OLJEM (10%), SPAR VEGGIE, 150G","2,99 €",,https://www.spar.si/online/veganski-sojin-pripravek-na-nacin-tunine-z-deviskim-oljcnim-oljem-10-spar-veggie-150g/p/639864
Spar,bio in druga posebna hrana,vegetarijanski izdelki,427070,"VEGANSKI SOJIN NAPITEK Z DODANIM KALCIJEM IN VITAMINI E, B2 IN B12, SPAR VEGGIE, 1L; Izdelano iz gensko nespremenjenih sojinih zrn, pridelanih v skladu z avstrijskim Kodeksom o živilih-Richtlinie BMGFJ-75210/0014-IV/7 2007 z dne 6. 12. 2007. Cer...","1,09 €",,https://www.spar.si/online/veganski-sojin-napitek-z-dodanim-kalcijem-in-vitamini-e-b2-in-b12-spar-veggie-1l/p/427070
Spar,bio in druga posebna hrana,vegetarijanski izdelki,639856,"PIKANTNA ZELENJAVNA SOLATA Z VEGANSKIM SOJINIM PRIPRAVKOM NA NAČIN TUNINE, SPAR VEGGIE,160G","2,99 €",,https://www.spar.si/online/pikantna-zelenjavna-solata-z-veganskim-sojinim-pripravkom-na-nacin-tunine-spar-veggie160g/p/639856
Spar,bio in druga posebna hrana,vegetarijanski izdelki,619350,"BIO VEGANSKI SOJINI KOŠČKI, SPAR VEGGIE, 150G; Krušne enote 1,2 BE na 100 g suhih koščkov.","1,79 €",,https://www.spar.si/online/bio-veganski-sojini-koscki-spar-veggie-150g/p/619350
Spar,bio in druga posebna hrana,vegetarijanski izdelki,508327,"MANDLJEV NAPITEK SPAR VEGGIE, 1L","1,79 €",,https://www.spar.si/online/mandljev-napitek-spar-veggie-1l/p/508327
Spar,bio in druga posebna hrana,vegetarijanski izdelki,436145,"BIO NAMAZ S SONČNIČNIMI SEMENI SPAR VEGGIE, 170G","1,79 €",,https://www.spar.si/online/bio-namaz-s-soncnicnimi-semeni-spar-veggie-170g/p/436145
Spar,bio in druga posebna hrana,vegetarijanski izdelki,436115,"SOJIN TOFU, SPAR VEGGIE, 250G","1,56 €",,https://www.spar.si/online/sojin-tofu-spar-veggie-250g/p/436115
Spar,bio in druga posebna hrana,vegetarijanski izdelki,502305,"FALAFEL SPAR VEGGIE BY NENI, 100G","2,59 €",,https://www.spar.si/online/falafel-spar-veggie-by-neni-100g/p/502305
Spar,bio in druga posebna hrana,vegetarijanski izdelki,436118,"SEITAN, SPAR VEGGIE, 250G, 3/1","2,19 €",,https://www.spar.si/online/seitan-spar-veggie-250g-31/p/436118
Spar,bio in druga posebna hrana,diabeticni in dieteticni izdelki,650726,"BIO MANDLJEV NAPITEK, SPAR, 1L","1,69 €",,https://www.spar.si/online/bio-mandljev-napitek-spar-1l/p/650726
Spar,bio in druga posebna hrana,diabeticni in dieteticni izdelki,650729,"BIO OVSENI NAPITEK S KAKAVOM, SPAR, 1L","1,69 €",,https://www.spar.si/online/bio-ovseni-napitek-s-kakavom-spar-1l/p/650729
Spar,bio in druga posebna hrana,diabeticni in dieteticni izdelki,650731,"BIO RIŽEV NAPITEK, SPAR, 1L","1,19 €",,https://www.spar.si/online/bio-rizev-napitek-spar-1l/p/650731
Spar,bio in druga posebna hrana,diabeticni in dieteticni izdelki,575103,"KOKOSOVA TEKOČINA, SPAR, 330ML","1,29 €",,https://www.spar.si/online/kokosova-tekocina-spar-330ml/p/575103
Spar,bio in druga posebna hrana,diabeticni in dieteticni izdelki,580424,"KOKOSOVA TEKOČINA, SPAR, 1L","2,99 €",,https://www.spar.si/online/kokosova-tekocina-spar-1l/p/580424
Spar,bio in druga posebna hrana,diabeticni in dieteticni izdelki,650726,"BIO MANDLJEV NAPITEK, SPAR, 1L","1,69 €",,https://www.spar.si/online/bio-mandljev-napitek-spar-1l/p/650726
Spar,bio in druga posebna hrana,diabeticni in dieteticni izdelki,650729,"BIO OVSENI NAPITEK S KAKAVOM, SPAR, 1L","1,69 €",,https://www.spar.si/online/bio-ovseni-napitek-s-kakavom-spar-1l/p/650729
Spar,bio in druga posebna hrana,diabeticni in dieteticni izdelki,650731,"BIO RIŽEV NAPITEK, SPAR, 1L","1,19 €",,https://www.spar.si/online/bio-rizev-napitek-spar-1l/p/650731
Spar,bio in druga posebna hrana,diabeticni in dieteticni izdelki,575103,"KOKOSOVA TEKOČINA, SPAR, 330ML","1,29 €",,https://www.spar.si/online/kokosova-tekocina-spar-330ml/p/575103
Spar,bio in druga posebna hrana,diabeticni in dieteticni izdelki,580424,"KOKOSOVA TEKOČINA, SPAR, 1L","2,99 €",,https://www.spar.si/online/kokosova-tekocina-spar-1l/p/580424
Spar,bio in druga posebna hrana,diabeticni in dieteticni izdelki,534587,"BIO AGAVIN SIRUP, SPAR NATUR*PUR, 1KG; Agavin zgoščeni sok pridobivajo in mehiške rastline agave in je alternativa običajnemu sladkorju. Sok je slajši kot sladkor (100 g soka ustreza ca. 125 g sladko...","7,29 €",,https://www.spar.si/online/bio-agavin-sirup-spar-naturpur-1kg/p/534587
Spar,bio in druga posebna hrana,diabeticni in dieteticni izdelki,649021,"BIO SLADKOR V PRAHU, SPAR NATUR*PUR, 500G","1,79 €",,https://www.spar.si/online/bio-sladkor-v-prahu-spar-naturpur-500g/p/649021
Spar,bio in druga posebna hrana,diabeticni in dieteticni izdelki,413831,"BIO ZGOŠČENI AGAVIN SOK SPAR NATUR*PUR, 350G; Zgoščeni sok je bolj sladek kot sladkor (100g agavinega soka ustreza 125 g sladkorja) in je primeren za sladkanje sadnih solat, sladic, müslijev, prelivov in za...","2,69 €",,https://www.spar.si/online/bio-zgosceni-agavin-sok-spar-naturpur-350g/p/413831
Spar,bio in druga posebna hrana,diabeticni in dieteticni izdelki,361773,"UMETNO SLADILO S-BUDGET, 72G; Sladilo za uporabo v prehrani.; 1 tabletka = 1 kocka sladkorja (4,4 g)","1,69 €",,https://www.spar.si/online/umetno-sladilo-s-budget-72g/p/361773
Spar,bio in druga posebna hrana,diabeticni in dieteticni izdelki,423610,"NARAVNO SLADILO STEVIA SUGAREL, KRÜGER, 200/1; Namizno sladilo Krüger Stevia Sugarel v tabletkah na osnovi steviol glikozidov iz izvlečka listov Stevia Rebaudiana je odlično nadomestilo za sladkor in umetna ...","5,79 €",,https://www.spar.si/online/naravno-sladilo-stevia-sugarel-krger-2001/p/423610
Spar,bio in druga posebna hrana,diabeticni in dieteticni izdelki,579826,"EKSTRA DŽEM ČRNI RIBEZ BREZ DODANIH SLADKORJEV, SOLBAER EASIS, 300G; Easis ekstra džem iz črnega ribeza brez dodanih sladkorjev s sladili. Izdelano iz 40g sadja na 100g izdelka. Neto teža 300g (15 porcij).","3,83 €",,https://www.spar.si/online/ekstra-dzem-crni-ribez-brez-dodanih-sladkorjev-solbaer-easis-300g/p/579826
Spar,bio in druga posebna hrana,diabeticni in dieteticni izdelki,478298,"BIO EKSTRA DŽEM ARONIJA, MEDITERRA, 200G; Aronija ekstra džem, brez dodanega sladkorja, brez umetnih sladil. Priporočamo ga kot namaz ali dodatek jogurtom ali raznim kašam in žitaricam za zajtrk.","4,99 €",,https://www.spar.si/online/bio-ekstra-dzem-aronija-mediterra-200g/p/478298
Spar,bio in druga posebna hrana,diabeticni in dieteticni izdelki,578678,"EKSTRA DŽEM IZ JAGOD BREZ DODANIH SLADKORJEV, JORDBAER EASIS, 300G; Easis ekstra džem iz jagod brez dodanih sladkorjev s sladili. Izdelano iz 50g sadja na 100g izdelka. Neto teža 300g (15 porcij).","3,83 €",,https://www.spar.si/online/ekstra-dzem-iz-jagod-brez-dodanih-sladkorjev-jordbaer-easis-300g/p/578678
Spar,bio in druga posebna hrana,diabeticni in dieteticni izdelki,559560,"KOKOSOVA KREMA SPAR NATUR*PUR, 400G; Odličen kot dodatek kosmičem ali smoothijem oziroma za kuhanje in pečenje.","1,79 €",,https://www.spar.si/online/kokosova-krema-spar-naturpur-400g/p/559560
Spar,bio in druga posebna hrana,diabeticni in dieteticni izdelki,594196,"BIO OVSENA KREMA, SPAR NATUR*PUR, 400G; Brez laktoze. Brez dodanega sladkorja. Vsebuje naravno prisotne sladkorje.","1,79 €",,https://www.spar.si/online/bio-ovsena-krema-spar-naturpur-400g/p/594196
Spar,bio in druga posebna hrana,diabeticni in dieteticni izdelki,580595,"HRUSTLJAV PRIGRIZEK SEZAMOVA IN LANENA SEMENA, SPAR PREMIUM, 85G; Z 29% semen belega sezama in lana za boljši okus. Odlično za vse, ki za svoj jedilnik izbirajo živila z visoko vsebnostjo beljakovin.","1,59 €",,https://www.spar.si/online/hrustljav-prigrizek-sezamova-in-lanena-semena-spar-premium-85g/p/580595
Spar,bio in druga posebna hrana,diabeticni in dieteticni izdelki,580593,"HRUSTLJAVI PRIGRIZEK ROŽMARIN IN MORSKA SOL, SPAR PREMIUM, 110G; Polnozrnati prigrizek po mediteransko, z okusom ¨po poletju¨. Z aromatičnim rožmarinom in naravno morsko soljo.","1,59 €",,https://www.spar.si/online/hrustljavi-prigrizek-rozmarin-in-morska-sol-spar-premium-110g/p/580593
Spar,bio in druga posebna hrana,diabeticni in dieteticni izdelki,633065,"VEGANSKI KOLAČKI MUFFINS ČOKOLADA IN STRACCIATELLA, SPAR VEGGIE, 4/1, 360G","2,99 €",,https://www.spar.si/online/veganski-kolacki-muffins-cokolada-in-stracciatella-spar-veggie-41-360g/p/633065
Spar,bio in druga posebna hrana,prehranska dopolnila,619938,"BELJAKOVINSKA REZINA PROTEIN SLANA KARAMELA SPORT, FRUTABELA 40G; Proizvod je beljakovinska rezina z rastlinskimi beljakovinami in okusom slane karamele, ki je oblita s kakavovim oblivom. Obogatena je z vitamini.; Ima visok...","1,58 €",,https://www.spar.si/online/beljakovinska-rezina-protein-slana-karamela-sport-frutabela-40g/p/619938
Spar,bio in druga posebna hrana,prehranska dopolnila,461208,"PREHRANSKO DOPOLNILO PROPOLIS FORTE, MEDEX, 18/1, 36G, PASTILE; S pastilami Propolis forte boste odkrili skrivnost čebel, ki pomaga ohranjati čebeljo vrsto že 45 milijonov let. Beseda propolis izhaja iz grščine: ¨Pro¨ pomeni...","8,49 €",,https://www.spar.si/online/prehransko-dopolnilo-propolis-forte-medex-181-36g-pastile/p/461208
Spar,bio in druga posebna hrana,prehranska dopolnila,613918,"OMEGA-3 OLJE KIDS, NORSAN, 150ML","22,99 €",,https://www.spar.si/online/omega-3-olje-kids-norsan-150ml/p/613918
Spar,bio in druga posebna hrana,prehranska dopolnila,576226,"PROTEINSKA PLOŠČICA ČRNI RIBEZ IN BRUSNICA PROTEIN BAR, PROTEINI.SI, 55G; Beljakovinska ploščica s sladili. Zgrabite Proteini.si Protein Bar ploščico za hiter zajtrk, kot prigrizek med posameznimi obroki, ali po telesni aktivnosti, na...","1,49 €",,https://www.spar.si/online/proteinska-ploscica-crni-ribez-in-brusnica-protein-bar-proteinisi-55g/p/576226
Spar,bio in druga posebna hrana,prehranska dopolnila,502699,"PREHRANSKO DOPOLNILO, TABLETE, MAGNEZIJ 400 + B1 + B6 + B12 + FOLNA KISLINA, DOPPELHERZ, AKTIV, 30/1; Tablete z magnezijem in B vitamini. Prehransko dopolnilo. Za mišice, živce in energijski metabolizem. Samo 1x dnevno! Brez laktoze in glutena.; ; Dnevni izz...","7,68 €",,https://www.spar.si/online/prehransko-dopolnilo-tablete-magnezij-400-b1-b6-b12-folna-kislina-doppelherz-aktiv-301/p/502699
Spar,bio in druga posebna hrana,prehranska dopolnila,461208,"PREHRANSKO DOPOLNILO PROPOLIS FORTE, MEDEX, 18/1, 36G, PASTILE; S pastilami Propolis forte boste odkrili skrivnost čebel, ki pomaga ohranjati čebeljo vrsto že 45 milijonov let. Beseda propolis izhaja iz grščine: ¨Pro¨ pomeni...","8,49 €",,https://www.spar.si/online/prehransko-dopolnilo-propolis-forte-medex-181-36g-pastile/p/461208
Spar,bio in druga posebna hrana,prehranska dopolnila,613918,"OMEGA-3 OLJE KIDS, NORSAN, 150ML","22,99 €",,https://www.spar.si/online/omega-3-olje-kids-norsan-150ml/p/613918
Spar,bio in druga posebna hrana,prehranska dopolnila,612060,"KOLAGEN S HIALURONOM IN VITAMINOM C BEAUTY KOLAGEN, NATURE´S FINEST, 150G; Kolagen s Hialuronsko kislino in koencimom Q10.; - Formula s 3v1 delovanjem; - Kožo nahrani, hidrira in preprečuje nastanek gubic; - Skrbi za zdravje kože...","15,59 €",,https://www.spar.si/online/kolagen-s-hialuronom-in-vitaminom-c-beauty-kolagen-natures-finest-150g/p/612060
Spar,bio in druga posebna hrana,prehranska dopolnila,613914,"OMEGA 3 KAPSULE, NORSAN, 120/1","29,99 €",,https://www.spar.si/online/omega-3-kapsule-norsan-1201/p/613914
Spar,bio in druga posebna hrana,prehranska dopolnila,464641,"INDIJSKI TRPOTEC, LUŠČINE, NATURGANIK, 100G","4,29 €",,https://www.spar.si/online/indijski-trpotec-luscine-naturganik-100g/p/464641
Spar,bio in druga posebna hrana,prehranska dopolnila,644612,"PREHRANSKO DOPOLNILO, VITAMINSKI BOMBONI ZA OTROKE, ORSOVIT, 60/1, 108G; Orsovit je prehransko dopolnilo, namenjeno otrokom, na osnovi Vitaminov A, D, E, C, niacina, biotina, vitamina B12, B6 ter folne kisline, v obliki mehkih bonbo...","10,99 €",,https://www.spar.si/online/prehransko-dopolnilo-vitaminski-bomboni-za-otroke-orsovit-601-108g/p/644612
Spar,bio in druga posebna hrana,prehranska dopolnila,542814,"PREHRANSKO DOPOLNILO SPORT DIREKT, DOPPELHERZ AKTIV, 20/1; Kombinacija izbranih mineralov in vitaminov za športnike in druge aktivne ljudi. Za zaužitje ne potrebujete tekočine, zato je izdelek zelo primeren tudi za na p...","9,99 €",,https://www.spar.si/online/prehransko-dopolnilo-sport-direkt-doppelherz-aktiv-201/p/542814
Spar,bio in druga posebna hrana,prehranska dopolnila,639251,"MAGNEZIJ ZA NOČ 500 DEPO, DOPPELHERZ AKTIV, 30 TABLET, 43,8G; 500 mg magnezija + melisa + eterično olje sivke; Tablete z magnezijem za sproščene mišice ponoči.; Prehransko dopolnilo. 1x dnevno. Podaljšano sproščanje.<...","9,99 €",,https://www.spar.si/online/magnezij-za-noc-500-depo-doppelherz-aktiv-30-tablet-438g/p/639251
Spar,bio in druga posebna hrana,prehranska dopolnila,622982,"PREHRANSKO DOPOLNILO V TEKOČINI IMMUNE SHOT, NUTRALUX, 500ML","19,43 €","REDNA CENA 29,90 €",https://www.spar.si/online/prehransko-dopolnilo-v-tekocini-immune-shot-nutralux-500ml/p/622982
Spar,bio in druga posebna hrana,prehranska dopolnila,502698,"PREHRANSKO DOPOLNILO, TABLETE, A-Ž DEPO, DOPPELHERZ, AKTIV, 40/1; Tablete z vitamini, minerali, elementi v sledovih in luteinom. 1x dnevno. Prehransko dopolnilo. Podaljšano sproščanje.; ; Uživanje zadostne količine vitamin...","9,99 €",,https://www.spar.si/online/prehransko-dopolnilo-tablete-a-z-depo-doppelherz-aktiv-401/p/502698
Spar,bio in druga posebna hrana,prehranska dopolnila,619938,"BELJAKOVINSKA REZINA PROTEIN SLANA KARAMELA SPORT, FRUTABELA 40G; Proizvod je beljakovinska rezina z rastlinskimi beljakovinami in okusom slane karamele, ki je oblita s kakavovim oblivom. Obogatena je z vitamini.; Ima visok...","1,58 €",,https://www.spar.si/online/beljakovinska-rezina-protein-slana-karamela-sport-frutabela-40g/p/619938
Spar,bio in druga posebna hrana,prehranska dopolnila,576226,"PROTEINSKA PLOŠČICA ČRNI RIBEZ IN BRUSNICA PROTEIN BAR, PROTEINI.SI, 55G; Beljakovinska ploščica s sladili. Zgrabite Proteini.si Protein Bar ploščico za hiter zajtrk, kot prigrizek med posameznimi obroki, ali po telesni aktivnosti, na...","1,49 €",,https://www.spar.si/online/proteinska-ploscica-crni-ribez-in-brusnica-protein-bar-proteinisi-55g/p/576226
Spar,bio in druga posebna hrana,prehranska dopolnila,502699,"PREHRANSKO DOPOLNILO, TABLETE, MAGNEZIJ 400 + B1 + B6 + B12 + FOLNA KISLINA, DOPPELHERZ, AKTIV, 30/1; Tablete z magnezijem in B vitamini. Prehransko dopolnilo. Za mišice, živce in energijski metabolizem. Samo 1x dnevno! Brez laktoze in glutena.; ; Dnevni izz...","7,68 €",,https://www.spar.si/online/prehransko-dopolnilo-tablete-magnezij-400-b1-b6-b12-folna-kislina-doppelherz-aktiv-301/p/502699
Spar,bio in druga posebna hrana,prehranska dopolnila,588923,"PROTEINSKA PLOŠČICA MANGO IN JOGURT, PROTEIN BAR, PROTEINI.SI, 55G; Beljakovinska ploščica s sladili.; Zgrabite Proteini.si Protein Bar ploščico za hiter zajtrk, kot prigrizek med posameznimi obroki, ali po telesni aktivnosti,...","1,49 €",,https://www.spar.si/online/proteinska-ploscica-mango-in-jogurt-protein-bar-proteinisi-55g/p/588923
Spar,bio in druga posebna hrana,prehranska dopolnila,644495,"PROTEINI.SI PROTEIN BAR SPECIAL EDITION, 50G, BANANA - COCONUT; Odlična visoko beljakovinska ploščica; Beljakovine prispevajo k rasti in ohranjanju mišične mase; V slastnih ¨Special edition¨ okusih; Priročen in okusen ...","1,49 €",,https://www.spar.si/online/proteinisi-protein-bar-special-edition-50g-banana-coconut/p/644495
Spar,bio in druga posebna hrana,prehranska dopolnila,464641,"INDIJSKI TRPOTEC, LUŠČINE, NATURGANIK, 100G","4,29 €",,https://www.spar.si/online/indijski-trpotec-luscine-naturganik-100g/p/464641
Spar,bio in druga posebna hrana,prehranska dopolnila,544894,"MEŠANICA SUPERŽIVIL LIVER CLEANSE NATURE´S FINEST, NUTRISSLIM, 125G; ; Naravna mešanica superživil za podporo zdravih jeter.; ; Podpira zdravje jeter; Pripomore k čiščenju in razstrupljanju jeter.; Preprečuje nalaganje...","12,69 €",,https://www.spar.si/online/mesanica-superzivil-liver-cleanse-natures-finest-nutrisslim-125g/p/544894
Spar,bio in druga posebna hrana,prehranska dopolnila,534590,"BIO PSILIJ, INDIJSKI TRPOTEC, SPAR VITAL, 150G","3,89 €",,https://www.spar.si/online/bio-psilij-indijski-trpotec-spar-vital-150g/p/534590
Spar,bio in druga posebna hrana,prehranska dopolnila,518568,"ENEMON SLIM&FIT BANANA S KOŠČKI ČOKOLADE, JATA EMONA, 10/1, 300G; Enemon slim&fit banana s koščki čokolade je nadomestni obrok za nadzor nad telesno težo s sladili. Z visoko vsebnostjo beljakovin, prehranske vlaknine ter dodan...","9,49 €",,https://www.spar.si/online/enemon-slimfit-banana-s-koscki-cokolade-jata-emona-101-300g/p/518568
Spar,bio in druga posebna hrana,prehranska dopolnila,535922,"PREČIŠČENA GLINA V PRAHU, BOLUS, 550G; Pod našimi Alpami se v čisti slovenski zemlji skriva najmočnejše naravno bogastvo, ki ga izkopava že od leta 1950 in skrbno pripravlja družinsko podjetje Bolus....","10,49 €",,https://www.spar.si/online/preciscena-glina-v-prahu-bolus-550g/p/535922
Spar,bio in druga posebna hrana,kuhinje sveta,368723,"KORUZNI TORTILJA ČIPS SIR SPAR, 125G","0,99 €",,https://www.spar.si/online/koruzni-tortilja-cips-sir-spar-125g/p/368723
Spar,bio in druga posebna hrana,kuhinje sveta,534512,"FRANCOSKI SIR BRIE, SPAR, 180G; /","1,56 €","REDNA CENA 1,75 €",https://www.spar.si/online/francoski-sir-brie-spar-180g/p/534512
Spar,bio in druga posebna hrana,kuhinje sveta,503052,"KROMPIR ZA PEČENJE SPAR, 2,5KG","3,49 €",,https://www.spar.si/online/krompir-za-pecenje-spar-25kg/p/503052
Spar,bio in druga posebna hrana,kuhinje sveta,297033,"GRŠKE OLIVE V SLANICI KALAMATA ZOP, SPAR, 500G; Znamenite olive kalamata pridelujejo, gojijo in ročno obirajo ter predelujejo znotraj meja pokrajine MESSINIA, GRČIJA, pod strogo odobrenimi in certificiranimi ...","4,19 €",,https://www.spar.si/online/grske-olive-v-slanici-kalamata-zop-spar-500g/p/297033
Spar,bio in druga posebna hrana,kuhinje sveta,522393,"PRIPRAVEK IZ TOPLJENEGA SIRA FONDUE CLASSIC SPAR, 400G; /","3,59 €","REDNA CENA 4,79 €",https://www.spar.si/online/pripravek-iz-topljenega-sira-fondue-classic-spar-400g/p/522393
Spar,bio in druga posebna hrana,kuhinje sveta,534512,"FRANCOSKI SIR BRIE, SPAR, 180G; /","1,56 €","REDNA CENA 1,75 €",https://www.spar.si/online/francoski-sir-brie-spar-180g/p/534512
Spar,bio in druga posebna hrana,kuhinje sveta,522393,"PRIPRAVEK IZ TOPLJENEGA SIRA FONDUE CLASSIC SPAR, 400G; /","3,59 €","REDNA CENA 4,79 €",https://www.spar.si/online/pripravek-iz-topljenega-sira-fondue-classic-spar-400g/p/522393
Spar,bio in druga posebna hrana,kuhinje sveta,518621,"MINI FRANCOSKI ROGLJIČKI ČOKOLADA IN LEŠNIK, SPAR, 570G","3,79 €",,https://www.spar.si/online/mini-francoski-rogljicki-cokolada-in-lesnik-spar-570g/p/518621
Spar,bio in druga posebna hrana,kuhinje sveta,518619,"MINI FRANCOSKI ROGLJIČKI MARELICA, SPAR, 570G","3,51 €",,https://www.spar.si/online/mini-francoski-rogljicki-marelica-spar-570g/p/518619
Spar,bio in druga posebna hrana,kuhinje sveta,449116,"FRANCOSKI MASLENI ROGLJIČKI, SPAR PREMIUM, 360G; SPAR PREMIUM francoski rogljiček je izdelan po tradicionalni francoski recepturi iz najboljših lokalnih sestavin. Rogljiček vsebuje kar 23 % masla, kateri ima c...","3,19 €","REDNA CENA 4,29 €",https://www.spar.si/online/francoski-masleni-rogljicki-spar-premium-360g/p/449116
Spar,bio in druga posebna hrana,kuhinje sveta,503052,"KROMPIR ZA PEČENJE SPAR, 2,5KG","3,49 €",,https://www.spar.si/online/krompir-za-pecenje-spar-25kg/p/503052
Spar,bio in druga posebna hrana,kuhinje sveta,543001,"KISLO ZELJE, SPAR, 500G","1,49 €",,https://www.spar.si/online/kislo-zelje-spar-500g/p/543001
Spar,bio in druga posebna hrana,kuhinje sveta,543016,"KISLA REPA, SPAR, 500G","1,69 €",,https://www.spar.si/online/kisla-repa-spar-500g/p/543016
Spar,bio in druga posebna hrana,kuhinje sveta,453842,"CMOKI S SLIVOVIM NADEVOM, SPAR, 500G","2,69 €",,https://www.spar.si/online/cmoki-s-slivovim-nadevom-spar-500g/p/453842
Spar,bio in druga posebna hrana,kuhinje sveta,339633,"KISLO ZELJE, SPAR, 1KG","1,89 €",,https://www.spar.si/online/kislo-zelje-spar-1kg/p/339633
Spar,bio in druga posebna hrana,kuhinje sveta,285444,"BLAGI KETCHUP SPAR, 900G","1,79 €",,https://www.spar.si/online/blagi-ketchup-spar-900g/p/285444
Spar,bio in druga posebna hrana,kuhinje sveta,236276,"POMFRIT ZA PRIPRAVO V PEČICI, SPAR, 750G","1,49 €",,https://www.spar.si/online/pomfrit-za-pripravo-v-pecici-spar-750g/p/236276
Spar,bio in druga posebna hrana,kuhinje sveta,246413,"PIŠČANČJE HRENOVKE, SPAR, 210G","1,55 €",,https://www.spar.si/online/piscancje-hrenovke-spar-210g/p/246413
Spar,bio in druga posebna hrana,kuhinje sveta,253755,"POKOVKA LAHKA SPAR, 270G; Vsebnost maščobe za 50% zmanjšana v primerjavi z običajno pokovko (Spar Popcorn Original).","1,04 €",,https://www.spar.si/online/pokovka-lahka-spar-270g/p/253755
Spar,bio in druga posebna hrana,kuhinje sveta,536489,"SIR CHEDDAR SPAR, 200G; /","2,39 €",,https://www.spar.si/online/sir-cheddar-spar-200g/p/536489
Spar,bio in druga posebna hrana,kuhinje sveta,368723,"KORUZNI TORTILJA ČIPS SIR SPAR, 125G","0,99 €",,https://www.spar.si/online/koruzni-tortilja-cips-sir-spar-125g/p/368723
Spar,bio in druga posebna hrana,kuhinje sveta,276026,"OMAKA SALSA GUACAMOLE SPAR, 300G","2,99 €",,https://www.spar.si/online/omaka-salsa-guacamole-spar-300g/p/276026
Spar,bio in druga posebna hrana,kuhinje sveta,500941,"TORTILJE IZ PŠENIČNE IN KORUZNE MOKE SPAR, 8/1, 320G","1,15 €",,https://www.spar.si/online/tortilje-iz-psenicne-in-koruzne-moke-spar-81-320g/p/500941
Spar,bio in druga posebna hrana,kuhinje sveta,368718,"OMAKA SALSA S KISLO SMETANO SPAR, 300G","1,89 €",,https://www.spar.si/online/omaka-salsa-s-kislo-smetano-spar-300g/p/368718
Spar,bio in druga posebna hrana,kuhinje sveta,514148,"PIKANTNA OMAKA S SIROM NACHO, SPAR, 435G","1,89 €",,https://www.spar.si/online/pikantna-omaka-s-sirom-nacho-spar-435g/p/514148
Spar,bio in druga posebna hrana,kuhinje sveta,297033,"GRŠKE OLIVE V SLANICI KALAMATA ZOP, SPAR, 500G; Znamenite olive kalamata pridelujejo, gojijo in ročno obirajo ter predelujejo znotraj meja pokrajine MESSINIA, GRČIJA, pod strogo odobrenimi in certificiranimi ...","4,19 €",,https://www.spar.si/online/grske-olive-v-slanici-kalamata-zop-spar-500g/p/297033
Spar,bio in druga posebna hrana,kuhinje sveta,297034,"GRŠKE OLIVE KALAMATA ZOP V EKSTRA DEVIŠKEM OLJČNEM, SPAR, 460G; Znamenite olive kalamata pridelujejo, gojijo in ročno obirajo ter predelujejo znotraj meja pokrajine MESSINIA, GRČIJA, pod strogo odobrenimi in certificiranimi ...","6,89 €",,https://www.spar.si/online/grske-olive-kalamata-zop-v-ekstra-deviskem-oljcnem-spar-460g/p/297034
Spar,bio in druga posebna hrana,kuhinje sveta,525042,"GRŠKI TIP JOGURTA 10%, SPAR, 1KG","2,89 €",,https://www.spar.si/online/grski-tip-jogurta-10-spar-1kg/p/525042
Spar,bio in druga posebna hrana,kuhinje sveta,384269,"BIO BULGUR, SPAR NATUR*PUR, 500G; Bulgur je kuhana, sušena in grobo mleta durum pšenica v obliki zdroba. Je dobro prebavljiv in hitro pripravljen. Uporabimo ga v sladicah, kot jušno zakuho ali k...","1,26 €",,https://www.spar.si/online/bio-bulgur-spar-naturpur-500g/p/384269
Spar,bio in druga posebna hrana,kuhinje sveta,472312,"BIO SIR FETA, SPAR NATUR*PUR, 150G; /","2,49 €",,https://www.spar.si/online/bio-sir-feta-spar-naturpur-150g/p/472312
Spar,bio in druga posebna hrana,kuhinje sveta,285444,"BLAGI KETCHUP SPAR, 900G","1,79 €",,https://www.spar.si/online/blagi-ketchup-spar-900g/p/285444
Spar,bio in druga posebna hrana,kuhinje sveta,503993,"MEŠANICA ZA PRIPRAVO LAZANJE, SPAR, 75G; Za 3 porcije.","0,89 €",,https://www.spar.si/online/mesanica-za-pripravo-lazanje-spar-75g/p/503993
Spar,bio in druga posebna hrana,kuhinje sveta,474436,"ORIGANO DROBLJEN SPAR, 12G; Povprečna hranilna vrednost na 100g:; Energijska vrednost: 281 kcal/1165 KJ; Maščobe: 3g; od tega nasičene maščobe: 1,2g; Ogljikovi hidrati: 32g; od t...","0,83 €",,https://www.spar.si/online/origano-drobljen-spar-12g/p/474436
Spar,bio in druga posebna hrana,kuhinje sveta,438811,"RUKOLA SPAR, 100G; Sveža, očiščena, oprana.","1,19 €",,https://www.spar.si/online/rukola-spar-100g/p/438811
Spar,bio in druga posebna hrana,kuhinje sveta,419460,"PIZZA Z MOZZARELLO PAOLO´S SPAR, 330G; SPAR Paolo´s Pizza z mozzarello (19,7 %), edamcem (7,3 %) in paradižniki (4,5 %).","1,86 €",,https://www.spar.si/online/pizza-z-mozzarello-paolos-spar-330g/p/419460
Spar,bio in druga posebna hrana,kuhinje sveta,463987,"ZELENJAVNA MEŠANICA ZA VOK SPAR, 750G; *Poskusite tudi druge SPAR-ove okusne zamrznjene vrste zelenjave, npr. naš SPAR brokoli.","3,09 €",,https://www.spar.si/online/zelenjavna-mesanica-za-vok-spar-750g/p/463987
Spar,bio in druga posebna hrana,kuhinje sveta,308711,"BIO RIŽ BASMATI SPAR NATUR*PUR, 500G; Bio Basmati riž: s certifikatom Fairtrade izvira iz pridelave v okviru pravilne trgovine Fairtrade. Fairtrade omogoča bolj pravične pogoje trgovanja za pridelov...","2,68 €",,https://www.spar.si/online/bio-riz-basmati-spar-naturpur-500g/p/308711
Spar,bio in druga posebna hrana,kuhinje sveta,643330,"INSTANT REZANCI Z OKUSOM GOVEDINE, S-BUDGET, 66G","0,99 €",,https://www.spar.si/online/instant-rezanci-z-okusom-govedine-s-budget-66g/p/643330
Spar,bio in druga posebna hrana,kuhinje sveta,643325,"INSTANT REZANCI Z OKUS PIŠČANCA, S-BUGET, 90G","0,65 €",,https://www.spar.si/online/instant-rezanci-z-okus-piscanca-s-buget-90g/p/643325
Spar,bio in druga posebna hrana,kuhinje sveta,643332,"INSTANT REZANCI Z OKUSOM PEKOČEGA PIŠČANCA, S-BUDGET, 70G","0,99 €",,https://www.spar.si/online/instant-rezanci-z-okusom-pekocega-piscanca-s-budget-70g/p/643332
Spar,bio in druga posebna hrana,kuhinje sveta,371542,"SANGRIA DON SIMON, 1,5L, ŠPANIJA; Proizvedeno v Španiji.","2,49 €",,https://www.spar.si/online/sangria-don-simon-15l-spanija/p/371542
Spar,bio in druga posebna hrana,kuhinje sveta,483823,"BIO ČEŠNJEV PARADIŽNIK SPAR NATUR*PUR, 250G","1,99 €",,https://www.spar.si/online/bio-cesnjev-paradiznik-spar-naturpur-250g/p/483823
Spar,bio in druga posebna hrana,kuhinje sveta,423155,"CASTELLANO SPAR PREMIUM, 1KG, (V KOSU); Ovčji sir.","2,60 €",,https://www.spar.si/online/castellano-spar-premium-1kg-v-kosu/p/423155
Spar,bio in druga posebna hrana,kuhinje sveta,419271,"VELIKE KOZICE S-BUDGET, 225G; Gojeno: iz ASC certificiranega ribogojstva: A: Vietnam, B: Ekvador, C:Indija: napisano spodaj. Pri gojenju kozic se ne uporabljajo antibiotiki.","4,99 €",,https://www.spar.si/online/velike-kozice-s-budget-225g/p/419271
Spar,bio in druga posebna hrana,kuhinje sveta,464367,"REPI KOZIC, V OKLEPU, ZAMRZNJENI, COOLHOUSE, C1/AR; Argentinske kozice uživajo svetovni sloves, saj so morske in divje.","10,00 €",,https://www.spar.si/online/repi-kozic-v-oklepu-zamrznjeni-coolhouse-c1ar/p/464367
Spar,zamrznjeni izdelki,sadje in zelenjava,385870,"PASIRANA ŠPINAČA SPAR, 350G; /","0,55 €",,https://www.spar.si/online/pasirana-spinaca-spar-350g/p/385870
Spar,zamrznjeni izdelki,sadje in zelenjava,559369,"KOSTANJEVA KAŠA, NESLADKANA, SPAR, 125G; Brez dodanih sladkoejev. Vsebuje naravno prisotne sladkorje.","2,99 €",,https://www.spar.si/online/kostanjeva-kasa-nesladkana-spar-125g/p/559369
Spar,zamrznjeni izdelki,sadje in zelenjava,639625,"GOZDNI SADEŽI, SPAR, 250G; BREZ DODANIH SLADKORJEV. VSEBUJE NARAVNO PRISOTNE SLADKORJE.","1,55 €",,https://www.spar.si/online/gozdni-sadezi-spar-250g/p/639625
Spar,zamrznjeni izdelki,sadje in zelenjava,413884,"GOZDNE BOROVNICE, SPAR, 200G; Brez dodanih sladkorjev. Vsebuje naravno prisotne sladkorje.","2,25 €",,https://www.spar.si/online/gozdne-borovnice-spar-200g/p/413884
Spar,zamrznjeni izdelki,sadje in zelenjava,624853,"MEŠANICA MANGA IN JAGOD, SPAR, 500G","3,79 €",,https://www.spar.si/online/mesanica-manga-in-jagod-spar-500g/p/624853
Spar,zamrznjeni izdelki,sadje in zelenjava,559369,"KOSTANJEVA KAŠA, NESLADKANA, SPAR, 125G; Brez dodanih sladkoejev. Vsebuje naravno prisotne sladkorje.","2,99 €",,https://www.spar.si/online/kostanjeva-kasa-nesladkana-spar-125g/p/559369
Spar,zamrznjeni izdelki,sadje in zelenjava,639625,"GOZDNI SADEŽI, SPAR, 250G; BREZ DODANIH SLADKORJEV. VSEBUJE NARAVNO PRISOTNE SLADKORJE.","1,55 €",,https://www.spar.si/online/gozdni-sadezi-spar-250g/p/639625
Spar,zamrznjeni izdelki,sadje in zelenjava,413884,"GOZDNE BOROVNICE, SPAR, 200G; Brez dodanih sladkorjev. Vsebuje naravno prisotne sladkorje.","2,25 €",,https://www.spar.si/online/gozdne-borovnice-spar-200g/p/413884
Spar,zamrznjeni izdelki,sadje in zelenjava,624853,"MEŠANICA MANGA IN JAGOD, SPAR, 500G","3,79 €",,https://www.spar.si/online/mesanica-manga-in-jagod-spar-500g/p/624853
Spar,zamrznjeni izdelki,sadje in zelenjava,619538,"VIŠNJE BREZ KOŠČIC, SPAR, 450G","2,49 €",,https://www.spar.si/online/visnje-brez-koscic-spar-450g/p/619538
Spar,zamrznjeni izdelki,sadje in zelenjava,385870,"PASIRANA ŠPINAČA SPAR, 350G; /","0,55 €",,https://www.spar.si/online/pasirana-spinaca-spar-350g/p/385870
Spar,zamrznjeni izdelki,sadje in zelenjava,544480,"KOSTANJEV PIRE, MARONI SPAR, 250G; Kostanjev pire, sladkan, hitro zamrznjen.","2,99 €",,https://www.spar.si/online/kostanjev-pire-maroni-spar-250g/p/544480
Spar,zamrznjeni izdelki,sadje in zelenjava,385869,"KREMNA ŠPINAČA SPAR, 600G; Pakiranje vsebuje 4 porcije.","0,99 €",,https://www.spar.si/online/kremna-spinaca-spar-600g/p/385869
Spar,zamrznjeni izdelki,sadje in zelenjava,596596,"MEŠANICA ZELENJAVE, SPAR, 1KG","2,29 €",,https://www.spar.si/online/mesanica-zelenjave-spar-1kg/p/596596
Spar,zamrznjeni izdelki,sadje in zelenjava,654214,"GOBE MEŠANE, SPAR, 450 G; šampinjoni (Agaricus bisporus) 40%, šitate (Lentinus edodes) 40%, jurčki (Boletus edulis) 10%, lisičke (Cantharellus cibarius) 10%. Lahko vsebuje slediove žvepl...","3,49 €","REDNA CENA 4,99 €",https://www.spar.si/online/gobe-mesane-spar-450-g/p/654214
Spar,zamrznjeni izdelki,mesni in morski izdelki,573771,"PATAGONSKI LIGNJI, SPAR, 360G; /","5,99 €","REDNA CENA 7,79 €",https://www.spar.si/online/patagonski-lignji-spar-360g/p/573771
Spar,zamrznjeni izdelki,mesni in morski izdelki,573773,"JADRANSKE SARDELE BREZ GLAVE, SPAR, 1KG; V lastnem soku pečene sardele; Sestavine za 4 osebe:; - 2 krhlja limone; - 4 stroki česna; - 2 žlici drobtin; - 2 dl olja; - 5 vejic peteršilja; ...","5,25 €",,https://www.spar.si/online/jadranske-sardele-brez-glave-spar-1kg/p/573773
Spar,zamrznjeni izdelki,mesni in morski izdelki,608728,"PIŠČANČJE PALČKE S KORUZNIMI KOSMIČI, SPAR, 250G; Sestavljeno, iz koščkov oblikovano piščančje meso, panirano s koruznimi kosmiči, ocvrto, hitro zamrznjeno.","3,49 €",,https://www.spar.si/online/piscancje-palcke-s-koruznimi-kosmici-spar-250g/p/608728
Spar,zamrznjeni izdelki,mesni in morski izdelki,478096,"ARGENTINSKI OSLIČ FILE, SPAR, 900G","9,69 €",,https://www.spar.si/online/argentinski-oslic-file-spar-900g/p/478096
Spar,zamrznjeni izdelki,mesni in morski izdelki,474376,"ŠARENKA OČIŠČENA, SPAR, 2X250G; Šarenke (Oncorhynchus mykiss) se gojijo v ribnikih naravnega rezervata Furlanija-Julijska krajina (Severna Italija), ki jih napajajo hladne izvirske vode Karnij...","5,99 €",,https://www.spar.si/online/sarenka-ociscena-spar-2x250g/p/474376
Spar,zamrznjeni izdelki,mesni in morski izdelki,608728,"PIŠČANČJE PALČKE S KORUZNIMI KOSMIČI, SPAR, 250G; Sestavljeno, iz koščkov oblikovano piščančje meso, panirano s koruznimi kosmiči, ocvrto, hitro zamrznjeno.","3,49 €",,https://www.spar.si/online/piscancje-palcke-s-koruznimi-kosmici-spar-250g/p/608728
Spar,zamrznjeni izdelki,mesni in morski izdelki,478606,"DUNAJSKI ZREZEK, S-BUDGET, 600G","4,79 €",,https://www.spar.si/online/dunajski-zrezek-s-budget-600g/p/478606
Spar,zamrznjeni izdelki,mesni in morski izdelki,499040,"PANIRANI PIŠČANČJI MEDALJONI, ZAMRZNJENO, S-BUDGET, 750 G; /","4,99 €",,https://www.spar.si/online/panirani-piscancji-medaljoni-zamrznjeno-s-budget-750-g/p/499040
Spar,zamrznjeni izdelki,mesni in morski izdelki,644517,"PEČEN PIŠČANČJI ZREZEK SLIM&FIT, PERUTNINA PTUJ, 500G","6,49 €",,https://www.spar.si/online/pecen-piscancji-zrezek-slimfit-perutnina-ptuj-500g/p/644517
Spar,zamrznjeni izdelki,mesni in morski izdelki,604142,"PIŠČANČJI MEDALJONI, PERUTNINA PTUJ, 400G","5,88 €",,https://www.spar.si/online/piscancji-medaljoni-perutnina-ptuj-400g/p/604142
Spar,zamrznjeni izdelki,mesni in morski izdelki,606938,BURGER CLASSIC,"4,89 €",,https://www.spar.si/online/burger-classic/p/606938
Spar,zamrznjeni izdelki,mesni in morski izdelki,606935,BURGER CLASSIC,"2,49 €",,https://www.spar.si/online/burger-classic/p/606935
Spar,zamrznjeni izdelki,mesni in morski izdelki,635471,"BANJALUČKI ČEVAPČIČI, MESARSTVO OBLAK, 800G","10,99 €",,https://www.spar.si/online/banjalucki-cevapcici-mesarstvo-oblak-800g/p/635471
Spar,zamrznjeni izdelki,mesni in morski izdelki,643316,"ČEVAPČIČI BANJA LUKA, MEZZA HALAL, 730G","13,99 €",,https://www.spar.si/online/cevapcici-banja-luka-mezza-halal-730g/p/643316
Spar,zamrznjeni izdelki,mesni in morski izdelki,635472,ČEVAPČIČI SARAJEVSKI 800G ZM MESARSTVO OBLAK; ČEVAPČIČI SARAJEVSKI 800G ZM MESARSTVO OBLAK,"10,99 €",,https://www.spar.si/online/cevapcici-sarajevski-800g-zm-mesarstvo-oblak/p/635472
Spar,zamrznjeni izdelki,mesni in morski izdelki,573773,"JADRANSKE SARDELE BREZ GLAVE, SPAR, 1KG; V lastnem soku pečene sardele; Sestavine za 4 osebe:; - 2 krhlja limone; - 4 stroki česna; - 2 žlici drobtin; - 2 dl olja; - 5 vejic peteršilja; ...","5,25 €",,https://www.spar.si/online/jadranske-sardele-brez-glave-spar-1kg/p/573773
Spar,zamrznjeni izdelki,mesni in morski izdelki,478096,"ARGENTINSKI OSLIČ FILE, SPAR, 900G","9,69 €",,https://www.spar.si/online/argentinski-oslic-file-spar-900g/p/478096
Spar,zamrznjeni izdelki,mesni in morski izdelki,474376,"ŠARENKA OČIŠČENA, SPAR, 2X250G; Šarenke (Oncorhynchus mykiss) se gojijo v ribnikih naravnega rezervata Furlanija-Julijska krajina (Severna Italija), ki jih napajajo hladne izvirske vode Karnij...","5,99 €",,https://www.spar.si/online/sarenka-ociscena-spar-2x250g/p/474376
Spar,zamrznjeni izdelki,mesni in morski izdelki,653242,"FILEJI RDEČEGA OKUNA S KOŽO IN BREZ KOSTI, SPAR PREMIUM, 250G","6,99 €",,https://www.spar.si/online/fileji-rdecega-okuna-s-kozo-in-brez-kosti-spar-premium-250g/p/653242
Spar,zamrznjeni izdelki,mesni in morski izdelki,641671,"PATAGONSKI LIGNJI, S-BUDGET, 450G; Patagonski ligenj - ulovljeno v južnozahodnem Atlantiku (FAO 41) z vlečnimi mrežami.","6,26 €",,https://www.spar.si/online/patagonski-lignji-s-budget-450g/p/641671
Spar,zamrznjeni izdelki,mesni in morski izdelki,573771,"PATAGONSKI LIGNJI, SPAR, 360G; /","5,99 €","REDNA CENA 7,79 €",https://www.spar.si/online/patagonski-lignji-spar-360g/p/573771
Spar,zamrznjeni izdelki,mesni in morski izdelki,485698,"KOZICE SPAR PREMIUM, 500G; Poreklo: SPAR PREMIUM kozice so gojene v okolju prijaznem ribogojstvu v Vietnamu. Gojene so skladno z dobro ribogojsko prakso (Good Aquaculture practice). Progr...","12,99 €",,https://www.spar.si/online/kozice-spar-premium-500g/p/485698
Spar,zamrznjeni izdelki,mesni in morski izdelki,646287,"MEŠANICA MORSKIH SADEŽEV IN SURIMIJA ZA RIŽOTO, S-BUDGET, 250G; Država porekla: repki kozic (Kitajska, ulovljeno v morju z vlečnimi mrežami, FAO 61), Orjaški lignji (Peru, ulovljeno v morju s trnki in vrvicami, FAO 87), Suri...","2,49 €",,https://www.spar.si/online/mesanica-morskih-sadezev-in-surimija-za-rizoto-s-budget-250g/p/646287
Spar,zamrznjeni izdelki,mesni in morski izdelki,419271,"VELIKE KOZICE S-BUDGET, 225G; Gojeno: iz ASC certificiranega ribogojstva: A: Vietnam, B: Ekvador, C:Indija: napisano spodaj. Pri gojenju kozic se ne uporabljajo antibiotiki.","4,99 €",,https://www.spar.si/online/velike-kozice-s-budget-225g/p/419271
Spar,zamrznjeni izdelki,mesni in morski izdelki,535027,"GAMBERI KOZICE DOBROTE MORJA, KVIBO, 1KG; Značilnost: Kozice gamberi so znane po svojem sladkem okusu in sočni teksturi. Oluščene so, kar olajša pripravo jedi.; Posebnost: Pri teh kozicah posebno pozo...","16,79 €","REDNA CENA 18,69 €",https://www.spar.si/online/gamberi-kozice-dobrote-morja-kvibo-1kg/p/535027
Spar,zamrznjeni izdelki,mesni in morski izdelki,638406,"PANIRANI PIŠČANČJI ZREZKI, S-BUDGET, 900G","7,59 €",,https://www.spar.si/online/panirani-piscancji-zrezki-s-budget-900g/p/638406
Spar,zamrznjeni izdelki,mesni in morski izdelki,636601,"PANIRANI, OCVRTI SIR TRAPIST, S-BUDGET, 450G","4,19 €",,https://www.spar.si/online/panirani-ocvrti-sir-trapist-s-budget-450g/p/636601
Spar,zamrznjeni izdelki,mesni in morski izdelki,610437,"MINI PURANJI ZREZKI, PANIRANI, S-BUDGET, 700G","7,39 €",,https://www.spar.si/online/mini-puranji-zrezki-panirani-s-budget-700g/p/610437
Spar,zamrznjeni izdelki,mesni in morski izdelki,610425,"PANIRANA PIŠČANČJA KRILCA-POLOVIČKE, S KOŽO IN KOSTMI, S-BUDGET, 750G","5,29 €",,https://www.spar.si/online/panirana-piscancja-krilca-polovicke-s-kozo-in-kostmi-s-budget-750g/p/610425
Spar,zamrznjeni izdelki,mesni in morski izdelki,655042,"PIŠČANČJI BURGER, PANIRAN, AMADORI, 280 G","3,49 €",,https://www.spar.si/online/piscancji-burger-paniran-amadori-280-g/p/655042
Spar,zamrznjeni izdelki,sladoledi in sorbeti,636893,"SLADOLED HALF BAKED, SPAR, 465ML","4,99 €",,https://www.spar.si/online/sladoled-half-baked-spar-465ml/p/636893
Spar,zamrznjeni izdelki,sladoledi in sorbeti,632323,"SLADOLED Z OKUSOM JAGODE IN VANILIJE, SPAR, 1L; Krušne enote 2,1BE/100g.","3,69 €",,https://www.spar.si/online/sladoled-z-okusom-jagode-in-vanilije-spar-1l/p/632323
Spar,zamrznjeni izdelki,sladoledi in sorbeti,632324,"SLADOLED Z OKUSOM ČOKOLADE, BREZ LAKTOZE, SPAR, 1L; (Vsebnost laktoze <0,1g/100g); Krušne enote 2BE/100g.","3,69 €",,https://www.spar.si/online/sladoled-z-okusom-cokolade-brez-laktoze-spar-1l/p/632324
Spar,zamrznjeni izdelki,sladoledi in sorbeti,601276,"SMETANOV SLADOLED ITALIJANSKA KREMA, ALL NATURAL, SPAR, 473ML","4,25 €",,https://www.spar.si/online/smetanov-sladoled-italijanska-krema-all-natural-spar-473ml/p/601276
Spar,zamrznjeni izdelki,sladoledi in sorbeti,511732,"SLADOLED 4 OKUSI SPAR, 1650ML; Čokolada, lešnik, bela čokolada, stracciatela.","3,99 €",,https://www.spar.si/online/sladoled-4-okusi-spar-1650ml/p/511732
Spar,zamrznjeni izdelki,sladoledi in sorbeti,636893,"SLADOLED HALF BAKED, SPAR, 465ML","4,99 €",,https://www.spar.si/online/sladoled-half-baked-spar-465ml/p/636893
Spar,zamrznjeni izdelki,sladoledi in sorbeti,632323,"SLADOLED Z OKUSOM JAGODE IN VANILIJE, SPAR, 1L; Krušne enote 2,1BE/100g.","3,69 €",,https://www.spar.si/online/sladoled-z-okusom-jagode-in-vanilije-spar-1l/p/632323
Spar,zamrznjeni izdelki,sladoledi in sorbeti,632324,"SLADOLED Z OKUSOM ČOKOLADE, BREZ LAKTOZE, SPAR, 1L; (Vsebnost laktoze <0,1g/100g); Krušne enote 2BE/100g.","3,69 €",,https://www.spar.si/online/sladoled-z-okusom-cokolade-brez-laktoze-spar-1l/p/632324
Spar,zamrznjeni izdelki,sladoledi in sorbeti,601276,"SMETANOV SLADOLED ITALIJANSKA KREMA, ALL NATURAL, SPAR, 473ML","4,25 €",,https://www.spar.si/online/smetanov-sladoled-italijanska-krema-all-natural-spar-473ml/p/601276
Spar,zamrznjeni izdelki,sladoledi in sorbeti,511732,"SLADOLED 4 OKUSI SPAR, 1650ML; Čokolada, lešnik, bela čokolada, stracciatela.","3,99 €",,https://www.spar.si/online/sladoled-4-okusi-spar-1650ml/p/511732
Spar,zamrznjeni izdelki,testo torte in pecivo,518621,"MINI FRANCOSKI ROGLJIČKI ČOKOLADA IN LEŠNIK, SPAR, 570G","3,79 €",,https://www.spar.si/online/mini-francoski-rogljicki-cokolada-in-lesnik-spar-570g/p/518621
Spar,zamrznjeni izdelki,testo torte in pecivo,518619,"MINI FRANCOSKI ROGLJIČKI MARELICA, SPAR, 570G","3,51 €",,https://www.spar.si/online/mini-francoski-rogljicki-marelica-spar-570g/p/518619
Spar,zamrznjeni izdelki,testo torte in pecivo,437831,"LISTNATO TESTO, SPAR, 500G","2,09 €",,https://www.spar.si/online/listnato-testo-spar-500g/p/437831
Spar,zamrznjeni izdelki,testo torte in pecivo,561523,"SKUTNI ŠTRUKLJI SPAR, 750G; Hitro zamrznjeni izdelek iz testa s skutnim nadevom.","4,09 €",,https://www.spar.si/online/skutni-struklji-spar-750g/p/561523
Spar,zamrznjeni izdelki,testo torte in pecivo,589368,"MINI FRANCOSKI ROGLJIČKI DVOBARVNI, SPAR, 570G","5,49 €",,https://www.spar.si/online/mini-francoski-rogljicki-dvobarvni-spar-570g/p/589368
Spar,zamrznjeni izdelki,testo torte in pecivo,437831,"LISTNATO TESTO, SPAR, 500G","2,09 €",,https://www.spar.si/online/listnato-testo-spar-500g/p/437831
Spar,zamrznjeni izdelki,testo torte in pecivo,640199,"LISNATO TESTO, S-BUDGET, 500G","1,99 €",,https://www.spar.si/online/lisnato-testo-s-budget-500g/p/640199
Spar,zamrznjeni izdelki,testo torte in pecivo,455818,"LISTNATO TESTO, LEDO, 500 G","3,39 €",,https://www.spar.si/online/listnato-testo-ledo-500-g/p/455818
Spar,zamrznjeni izdelki,testo torte in pecivo,394950,"LISTNATO TESTO, BREZ GLUTENA, SCHÄR, 250G","5,39 €",,https://www.spar.si/online/listnato-testo-brez-glutena-schr-250g/p/394950
Spar,zamrznjeni izdelki,testo torte in pecivo,638125,"JABOLČNI ŠTRUDELJ, PEKARNA PEČJAK, 500G; Pečen hitro zamrznjen izdelek iz vlečenega testa z nadevom, ki je primeren za takojšnje uživanje po odtajanju.","3,98 €",,https://www.spar.si/online/jabolcni-strudelj-pekarna-pecjak-500g/p/638125
Spar,zamrznjeni izdelki,testo torte in pecivo,654275,"TIRAMISU CON SAVOIARDI, SPAR PREMIUM, 500G","7,99 €",,https://www.spar.si/online/tiramisu-con-savoiardi-spar-premium-500g/p/654275
Spar,zamrznjeni izdelki,testo torte in pecivo,615338,"TORTA MANGO IN PASIJONKA PREMIUM GOURMET, KARIM MERDJADI IN MLINOTEST, 400G","13,98 €",,https://www.spar.si/online/torta-mango-in-pasijonka-premium-gourmet-karim-merdjadi-in-mlinotest-400g/p/615338
Spar,zamrznjeni izdelki,testo torte in pecivo,615340,"TORTA ČOKOLADA PREMIUM GOURMET, KARIM MERDJADI IN MLINOTEST, 400G","14,99 €",,https://www.spar.si/online/torta-cokolada-premium-gourmet-karim-merdjadi-in-mlinotest-400g/p/615340
Spar,zamrznjeni izdelki,testo torte in pecivo,653573,"PROFITEROLE, DESPAR PREMIUM, 400G","4,49 €","REDNA CENA 5,99 €",https://www.spar.si/online/profiterole-despar-premium-400g/p/653573
Spar,zamrznjeni izdelki,testo torte in pecivo,595565,"ČOKOLADNI NARASTEK LEŠNIK, SOULFLÉ, 2/1, 200G","5,55 €",,https://www.spar.si/online/cokoladni-narastek-lesnik-soulfl-21-200g/p/595565
Spar,zamrznjeni izdelki,testo torte in pecivo,518621,"MINI FRANCOSKI ROGLJIČKI ČOKOLADA IN LEŠNIK, SPAR, 570G","3,79 €",,https://www.spar.si/online/mini-francoski-rogljicki-cokolada-in-lesnik-spar-570g/p/518621
Spar,zamrznjeni izdelki,testo torte in pecivo,518619,"MINI FRANCOSKI ROGLJIČKI MARELICA, SPAR, 570G","3,51 €",,https://www.spar.si/online/mini-francoski-rogljicki-marelica-spar-570g/p/518619
Spar,zamrznjeni izdelki,testo torte in pecivo,589368,"MINI FRANCOSKI ROGLJIČKI DVOBARVNI, SPAR, 570G","5,49 €",,https://www.spar.si/online/mini-francoski-rogljicki-dvobarvni-spar-570g/p/589368
Spar,zamrznjeni izdelki,testo torte in pecivo,531676,SPAR PREMIUM ROGLJIČ 50G; Sveže pečeno v trgovini.,"0,52 €","REDNA CENA 0,65 €",https://www.spar.si/online/spar-premium-rogljic-50g/p/531676
Spar,zamrznjeni izdelki,testo torte in pecivo,449116,"FRANCOSKI MASLENI ROGLJIČKI, SPAR PREMIUM, 360G; SPAR PREMIUM francoski rogljiček je izdelan po tradicionalni francoski recepturi iz najboljših lokalnih sestavin. Rogljiček vsebuje kar 23 % masla, kateri ima c...","3,19 €","REDNA CENA 4,29 €",https://www.spar.si/online/francoski-masleni-rogljicki-spar-premium-360g/p/449116
Spar,zamrznjeni izdelki,testo torte in pecivo,561523,"SKUTNI ŠTRUKLJI SPAR, 750G; Hitro zamrznjeni izdelek iz testa s skutnim nadevom.","4,09 €",,https://www.spar.si/online/skutni-struklji-spar-750g/p/561523
Spar,zamrznjeni izdelki,testo torte in pecivo,655009,"PREDPEČEN CARSKI PRAŽENEC, S-BUDGET, 600G","2,99 €",,https://www.spar.si/online/predpecen-carski-prazenec-s-budget-600g/p/655009
Spar,zamrznjeni izdelki,testo torte in pecivo,133760,"ZAGORSKI ŠTRUKLJI, LEDO, 600G","5,78 €",,https://www.spar.si/online/zagorski-struklji-ledo-600g/p/133760
Spar,zamrznjeni izdelki,testo torte in pecivo,639617,"SKUTNI DOMAČI ŠTRUKLJI, ZLATO POLJE, 400G; SIMPL KUHARIJE iz Žita; Začetki segajo v leto 1976, ko so Pekarne Ljubljana kot prve na slovenskih tleh začele s pripravo zamrznjene hrane. Lastne recepture p...","4,65 €","REDNA CENA 5,48 €",https://www.spar.si/online/skutni-domaci-struklji-zlato-polje-400g/p/639617
Spar,zamrznjeni izdelki,testo torte in pecivo,574362,"ZAGORSKI ŠTRUKLJI, FROZY, 540G","4,59 €",,https://www.spar.si/online/zagorski-struklji-frozy-540g/p/574362
Spar,zamrznjeni izdelki,pizze baguette krompircek,648323,"KROMPIR REŠETKASTI PIKANT ZA PEČICO, SPAR, 600G","2,89 €",,https://www.spar.si/online/krompir-resetkasti-pikant-za-pecico-spar-600g/p/648323
Spar,zamrznjeni izdelki,pizze baguette krompircek,492426,"KROMPIRJEVI KRHLJI, ZAČINJENI, SPAR, 750G; /","1,99 €",,https://www.spar.si/online/krompirjevi-krhlji-zacinjeni-spar-750g/p/492426
Spar,zamrznjeni izdelki,pizze baguette krompircek,419458,"PIZZA S SALAMO PAOLO´S SPAR, 320G; Pizza s salamo (12, 5 %), edamec (7,5 %) in mozzarello (7,5 %).","1,68 €",,https://www.spar.si/online/pizza-s-salamo-paolos-spar-320g/p/419458
Spar,zamrznjeni izdelki,pizze baguette krompircek,236276,"POMFRIT ZA PRIPRAVO V PEČICI, SPAR, 750G","1,49 €",,https://www.spar.si/online/pomfrit-za-pripravo-v-pecici-spar-750g/p/236276
Spar,zamrznjeni izdelki,pizze baguette krompircek,419464,"PIZZA S KUHANO ŠUNKO PAOLO´S SPAR, 330G; SPAR Paolo´s Pizza s kuhano šunko (13,9 %), edamcem (7 %) in mozzarello (7 %).","1,99 €",,https://www.spar.si/online/pizza-s-kuhano-sunko-paolos-spar-330g/p/419464
Spar,zamrznjeni izdelki,pizze baguette krompircek,419458,"PIZZA S SALAMO PAOLO´S SPAR, 320G; Pizza s salamo (12, 5 %), edamec (7,5 %) in mozzarello (7,5 %).","1,68 €",,https://www.spar.si/online/pizza-s-salamo-paolos-spar-320g/p/419458
Spar,zamrznjeni izdelki,pizze baguette krompircek,419464,"PIZZA S KUHANO ŠUNKO PAOLO´S SPAR, 330G; SPAR Paolo´s Pizza s kuhano šunko (13,9 %), edamcem (7 %) in mozzarello (7 %).","1,99 €",,https://www.spar.si/online/pizza-s-kuhano-sunko-paolos-spar-330g/p/419464
Spar,zamrznjeni izdelki,pizze baguette krompircek,419460,"PIZZA Z MOZZARELLO PAOLO´S SPAR, 330G; SPAR Paolo´s Pizza z mozzarello (19,7 %), edamcem (7,3 %) in paradižniki (4,5 %).","1,86 €",,https://www.spar.si/online/pizza-z-mozzarello-paolos-spar-330g/p/419460
Spar,zamrznjeni izdelki,pizze baguette krompircek,640658,"BIO PIZZA S PARADIŽNIKOVO OMAKO, MOZZARELLO IN BAZILIKO, SPAR NATUR*PUR, 325G","4,19 €",,https://www.spar.si/online/bio-pizza-s-paradiznikovo-omako-mozzarello-in-baziliko-spar-naturpur-325g/p/640658
Spar,zamrznjeni izdelki,pizze baguette krompircek,524120,"MINI PIZZA SALAMA DESPAR, 9X30G; /","2,24 €",,https://www.spar.si/online/mini-pizza-salama-despar-9x30g/p/524120
Spar,zamrznjeni izdelki,pizze baguette krompircek,648323,"KROMPIR REŠETKASTI PIKANT ZA PEČICO, SPAR, 600G","2,89 €",,https://www.spar.si/online/krompir-resetkasti-pikant-za-pecico-spar-600g/p/648323
Spar,zamrznjeni izdelki,pizze baguette krompircek,492426,"KROMPIRJEVI KRHLJI, ZAČINJENI, SPAR, 750G; /","1,99 €",,https://www.spar.si/online/krompirjevi-krhlji-zacinjeni-spar-750g/p/492426
Spar,zamrznjeni izdelki,pizze baguette krompircek,236276,"POMFRIT ZA PRIPRAVO V PEČICI, SPAR, 750G","1,49 €",,https://www.spar.si/online/pomfrit-za-pripravo-v-pecici-spar-750g/p/236276
Spar,zamrznjeni izdelki,pizze baguette krompircek,589367,"KROMPIRJEVI SVALJKI S SKUTO, SPAR, 750G; SPAR krompirjevi svaljki s skuto vsebujejo 15 % krompirja in 10 % skute. Svaljki se izvrstno podajo kot priloga k golažu, svinjski pečenki ali govejim zrezkom v...","3,89 €",,https://www.spar.si/online/krompirjevi-svaljki-s-skuto-spar-750g/p/589367
Spar,zamrznjeni izdelki,pizze baguette krompircek,640052,"VALOVITI KROMPIRČEK ZA PRIPRAVO V PEČICI, S-BUDGET, 1KG","1,99 €",,https://www.spar.si/online/valoviti-krompircek-za-pripravo-v-pecici-s-budget-1kg/p/640052
Spar,zamrznjeni izdelki,pripravljene jedi,453841,"CMOKI Z JAGODNIM NADEVOM, SPAR, 500G","1,94 €",,https://www.spar.si/online/cmoki-z-jagodnim-nadevom-spar-500g/p/453841
Spar,zamrznjeni izdelki,pripravljene jedi,492426,"KROMPIRJEVI KRHLJI, ZAČINJENI, SPAR, 750G; /","1,99 €",,https://www.spar.si/online/krompirjevi-krhlji-zacinjeni-spar-750g/p/492426
Spar,zamrznjeni izdelki,pripravljene jedi,529243,"PANIRANI SIR CAMEMBERT SPAR, 350G; /","3,75 €",,https://www.spar.si/online/panirani-sir-camembert-spar-350g/p/529243
Spar,zamrznjeni izdelki,pripravljene jedi,534284,"ARGENTINSKI OSLIČ, PANIRAN FILE, SPAR, 1KG","7,98 €",,https://www.spar.si/online/argentinski-oslic-paniran-file-spar-1kg/p/534284
Spar,zamrznjeni izdelki,pripravljene jedi,589367,"KROMPIRJEVI SVALJKI S SKUTO, SPAR, 750G; SPAR krompirjevi svaljki s skuto vsebujejo 15 % krompirja in 10 % skute. Svaljki se izvrstno podajo kot priloga k golažu, svinjski pečenki ali govejim zrezkom v...","3,89 €",,https://www.spar.si/online/krompirjevi-svaljki-s-skuto-spar-750g/p/589367
Spar,zamrznjeni izdelki,pripravljene jedi,657471,"DELNO KUHANE TESTENINE Z OMAKO Z LOSOSOM IN GAMBERI, DESPAR, 550G","3,99 €",,https://www.spar.si/online/delno-kuhane-testenine-z-omako-z-lososom-in-gamberi-despar-550g/p/657471
Spar,zamrznjeni izdelki,pripravljene jedi,657469,"SVEŽE JAJČNE TESTENINE Z OMAKO IZ MORSKIH SADEŽEV, DESPAR, 550G","3,99 €",,https://www.spar.si/online/sveze-jajcne-testenine-z-omako-iz-morskih-sadezev-despar-550g/p/657469
Spar,zamrznjeni izdelki,pripravljene jedi,657470,"JAJČNE TESTENINE S ŠAMPINJONI IN JURČKI, DESPAR, 550G","3,99 €",,https://www.spar.si/online/jajcne-testenine-s-sampinjoni-in-jurcki-despar-550g/p/657470
Spar,zamrznjeni izdelki,pripravljene jedi,657467,"KANELONI Z NADEVOM IZ RIKOTE IN ŠPINAČE, DESPAR, 500G; So polnjene testenine s sirom roccotto in špinačo ter so hitro zamrznjeni. Pakiranje vsebuje 2 porciji. Izdelek pripravimo v mikrovalovni pečici ali v pečici.","3,99 €",,https://www.spar.si/online/kaneloni-z-nadevom-iz-rikote-in-spinace-despar-500g/p/657467
Spar,zamrznjeni izdelki,pripravljene jedi,657466,"NJOKI SORRENTINA, DESPAR, 550G; Njoki sorrentina so krompirjevi njoki s paradižnikovo omako, mozzarelo in baziliko, hitro zamrznjeno. Jed pripravimo; v ponvi ali mikrovalovni pečici.","3,99 €",,https://www.spar.si/online/njoki-sorrentina-despar-550g/p/657466
Spar,zamrznjeni izdelki,pripravljene jedi,529243,"PANIRANI SIR CAMEMBERT SPAR, 350G; /","3,75 €",,https://www.spar.si/online/panirani-sir-camembert-spar-350g/p/529243
Spar,zamrznjeni izdelki,pripravljene jedi,499002,"BUREK S SIROM SPAR, 940G; /","6,59 €",,https://www.spar.si/online/burek-s-sirom-spar-940g/p/499002
Spar,zamrznjeni izdelki,pripravljene jedi,591258,"PANIRANI SIR BRIE Z BRUSNIČNO OMAKO, SPAR, 250G; /","3,75 €",,https://www.spar.si/online/panirani-sir-brie-z-brusnicno-omako-spar-250g/p/591258
Spar,zamrznjeni izdelki,pripravljene jedi,591555,"BUREK S ŠPINAČO IN SIROM, SPAR, 4/1, 560G; /","4,49 €",,https://www.spar.si/online/burek-s-spinaco-in-sirom-spar-41-560g/p/591555
Spar,zamrznjeni izdelki,pripravljene jedi,589369,"BUREK S SKUTO, SPAR, 780G; SPAR skutni burek vsebuje 55 % skutinega nadeva. Pakiran je v priročnem priloženem pladnju, v katerem se burek lahko tudi speče. Skutin burek je vir beljakovi...","4,67 €",,https://www.spar.si/online/burek-s-skuto-spar-780g/p/589369
Spar,zamrznjeni izdelki,pripravljene jedi,534284,"ARGENTINSKI OSLIČ, PANIRAN FILE, SPAR, 1KG","7,98 €",,https://www.spar.si/online/argentinski-oslic-paniran-file-spar-1kg/p/534284
Spar,zamrznjeni izdelki,pripravljene jedi,236288,"RIBJE PALČKE SPAR, 15/1, 450G; Ribolovno območje: aljaški polak (Theragra chalcogramma), ulovljen z vlečnimi mrežami v A) Severozahodni Pacifik (FAO 61) ali v B) Severovzhodni Pacifik (FAO 67...","3,59 €",,https://www.spar.si/online/ribje-palcke-spar-151-450g/p/236288
Spar,zamrznjeni izdelki,pripravljene jedi,656422,"RIBJE PALČKE S-BUDGET, 15/1, 450G","2,29 €",,https://www.spar.si/online/ribje-palcke-s-budget-151-450g/p/656422
Spar,zamrznjeni izdelki,pripravljene jedi,610231,"RIBJE PALČKE FISH FINGERS BREZ GLUTENA, SCHÄR, 300G","9,48 €",,https://www.spar.si/online/ribje-palcke-fish-fingers-brez-glutena-schr-300g/p/610231
Spar,zamrznjeni izdelki,pripravljene jedi,617874,"OSLIČ FILE, PERLA, 500G; Ulovljeno z vlečnimi mrežami v jugozahodnem Atlantiku, cona FAO 41.","9,88 €",,https://www.spar.si/online/oslic-file-perla-500g/p/617874
Spar,zamrznjeni izdelki,pripravljene jedi,453841,"CMOKI Z JAGODNIM NADEVOM, SPAR, 500G","1,94 €",,https://www.spar.si/online/cmoki-z-jagodnim-nadevom-spar-500g/p/453841
Spar,zamrznjeni izdelki,pripravljene jedi,492426,"KROMPIRJEVI KRHLJI, ZAČINJENI, SPAR, 750G; /","1,99 €",,https://www.spar.si/online/krompirjevi-krhlji-zacinjeni-spar-750g/p/492426
Spar,zamrznjeni izdelki,pripravljene jedi,529243,"PANIRANI SIR CAMEMBERT SPAR, 350G; /","3,75 €",,https://www.spar.si/online/panirani-sir-camembert-spar-350g/p/529243
Spar,zamrznjeni izdelki,pripravljene jedi,589367,"KROMPIRJEVI SVALJKI S SKUTO, SPAR, 750G; SPAR krompirjevi svaljki s skuto vsebujejo 15 % krompirja in 10 % skute. Svaljki se izvrstno podajo kot priloga k golažu, svinjski pečenki ali govejim zrezkom v...","3,89 €",,https://www.spar.si/online/krompirjevi-svaljki-s-skuto-spar-750g/p/589367
Spar,zamrznjeni izdelki,pripravljene jedi,499002,"BUREK S SIROM SPAR, 940G; /","6,59 €",,https://www.spar.si/online/burek-s-sirom-spar-940g/p/499002
Spar,sladki in slani prigrizki,cokolada in bonboni,377898,"ČOKOLADNE - LEŠNIKOVE KROGLICE MAGNIFICO, SPAR, 16/1, 200G","2,65 €",,https://www.spar.si/online/cokoladne-lesnikove-kroglice-magnifico-spar-161-200g/p/377898
Spar,sladki in slani prigrizki,cokolada in bonboni,115187,"BONBONI MEDVEDKI, SPAR, 200G","0,99 €",,https://www.spar.si/online/bonboni-medvedki-spar-200g/p/115187
Spar,sladki in slani prigrizki,cokolada in bonboni,334450,"SADNI BONBONI SPAR, 500G; TRDI POLNJENI BONBONI Z OKUSOM SADJA","2,09 €",,https://www.spar.si/online/sadni-bonboni-spar-500g/p/334450
Spar,sladki in slani prigrizki,cokolada in bonboni,128275,"KISLI GUMIJEVI BONBONI PALČKE, SPAR, 200G; SPAR Kisli gumijevi bonboni z okusom sadja.","0,99 €",,https://www.spar.si/online/kisli-gumijevi-bonboni-palcke-spar-200g/p/128275
Spar,sladki in slani prigrizki,cokolada in bonboni,518151,"MEHKI PENASTI BONBONI MARSHMALLOWS, SPAR, 150G; Marshmallows - Mehki penasti bonboni","1,05 €",,https://www.spar.si/online/mehki-penasti-bonboni-marshmallows-spar-150g/p/518151
Spar,sladki in slani prigrizki,cokolada in bonboni,484439,"MLEČNA ČOKOLADA Z RIŽEM SPAR, 200G; SPAR Mlečna čokolada z rižem; Mlečna čokolada z ekspandiranim rižem 16%. Kakavovi deli: najmanj 30%.","2,89 €",,https://www.spar.si/online/mlecna-cokolada-z-rizem-spar-200g/p/484439
Spar,sladki in slani prigrizki,cokolada in bonboni,628945,"TEMNA ČOKOLADA S STEVIO IN BRUSNICAMI, SPAR PREMIUM, 60G; Kakavovi deli: najmanj 86% v čokoladi.; ; - stevia-100% naravno sladilo; - brez dodanega sladkorja*; - iz butične čokoladnice; - ročna izdelava; - m...","3,19 €",,https://www.spar.si/online/temna-cokolada-s-stevio-in-brusnicami-spar-premium-60g/p/628945
Spar,sladki in slani prigrizki,cokolada in bonboni,583939,"ČOKOLADA CELI LEŠNIKI IN KROKANT, SPAR PREMIUM, 180G; SPAR PREMIUM Čokolada s celimi lešniki (23%) in lešnikovim krokantom (6%).; Kakavovi deli: najmanj 44% v čokoladi.","3,49 €",,https://www.spar.si/online/cokolada-celi-lesniki-in-krokant-spar-premium-180g/p/583939
Spar,sladki in slani prigrizki,cokolada in bonboni,482890,"MLEČNA ČOKOLADA S CELIMI LEŠNIKI, SPAR PREMIUM, 180G; SPAR PREMIUM Mlečna čokolada s celimi lešniki (23 %) in lešnikovim krokantom (6 %). Kakavovi deli: najmanj 30 % v čokoladi.","3,49 €",,https://www.spar.si/online/mlecna-cokolada-s-celimi-lesniki-spar-premium-180g/p/482890
Spar,sladki in slani prigrizki,cokolada in bonboni,628944,"TEMNA ČOKOLADA S STEVIO IN MALINAMI, SPAR PREMIUM, 60G; Kakavovo deli: najmanj 86% v čokoladi.; ; - stevia-100% naravno sladilo; - brez dodanega sladkorja*; - iz butične čokoladnice; - ročna izdelava; - m...","3,19 €",,https://www.spar.si/online/temna-cokolada-s-stevio-in-malinami-spar-premium-60g/p/628944
Spar,sladki in slani prigrizki,cokolada in bonboni,377898,"ČOKOLADNE - LEŠNIKOVE KROGLICE MAGNIFICO, SPAR, 16/1, 200G","2,65 €",,https://www.spar.si/online/cokoladne-lesnikove-kroglice-magnifico-spar-161-200g/p/377898
Spar,sladki in slani prigrizki,cokolada in bonboni,549071,"BONBONIERA ČOKOLADNE PRALINE MORSKI SADEŽI, SPAR PREMIUM, 250G; Spar Premium pralineji s kremnim polnilom iz lešnikovega nougata (63%).; Okus, ki se mu ni mogoče upreti. Uživajte v belgijski čokoladi iz najboljših kakavovi...","4,29 €",,https://www.spar.si/online/bonboniera-cokoladne-praline-morski-sadezi-spar-premium-250g/p/549071
Spar,sladki in slani prigrizki,cokolada in bonboni,564049,"BONBONIERA RAFFAELLO, FERRERO, 80G","2,54 €",,https://www.spar.si/online/bonboniera-raffaello-ferrero-80g/p/564049
Spar,sladki in slani prigrizki,cokolada in bonboni,571752,"BONBONIERA PRALINE LEŠNIK, I LOVE MILKA, 110G","3,99 €",,https://www.spar.si/online/bonboniera-praline-lesnik-i-love-milka-110g/p/571752
Spar,sladki in slani prigrizki,cokolada in bonboni,171390,"BONBONIERA ČOKOLADNE MLEČNE KROGLICE LINDOR, LINDT, 200G; Švicarska mlečna čokolada z mehko topljivo sredico (44%).","5,94 €","REDNA CENA 8,49 €",https://www.spar.si/online/bonboniera-cokoladne-mlecne-kroglice-lindor-lindt-200g/p/171390
Spar,sladki in slani prigrizki,cokolada in bonboni,115187,"BONBONI MEDVEDKI, SPAR, 200G","0,99 €",,https://www.spar.si/online/bonboni-medvedki-spar-200g/p/115187
Spar,sladki in slani prigrizki,cokolada in bonboni,334450,"SADNI BONBONI SPAR, 500G; TRDI POLNJENI BONBONI Z OKUSOM SADJA","2,09 €",,https://www.spar.si/online/sadni-bonboni-spar-500g/p/334450
Spar,sladki in slani prigrizki,cokolada in bonboni,128275,"KISLI GUMIJEVI BONBONI PALČKE, SPAR, 200G; SPAR Kisli gumijevi bonboni z okusom sadja.","0,99 €",,https://www.spar.si/online/kisli-gumijevi-bonboni-palcke-spar-200g/p/128275
Spar,sladki in slani prigrizki,cokolada in bonboni,518151,"MEHKI PENASTI BONBONI MARSHMALLOWS, SPAR, 150G; Marshmallows - Mehki penasti bonboni","1,05 €",,https://www.spar.si/online/mehki-penasti-bonboni-marshmallows-spar-150g/p/518151
Spar,sladki in slani prigrizki,cokolada in bonboni,556431,"SADNI ŽELE BONBONI, SPAR, 400G; SADNI ŽELE BONBONI","1,99 €",,https://www.spar.si/online/sadni-zele-bonboni-spar-400g/p/556431
Spar,sladki in slani prigrizki,cokolada in bonboni,380934,"LIZIKA SRČEK, LOVE, ASTRA, 12G; Lizika sadnega okusa v obliki srčka.","0,16 €",,https://www.spar.si/online/lizika-srcek-love-astra-12g/p/380934
Spar,sladki in slani prigrizki,cokolada in bonboni,326003,"LIZIKA SURPRISE, CHUPA CHUPS, 12G","1,18 €","REDNA CENA 1,39 €",https://www.spar.si/online/lizika-surprise-chupa-chups-12g/p/326003
Spar,sladki in slani prigrizki,cokolada in bonboni,326002,"LIZIKA XXL CHUPA CHUPS, 29G","0,68 €",,https://www.spar.si/online/lizika-xxl-chupa-chups-29g/p/326002
Spar,sladki in slani prigrizki,cokolada in bonboni,464759,"SADNA LIZIKA, VELIKA, ASTRA, 26G","0,45 €",,https://www.spar.si/online/sadna-lizika-velika-astra-26g/p/464759
Spar,sladki in slani prigrizki,cokolada in bonboni,587078,"LIZIKA Z OKUSOM MALINE, FOLTIN, 30G","1,29 €",,https://www.spar.si/online/lizika-z-okusom-maline-foltin-30g/p/587078
Spar,sladki in slani prigrizki,keksi in napolitanke,608332,"VAFLJI S KARAMELNIM POLNILOM STROOP WAFELS, SPAR, 400G; SPAR vaflji s karamelnim polnilom. Tradicionalni nizozemski hrustljavi vaflji so narejeni iz dveh tankih slojev pečenega testa, ki sta povezana z okusnim karame...","2,57 €",,https://www.spar.si/online/vaflji-s-karamelnim-polnilom-stroop-wafels-spar-400g/p/608332
Spar,sladki in slani prigrizki,keksi in napolitanke,249944,"BABY PIŠKOTI SPAR, 200G","1,35 €",,https://www.spar.si/online/baby-piskoti-spar-200g/p/249944
Spar,sladki in slani prigrizki,keksi in napolitanke,624920,"NAPOLITANKE S KAKAVOVO KREMO IN KREMO Z OKUSOM MLEKA, SPAR, 800G","2,89 €",,https://www.spar.si/online/napolitanke-s-kakavovo-kremo-in-kremo-z-okusom-mleka-spar-800g/p/624920
Spar,sladki in slani prigrizki,keksi in napolitanke,227049,"MASLENI KEKSI Z MLEČNO ČOKOLADO SPAR, 125G; Kakavovi deli: najmanj 35% v mlečni čokoladi.","1,85 €",,https://www.spar.si/online/masleni-keksi-z-mlecno-cokolado-spar-125g/p/227049
Spar,sladki in slani prigrizki,keksi in napolitanke,291636,"VAFLJI OBLITI Z MLEČNO ČOKOLADO SPAR, 125G; Vafljevo pecivo z mlečno čokolado (26%). Kakavovi deli v mlečni čokoladi: najmanj 30%.","1,39 €",,https://www.spar.si/online/vaflji-obliti-z-mlecno-cokolado-spar-125g/p/291636
Spar,sladki in slani prigrizki,keksi in napolitanke,581625,"FRANCOSKO PECIVO Z MARELIČNIM NADEVOM, SPAR, 450G","5,43 €",,https://www.spar.si/online/francosko-pecivo-z-marelicnim-nadevom-spar-450g/p/581625
Spar,sladki in slani prigrizki,keksi in napolitanke,474396,"PEKOVSKI IZDELEK S KREMNIM POLNILOM IŠLERJI, SPAR, 400G","5,41 €",,https://www.spar.si/online/pekovski-izdelek-s-kremnim-polnilom-islerji-spar-400g/p/474396
Spar,sladki in slani prigrizki,keksi in napolitanke,474384,"FINI PEKOVSKI IZDELEK Z MARELIČNIM POLNILOM SACHER KOCKE, SPAR, 450G","5,49 €",,https://www.spar.si/online/fini-pekovski-izdelek-z-marelicnim-polnilom-sacher-kocke-spar-450g/p/474384
Spar,sladki in slani prigrizki,keksi in napolitanke,613857,"PIŠKOTI LINŠKE OČI Z MARELIČNIM POLNILOM, S-BUDGET, 400G","2,19 €",,https://www.spar.si/online/piskoti-linske-oci-z-marelicnim-polnilom-s-budget-400g/p/613857
Spar,sladki in slani prigrizki,keksi in napolitanke,348938,"DOMAČI PIŠKOTI, S-BUDGET, 1KG","3,49 €",,https://www.spar.si/online/domaci-piskoti-s-budget-1kg/p/348938
Spar,sladki in slani prigrizki,keksi in napolitanke,493947,"PECIVO Z GLAZURO IN MARELIČNIM OKRASOM DESPAR, 200G; GLAZIRANO PECIVO; Listnato testo z glazuro in mareličnim okrasom","1,76 €",,https://www.spar.si/online/pecivo-z-glazuro-in-marelicnim-okrasom-despar-200g/p/493947
Spar,sladki in slani prigrizki,keksi in napolitanke,627382,"PECIVO Z JAGODNIM POLNILOM SOFT CAKES, S-BUDGET, 300G","1,78 €",,https://www.spar.si/online/pecivo-z-jagodnim-polnilom-soft-cakes-s-budget-300g/p/627382
Spar,sladki in slani prigrizki,keksi in napolitanke,634955,"ČAJNO PECIVO S POLNJENJEM IZ FIGE ŠTRUDLA, LASTA, 250G; Okusite mehak keks narejen iz izbranih naravnih sestavin: jajc, masla in mleka najvišje kakovosti. Kar 42 % keksa predstavlja bogato figovo polnilo, z naravnimi...","2,49 €",,https://www.spar.si/online/cajno-pecivo-s-polnjenjem-iz-fige-strudla-lasta-250g/p/634955
Spar,sladki in slani prigrizki,keksi in napolitanke,469432,"ČOKOLADNI BISKVIT S SADNIM ŽELEJEM POMARANČA OBLIT S ČOKOLADO JAFFA, KRAŠ, 155G","1,39 €",,https://www.spar.si/online/cokoladni-biskvit-s-sadnim-zelejem-pomaranca-oblit-s-cokolado-jaffa-kras-155g/p/469432
Spar,sladki in slani prigrizki,keksi in napolitanke,504596,"ČOKOLADNI BISKVIT S SADNIM ŽELEJEM VIŠNJA OBLIT S ČOKOLADO JAFFA CAKES, CRVENKA, 155G","1,39 €",,https://www.spar.si/online/cokoladni-biskvit-s-sadnim-zelejem-visnja-oblit-s-cokolado-jaffa-cakes-crvenka-155g/p/504596
Spar,sladki in slani prigrizki,keksi in napolitanke,576854,"KEKSI PLAZMA KOCKA, BAMBI, 135G","2,79 €",,https://www.spar.si/online/keksi-plazma-kocka-bambi-135g/p/576854
Spar,sladki in slani prigrizki,keksi in napolitanke,227049,"MASLENI KEKSI Z MLEČNO ČOKOLADO SPAR, 125G; Kakavovi deli: najmanj 35% v mlečni čokoladi.","1,85 €",,https://www.spar.si/online/masleni-keksi-z-mlecno-cokolado-spar-125g/p/227049
Spar,sladki in slani prigrizki,keksi in napolitanke,230730,"MASLENI PIŠKOTI S ČOKOLADO SPAR, 125G; Masleni piškoti s čokolado (63%).; Kakavovi deli v čokoladi: najmanj 50%.","1,19 €",,https://www.spar.si/online/masleni-piskoti-s-cokolado-spar-125g/p/230730
Spar,sladki in slani prigrizki,keksi in napolitanke,275985,"BRIZGANO PECIVO OBLITO S ČOKOLADO, SPAR, 175G; Brizgano pecivo z mlečno čokolado (19%).; Kakavovi deli v mlečni čokoladi: najmanj 31%.","1,16 €",,https://www.spar.si/online/brizgano-pecivo-oblito-s-cokolado-spar-175g/p/275985
Spar,sladki in slani prigrizki,keksi in napolitanke,574732,"BIO OVSENI KEKSI Z MLEČNO ČOKOLADO, SPAR NATUR*PUR, 200G; Bio ovseni keksi z mlečno čokolado, iz ekološke pridelave","2,39 €",,https://www.spar.si/online/bio-ovseni-keksi-z-mlecno-cokolado-spar-naturpur-200g/p/574732
Spar,sladki in slani prigrizki,keksi in napolitanke,608332,"VAFLJI S KARAMELNIM POLNILOM STROOP WAFELS, SPAR, 400G; SPAR vaflji s karamelnim polnilom. Tradicionalni nizozemski hrustljavi vaflji so narejeni iz dveh tankih slojev pečenega testa, ki sta povezana z okusnim karame...","2,57 €",,https://www.spar.si/online/vaflji-s-karamelnim-polnilom-stroop-wafels-spar-400g/p/608332
Spar,sladki in slani prigrizki,keksi in napolitanke,624920,"NAPOLITANKE S KAKAVOVO KREMO IN KREMO Z OKUSOM MLEKA, SPAR, 800G","2,89 €",,https://www.spar.si/online/napolitanke-s-kakavovo-kremo-in-kremo-z-okusom-mleka-spar-800g/p/624920
Spar,sladki in slani prigrizki,keksi in napolitanke,291636,"VAFLJI OBLITI Z MLEČNO ČOKOLADO SPAR, 125G; Vafljevo pecivo z mlečno čokolado (26%). Kakavovi deli v mlečni čokoladi: najmanj 30%.","1,39 €",,https://www.spar.si/online/vaflji-obliti-z-mlecno-cokolado-spar-125g/p/291636
Spar,sladki in slani prigrizki,keksi in napolitanke,554608,"MASLENI VAFLJI, SPAR, 250G; Masleni vaflji.","1,99 €",,https://www.spar.si/online/masleni-vaflji-spar-250g/p/554608
Spar,sladki in slani prigrizki,keksi in napolitanke,595642,"VAFLJEVE ROLICE Z LEŠNIKOVO KREMO, S-BUDGET, 400G; Vafljeve rolice polnjene z lešnikovo kremo (70%).","3,39 €",,https://www.spar.si/online/vafljeve-rolice-z-lesnikovo-kremo-s-budget-400g/p/595642
Spar,sladki in slani prigrizki,keksi in napolitanke,235262,"KEKSI PLAZMA, BAMBI, 300G","2,99 €",,https://www.spar.si/online/keksi-plazma-bambi-300g/p/235262
Spar,sladki in slani prigrizki,keksi in napolitanke,249944,"BABY PIŠKOTI SPAR, 200G","1,35 €",,https://www.spar.si/online/baby-piskoti-spar-200g/p/249944
Spar,sladki in slani prigrizki,keksi in napolitanke,606541,"BIO OTROŠKI KORUZNI PRIGRIZEK NATUR, SPAR NATUR*PUR, 30G; Brez dodanega sladkorja, soli, palmovega olja, arom, konzervansov, barvil in ojačevalcev okusa.; Prigrizek je primeren za otroke starejše od 12 mesecev in je ...","0,79 €",,https://www.spar.si/online/bio-otroski-koruzni-prigrizek-natur-spar-naturpur-30g/p/606541
Spar,sladki in slani prigrizki,keksi in napolitanke,606536,"BIO OTROŠKI KORUZNI PRIGRIZEK Z JABOLKI IN JAGODAMI, SPAR NATUR*PUR, 30G; Brez dodanih sladkorjev, vsebuje naravno prisotne sladkorje.; Visoka vsebnost vitamina B1.; Brez dodane soli.","0,99 €",,https://www.spar.si/online/bio-otroski-koruzni-prigrizek-z-jabolki-in-jagodami-spar-naturpur-30g/p/606536
Spar,sladki in slani prigrizki,keksi in napolitanke,626866,"KEKSI KEKSOLINO KAKAO, LINO, 140G; Prepoznan okus Lino Keksolina; Kakovost Baby food; Obogaten z vitamini, kalcijem in železom; Nova podolgovata oblika - prilagojen držanju v rokici","1,89 €",,https://www.spar.si/online/keksi-keksolino-kakao-lino-140g/p/626866
Spar,sladki in slani prigrizki,keksi in napolitanke,331346,"BIO RIŽEVI VAFLJI ČOKOLADA KOKOS SPAR NATUR*PUR, 100G; Kokosovi deli v čokoladi: najmanj 39%. Iz ekološke pridelave.","1,29 €",,https://www.spar.si/online/bio-rizevi-vaflji-cokolada-kokos-spar-naturpur-100g/p/331346
Spar,sladki in slani prigrizki,keksi in napolitanke,331349,"BIO KORUZNI VAFLJI SPAR NATUR*PUR, 110G","0,99 €",,https://www.spar.si/online/bio-koruzni-vaflji-spar-naturpur-110g/p/331349
Spar,sladki in slani prigrizki,keksi in napolitanke,629161,"BIO MINI KORUZNI VAFLJI, SPAR NATUR*PUR, 150G","1,85 €",,https://www.spar.si/online/bio-mini-koruzni-vaflji-spar-naturpur-150g/p/629161
Spar,sladki in slani prigrizki,keksi in napolitanke,554152,"BIO KORUZNI VAFLJI, SPAR NATUR*PUR, 120G","1,49 €",,https://www.spar.si/online/bio-koruzni-vaflji-spar-naturpur-120g/p/554152
Spar,sladki in slani prigrizki,keksi in napolitanke,331347,"BIO RIŽEVI VAFLJI ČOKOLADA SPAR NATUR*PUR, 100G; Kakavovi deli v čokoladi: najmanj 54%.","1,29 €",,https://www.spar.si/online/bio-rizevi-vaflji-cokolada-spar-naturpur-100g/p/331347
Spar,sladki in slani prigrizki,drugi sladki izdelki,298126,"MÜSLI PLOŠČICA MARELICA SPAR, 30G; /","0,35 €",,https://www.spar.si/online/msli-ploscica-marelica-spar-30g/p/298126
Spar,sladki in slani prigrizki,drugi sladki izdelki,298129,"MÜSLI PLOŠČICA JABOLKO SPAR, 30G; /","0,35 €",,https://www.spar.si/online/msli-ploscica-jabolko-spar-30g/p/298129
Spar,sladki in slani prigrizki,drugi sladki izdelki,568483,"MINI ROLADE LEŠNIK, SPAR, 280G","2,45 €",,https://www.spar.si/online/mini-rolade-lesnik-spar-280g/p/568483
Spar,sladki in slani prigrizki,drugi sladki izdelki,568484,"MINI ROLADE VANILIJA, SPAR, 280G","2,45 €",,https://www.spar.si/online/mini-rolade-vanilija-spar-280g/p/568484
Spar,sladki in slani prigrizki,drugi sladki izdelki,443301,"MÜSLI PLOŠČICA KOKOS, SPAR, 6/1, 150G; Žitna ploščica s kokosovimi kosmiči oblita z mlečno čokolado.; Kakavovi deli v čokoladi: najmanj 39 %.","1,39 €",,https://www.spar.si/online/msli-ploscica-kokos-spar-61-150g/p/443301
Spar,sladki in slani prigrizki,drugi sladki izdelki,568483,"MINI ROLADE LEŠNIK, SPAR, 280G","2,45 €",,https://www.spar.si/online/mini-rolade-lesnik-spar-280g/p/568483
Spar,sladki in slani prigrizki,drugi sladki izdelki,568484,"MINI ROLADE VANILIJA, SPAR, 280G","2,45 €",,https://www.spar.si/online/mini-rolade-vanilija-spar-280g/p/568484
Spar,sladki in slani prigrizki,drugi sladki izdelki,539704,"PECIVO Z MLEČNO ČOKOLADO SPAR, 500G; Pecivo s prelivom iz mlečne čokolade (17%).; Kakavovi deli v čokoladi: najmanj 28,5 %","2,29 €",,https://www.spar.si/online/pecivo-z-mlecno-cokolado-spar-500g/p/539704
Spar,sladki in slani prigrizki,drugi sladki izdelki,466226,"MINI ROLADE S ČOKOLADNO KREMO, SPAR, 280G; Mini rolade-polnjen biskvit s čokoladno kremo 20 % in kakavovim oblivom 25 %.","2,45 €",,https://www.spar.si/online/mini-rolade-s-cokoladno-kremo-spar-280g/p/466226
Spar,sladki in slani prigrizki,drugi sladki izdelki,395103,"PECIVO S ČOKOLADNIM PRELIVOM, SPAR, 500G; Pecivo s čokoladnim prelivom (17%); Kakavovi deli v čokoladi: najmanj 46%","1,99 €",,https://www.spar.si/online/pecivo-s-cokoladnim-prelivom-spar-500g/p/395103
Spar,sladki in slani prigrizki,drugi sladki izdelki,547485,"BIO ČOKOLADNI ZAJČEK, SPAR NATUR*PUR, 110G","3,29 €",,https://www.spar.si/online/bio-cokoladni-zajcek-spar-naturpur-110g/p/547485
Spar,sladki in slani prigrizki,drugi sladki izdelki,608354,"BIO KROGLICE IZ DATLJEV, INDIJSKIH OREŠČKOV IN VIŠENJ, SPAR NATUR*PUR, 80G; Bio kroglice iz datljev, indijskih oreščkov in višenj, iz ekološke pridelave.; Visoka vsebnost prehranske vlaknine. Brez dodanih sladkorjev. Vsebuje naravno p...","1,95 €",,https://www.spar.si/online/bio-kroglice-iz-datljev-indijskih-oresckov-in-visenj-spar-naturpur-80g/p/608354
Spar,sladki in slani prigrizki,drugi sladki izdelki,608469,"BIO KROGLICE IZ DATLJEV IN OREŠČKOV V KAKAVU, SPAR NATUR*PUR, 80G; Spar Natur pur bio kroglice iz datljev, oreščkov in povaljane v kakavu, iz ekološke pridelave. Kroglice so narejene iz 66 % datljev, 13 % kakava v prahu, 10 % o...","1,95 €",,https://www.spar.si/online/bio-kroglice-iz-datljev-in-oresckov-v-kakavu-spar-naturpur-80g/p/608469
Spar,sladki in slani prigrizki,drugi sladki izdelki,629516,"BIO INDIJSKI OREŠČKI MALINE IN RDEČI RIBEZ, SPAR NATUR*PUR, 80G","1,99 €",,https://www.spar.si/online/bio-indijski-orescki-maline-in-rdeci-ribez-spar-naturpur-80g/p/629516
Spar,sladki in slani prigrizki,drugi sladki izdelki,505904,"KOLAČ S KANDIRANIMI POMARANČNIMI LUPINAMI, OKRAŠEN S CELIMI MANDLJI, COLOMBA, DESPAR PREMIUM, 1KG","12,59 €",,https://www.spar.si/online/kolac-s-kandiranimi-pomarancnimi-lupinami-okrasen-s-celimi-mandlji-colomba-despar-premium-1kg/p/505904
Spar,sladki in slani prigrizki,drugi sladki izdelki,647916,"DRAŽE ŽVEČILNI GUMI, AIRWAVES BLACKCURRANT, 46/1; Draže žvečilni gumi brez sladkorja, s sladili, z okusom mentola in črnega ribeza.; ; Hranilne vrednosti na 100g: energijska vrednost 629kJ/151kcal; maščobe ...","3,49 €",,https://www.spar.si/online/draze-zvecilni-gumi-airwaves-blackcurrant-461/p/647916
Spar,sladki in slani prigrizki,drugi sladki izdelki,621436,"ŽVEČILNI GUMI BUBBLE FRESH, MENTOS, 60G; Žvečilni gumi Mentos s sadnim okusom vsebuje osvežilno tekoče polnilo, ki trajanje okusa še podaljša. Brez dodanega sladkorja.","2,49 €",,https://www.spar.si/online/zvecilni-gumi-bubble-fresh-mentos-60g/p/621436
Spar,sladki in slani prigrizki,drugi sladki izdelki,524168,"ŽVEČILNI GUMI ČUNGA LUNGA, 100/1, 360G; 100 žvečilnih gumijev v škatli.","3,99 €",,https://www.spar.si/online/zvecilni-gumi-cunga-lunga-1001-360g/p/524168
Spar,sladki in slani prigrizki,drugi sladki izdelki,550321,"ŽVEČILNI GUMI WHITE FRESHMINT, ORBIT, 14G","0,99 €",,https://www.spar.si/online/zvecilni-gumi-white-freshmint-orbit-14g/p/550321
Spar,sladki in slani prigrizki,drugi sladki izdelki,458005,"ŽVEČILNI GUMI EXTREME, AIRWAVES, 60/1, 84G","2,39 €",,https://www.spar.si/online/zvecilni-gumi-extreme-airwaves-601-84g/p/458005
Spar,sladki in slani prigrizki,drugi sladki izdelki,298126,"MÜSLI PLOŠČICA MARELICA SPAR, 30G; /","0,35 €",,https://www.spar.si/online/msli-ploscica-marelica-spar-30g/p/298126
Spar,sladki in slani prigrizki,drugi sladki izdelki,298129,"MÜSLI PLOŠČICA JABOLKO SPAR, 30G; /","0,35 €",,https://www.spar.si/online/msli-ploscica-jabolko-spar-30g/p/298129
Spar,sladki in slani prigrizki,drugi sladki izdelki,443301,"MÜSLI PLOŠČICA KOKOS, SPAR, 6/1, 150G; Žitna ploščica s kokosovimi kosmiči oblita z mlečno čokolado.; Kakavovi deli v čokoladi: najmanj 39 %.","1,39 €",,https://www.spar.si/online/msli-ploscica-kokos-spar-61-150g/p/443301
Spar,sladki in slani prigrizki,drugi sladki izdelki,298117,"MÜSLI PLOŠČICA LEŠNIKI SPAR, 30G; /","0,35 €",,https://www.spar.si/online/msli-ploscica-lesniki-spar-30g/p/298117
Spar,sladki in slani prigrizki,drugi sladki izdelki,298130,"MÜSLI PLOŠČICA MALINA SPAR, 30G; /","0,35 €",,https://www.spar.si/online/msli-ploscica-malina-spar-30g/p/298130
Spar,sladki in slani prigrizki,cips flips slano pecivo in prigrizki,568518,"ČIPS HOT&SPICY, SPAR, 170G","1,74 €",,https://www.spar.si/online/cips-hotspicy-spar-170g/p/568518
Spar,sladki in slani prigrizki,cips flips slano pecivo in prigrizki,327033,"KROMPIRJEVE PALČKE SPAR, 125G","0,77 €",,https://www.spar.si/online/krompirjeve-palcke-spar-125g/p/327033
Spar,sladki in slani prigrizki,cips flips slano pecivo in prigrizki,368723,"KORUZNI TORTILJA ČIPS SIR SPAR, 125G","0,99 €",,https://www.spar.si/online/koruzni-tortilja-cips-sir-spar-125g/p/368723
Spar,sladki in slani prigrizki,cips flips slano pecivo in prigrizki,554311,"ČIPS PAPRIKA, SPAR, 170G","1,74 €",,https://www.spar.si/online/cips-paprika-spar-170g/p/554311
Spar,sladki in slani prigrizki,cips flips slano pecivo in prigrizki,554314,"ČIPS KISLA SMETANA IN ČEBULA, SPAR, 170G","1,64 €",,https://www.spar.si/online/cips-kisla-smetana-in-cebula-spar-170g/p/554314
Spar,sladki in slani prigrizki,cips flips slano pecivo in prigrizki,568518,"ČIPS HOT&SPICY, SPAR, 170G","1,74 €",,https://www.spar.si/online/cips-hotspicy-spar-170g/p/568518
Spar,sladki in slani prigrizki,cips flips slano pecivo in prigrizki,554311,"ČIPS PAPRIKA, SPAR, 170G","1,74 €",,https://www.spar.si/online/cips-paprika-spar-170g/p/554311
Spar,sladki in slani prigrizki,cips flips slano pecivo in prigrizki,554314,"ČIPS KISLA SMETANA IN ČEBULA, SPAR, 170G","1,64 €",,https://www.spar.si/online/cips-kisla-smetana-in-cebula-spar-170g/p/554314
Spar,sladki in slani prigrizki,cips flips slano pecivo in prigrizki,554313,"ČIPS SLANI ORIGINAL, SPAR, 170G","1,64 €",,https://www.spar.si/online/cips-slani-original-spar-170g/p/554313
Spar,sladki in slani prigrizki,cips flips slano pecivo in prigrizki,227036,"REBRASTI ČIPS PAPRIKA SPAR, 150G","0,89 €",,https://www.spar.si/online/rebrasti-cips-paprika-spar-150g/p/227036
Spar,sladki in slani prigrizki,cips flips slano pecivo in prigrizki,507629,"BIO KORUZNI FLIPS PUFULETI, SPAR NATUR*PUR, 80G","0,99 €",,https://www.spar.si/online/bio-koruzni-flips-pufuleti-spar-naturpur-80g/p/507629
Spar,sladki in slani prigrizki,cips flips slano pecivo in prigrizki,364964,"FLIPS CLASSIC S-BUDGET, 200G","0,75 €",,https://www.spar.si/online/flips-classic-s-budget-200g/p/364964
Spar,sladki in slani prigrizki,cips flips slano pecivo in prigrizki,586293,"PRIGRIZEK IZ LEČE Z MORSKO SOLJO, CHIO, 80G","1,99 €",,https://www.spar.si/online/prigrizek-iz-lece-z-morsko-soljo-chio-80g/p/586293
Spar,sladki in slani prigrizki,cips flips slano pecivo in prigrizki,658224,"KROMPIRJEV ČIPS V TULCU Z OKUSOM PAPRIKE POM-BÄR, KELLY´S, 150G","2,99 €",,https://www.spar.si/online/krompirjev-cips-v-tulcu-z-okusom-paprike-pom-br-kellys-150g/p/658224
Spar,sladki in slani prigrizki,cips flips slano pecivo in prigrizki,534633,"KORUZNI FLIPS MINIONS, CHIO, 75G","1,99 €",,https://www.spar.si/online/koruzni-flips-minions-chio-75g/p/534633
Spar,sladki in slani prigrizki,cips flips slano pecivo in prigrizki,327033,"KROMPIRJEVE PALČKE SPAR, 125G","0,77 €",,https://www.spar.si/online/krompirjeve-palcke-spar-125g/p/327033
Spar,sladki in slani prigrizki,cips flips slano pecivo in prigrizki,604925,"SLANE PALČKE POLNJENE Z ARAŠIDI, SPAR, 150G; SPAR slane palčke polnjene z arašidi (24 %) so slasten hrustljav prigrizek.","0,89 €",,https://www.spar.si/online/slane-palcke-polnjene-z-arasidi-spar-150g/p/604925
Spar,sladki in slani prigrizki,cips flips slano pecivo in prigrizki,96159,"SLANE PALČKE, SPAR, 250G; SPAR Slano pecivo - palčke","0,99 €",,https://www.spar.si/online/slane-palcke-spar-250g/p/96159
Spar,sladki in slani prigrizki,cips flips slano pecivo in prigrizki,96161,"MEŠANICA SLANEGA PECIVA SPAR, 250G; Spar mešanica slanega peciva.","1,29 €",,https://www.spar.si/online/mesanica-slanega-peciva-spar-250g/p/96161
Spar,sladki in slani prigrizki,cips flips slano pecivo in prigrizki,21529,"SLANE PRESTICE, SPAR, 200G; SPAR Slano pecivo - prestice","0,89 €",,https://www.spar.si/online/slane-prestice-spar-200g/p/21529
Spar,sladki in slani prigrizki,cips flips slano pecivo in prigrizki,253755,"POKOVKA LAHKA SPAR, 270G; Vsebnost maščobe za 50% zmanjšana v primerjavi z običajno pokovko (Spar Popcorn Original).","1,04 €",,https://www.spar.si/online/pokovka-lahka-spar-270g/p/253755
Spar,sladki in slani prigrizki,cips flips slano pecivo in prigrizki,253756,"POKOVKA SOLJENA ZA MIKROVALOVNO PEČICO, SPAR, 3/1, 300G","0,95 €",,https://www.spar.si/online/pokovka-soljena-za-mikrovalovno-pecico-spar-31-300g/p/253756
Spar,sladki in slani prigrizki,cips flips slano pecivo in prigrizki,517375,"POKOVKA Z OKUSOM MASLA ZA MIKROVALOVNO PEČICO, SPAR, 3/1, 300G","0,95 €",,https://www.spar.si/online/pokovka-z-okusom-masla-za-mikrovalovno-pecico-spar-31-300g/p/517375
Spar,sladki in slani prigrizki,cips flips slano pecivo in prigrizki,489532,"KORUZA ZA POKOVKO DESPAR, 500G; KORUZA ZA PRIPRAVO POKOVKE.","1,49 €",,https://www.spar.si/online/koruza-za-pokovko-despar-500g/p/489532
Spar,sladki in slani prigrizki,cips flips slano pecivo in prigrizki,656862,"KOKICE Z ZELENIM JABOLKOM, POKICA, 70G; Vrnite se v otroške dni z okusom Pokica Funky z zelenim jabolkom! Ta osvežujoča pokovka je pripravljena na vročem zraku brez olja in prinaša pravo eksplozijo sl...","2,79 €",,https://www.spar.si/online/kokice-z-zelenim-jabolkom-pokica-70g/p/656862
Spar,sladki in slani prigrizki,cips flips slano pecivo in prigrizki,97312,"SLANI KREKERJI, BREZ ZRN SOLI NA POVRŠINI, DESPAR, 500G","1,69 €",,https://www.spar.si/online/slani-krekerji-brez-zrn-soli-na-povrsini-despar-500g/p/97312
Spar,sladki in slani prigrizki,cips flips slano pecivo in prigrizki,97300,"KREKERJI S SOLJO, DESPAR, 500G; KREKERJI, POTRESENI S SOLJO","1,69 €",,https://www.spar.si/online/krekerji-s-soljo-despar-500g/p/97300
Spar,sladki in slani prigrizki,cips flips slano pecivo in prigrizki,448349,"SIROVI KREKREJI BREZ GLUTENA SPAR FREE FROM, 80G; Prigrizek s sirom brez glutena.","1,89 €",,https://www.spar.si/online/sirovi-krekreji-brez-glutena-spar-free-from-80g/p/448349
Spar,sladki in slani prigrizki,cips flips slano pecivo in prigrizki,448334,"MINI KREKERJI BREZ GLUTENA SPAR FREE FROM, 125G; Pečeni prigrizek z rožmarinom in čebulo brez glutena. Brez konzervansov.","2,39 €",,https://www.spar.si/online/mini-krekerji-brez-glutena-spar-free-from-125g/p/448334
Spar,sladki in slani prigrizki,cips flips slano pecivo in prigrizki,649586,"SLANI KREKERJI, S-BUDGET, 350G","1,89 €",,https://www.spar.si/online/slani-krekerji-s-budget-350g/p/649586
Spar,sladki in slani prigrizki,cips flips slano pecivo in prigrizki,368723,"KORUZNI TORTILJA ČIPS SIR SPAR, 125G","0,99 €",,https://www.spar.si/online/koruzni-tortilja-cips-sir-spar-125g/p/368723
Spar,sladki in slani prigrizki,cips flips slano pecivo in prigrizki,253780,"TORTILJA ČIPS ORIGINAL, SPAR, 200G","1,19 €",,https://www.spar.si/online/tortilja-cips-original-spar-200g/p/253780
Spar,sladki in slani prigrizki,cips flips slano pecivo in prigrizki,368730,"KORUZNI TORTILJA ČIPS NACHO SIR, SPAR, 200G","1,29 €",,https://www.spar.si/online/koruzni-tortilja-cips-nacho-sir-spar-200g/p/368730
Spar,sladki in slani prigrizki,cips flips slano pecivo in prigrizki,559836,"BIO TORTILLA ČIPS, SPAR NATUR*PUR, 125G","1,45 €",,https://www.spar.si/online/bio-tortilla-cips-spar-naturpur-125g/p/559836
Spar,sladki in slani prigrizki,cips flips slano pecivo in prigrizki,635627,"KORUZNI TORTILLA ČIPS SOLJEN TOTOPOS, MEXIFOODS, 500G; Tortila koruzni čips - za prigrizke ob nacho sirovi omaki in zelenjavni salsi, za juhe (namesto jušnih kroglic), kot samostojen prigrizek.","5,69 €",,https://www.spar.si/online/koruzni-tortilla-cips-soljen-totopos-mexifoods-500g/p/635627
